"Created Date","Order ID","Query Class","Query Category","Product Name","SKU","Batch Number","Delivery Partner","Month","Week","Source"
"12/1/2025","5651972","Product","Product Not Effective","Sweet Escape Perfume Body Lotion - 300ml","MCaf370","","Shadowfax","12_Dec'25","12_Dec Week 1","email"
"12/2/2025","5651972","Product","Change in Smell","Brightening Body Wash | 5% Niacinamide & Raspberry Extracts (300ml)","MCaf383_WB","PT5B012","Shadowfax","12_Dec'25","12_Dec Week 1","email"
"12/6/2025","5983119","Product","Change in consistency","Velvet Blur Matte Liquid Lipstick - Muted Rose","MCaf309","","Xpressbees","12_Dec'25","12_Dec Week 1","email"
"12/23/2025","6625287","Product","Others","By the Blues Brightening Perfume Body Lotion - 300ml","MCaf401","","","12_Dec'25","12_Dec Week 4","whatsapp"
"12/29/2025","6632246","Product","Product Not Effective","Detan & Oil Control Coffee Sunscreen SPF 50 PA++++ 50 ml","mcaf145_N","","","12_Dec'25","12_Dec Week 5","whatsapp"
"12/1/2025","6882700","Product","Change in Smell","Choco Body Butter - 250g","MCaf48","CBB-168","DELHIVERY","12_Dec'25","12_Dec Week 1","whatsapp"
"12/2/2025","6929443","Product","Change in consistency","Cosmic Craze Holographic Eyeliner - Disco Dreams","mcaf347","MELH002","Shadowfax","12_Dec'25","12_Dec Week 1","whatsapp"
"12/2/2025","6920175","Product","Change in consistency","Exfoliating Coffee Bathing Soap Trio - Value Pack - 75 g x 3","CMB217","","DELHIVERY","12_Dec'25","12_Dec Week 1","whatsapp"
"12/2/2025","6848356","Product","Reacted - Skin Rashes","By the Blues Brightening Perfume Body Lotion - 300ml","MCaf401","DNAK5157U","DELHIVERY","12_Dec'25","12_Dec Week 1","whatsapp"
"12/2/2025","6712937","Product","Product Not Effective","Choco Tinted Lip Balm with Berries - 4.5g","MCaf240","","DELHIVERY","12_Dec'25","12_Dec Week 1","whatsapp"
"12/2/2025","Fien338590","Product","Others","Sweet Escape Perfume Body Lotion - 300ml","MCaf370","","","12_Dec'25","12_Dec Week 1","instagram"
"12/3/2025","6907404","Product","Reacted-Skin Irritation","Super Glow Flash Facial 25% AHA+BHA+PHA Face Mask - 50gm","mcaf375","","DELHIVERY","12_Dec'25","12_Dec Week 1","whatsapp"
"12/3/2025","6955224","Product","Others","Sweet Escape Perfume Body Lotion - 300ml","MCaf370","","Xpressbees","12_Dec'25","12_Dec Week 1","whatsapp"
"12/4/2025","6942876","Product","Reacted-Skin Irritation","Super Glow Flash Facial 25% AHA+BHA+PHA Face Mask - 50gm","mcaf375","","","12_Dec'25","12_Dec Week 1","email"
"12/9/2025","6863877","Product","Reacted-Skin Irritation","Brightening Body Wash | 5% Niacinamide & Raspberry Extracts (300ml)","MCaf383_WB","","DELHIVERY","12_Dec'25","12_Dec Week 2","whatsapp"
"12/6/2025","6906172","Product","Others","Super Glow Flash Facial 25% AHA+BHA+PHA Face Mask - 50gm","mcaf375","","Shadowfax","12_Dec'25","12_Dec Week 1","email"
"12/7/2025","6953269","Product","Reacted-Acne/Pimples","Coffee Face Wash 50 ml","50MCaf41_WB_F","","Shadowfax","12_Dec'25","12_Dec Week 1","instagram"
"12/11/2025","6749981","Product","Reacted-Skin Irritation","Coffee Face Scrub with Walnut - 100 g","MCaf42","","DELHIVERY","12_Dec'25","12_Dec Week 2","whatsapp"
"12/10/2025","6869129","Product","Reacted - Skin Rashes","Water Light Gel Oil-free Coffee Moisturizer","MCaf83_N","","DELHIVERY","12_Dec'25","12_Dec Week 2","whatsapp"
"12/11/2025","6869129","Product","Change in Smell","Water Light Gel Oil-free Coffee Moisturizer","MCaf83_N","","DELHIVERY","12_Dec'25","12_Dec Week 2","email"
"12/13/2025","6927695","Product","Reacted - Skin Rashes","Detan & Oil Control Coffee Sunscreen SPF 50 PA++++ 50 ml","mcaf145_N","","Xpressbees","12_Dec'25","12_Dec Week 2","instagram"
"12/18/2025","6928003","Product","Others","Detan & Oil Control Coffee Sunscreen SPF 50 PA++++ 50 ml","mcaf145_N","","DELHIVERY","12_Dec'25","12_Dec Week 3","email"
"12/29/2025","6734275","Product","Product Not Effective","Coffee Body Scrub - 100 g","MCaf40","MCBS-873","","12_Dec'25","12_Dec Week 5","whatsapp"
"12/3/2025","6967832","Product","Reacted-Skin Irritation","Guava Tini De-Tan Body Wash - 300 ml","Mcaf396_WB","","Shadowfax","12_Dec'25","12_Dec Week 1","whatsapp"
"12/3/2025","6961922","Product","Reacted-Skin Irritation","Sweet Escape Perfume Body Lotion - 300ml","MCaf370","AMSEl-228","Pidge","12_Dec'25","12_Dec Week 1","whatsapp"
"12/5/2025","6990521","Product","Reacted-Skin Irritation","Super Glow Flash Facial 25% AHA+BHA+PHA Face Mask - 50gm","mcaf375","NAK5106F","ElasticRun","12_Dec'25","12_Dec Week 1","whatsapp"
"12/6/2025","6977702","Product","Others","By the Blues Brightening Perfume Body Lotion - 300ml","MCaf401","ENGA5002","DELHIVERY","12_Dec'25","12_Dec Week 1","whatsapp"
"12/7/2025","7007615","Product","Change in Smell","Brightening Raspberry Body Scrub | Vit C Rich - 175g","MCaf382_WB","","Shadowfax","12_Dec'25","12_Dec Week 1","email"
"12/6/2025","6893071","Product","Texture Issue","Berries Brightening Coffee Face Scrub - 75 gm","MCaf369","","Shadowfax","12_Dec'25","12_Dec Week 1","email"
"12/10/2025","7013657","Product","Change in consistency","Cosmic Craze Holographic Eyeliner - Disco Dreams","mcaf347","","DELHIVERY","12_Dec'25","12_Dec Week 2","voiceCall"
"12/12/2025","7009918","Product","Presence of foreign particles(Hair/glass/pins)","Coffee Body Scrub - 100 g","MCaf40","MCBS-886","DELHIVERY","12_Dec'25","12_Dec Week 2","instagram"
"12/11/2025","6978509","Product","Others","Guava Tini De-Tan Body Wash - 300 ml","Mcaf396_WB","","DELHIVERY","12_Dec'25","12_Dec Week 2","whatsapp"
"12/11/2025","7020488","Product","Change in Smell","Summer Breeze Perfume Body Lotion - 300ml","MCaf371","","DELHIVERY","12_Dec'25","12_Dec Week 2","whatsapp"
"12/15/2025","7037687","Product","Others","Sweet Escape Perfume Body Lotion - 300ml","MCaf370","AMSEL-244","DELHIVERY","12_Dec'25","12_Dec Week 3","whatsapp"
"12/17/2025","6961379","Product","Change in Smell","Choco Body Butter - 250g","MCaf48","","","12_Dec'25","12_Dec Week 3","whatsapp"
"12/17/2025","7052738","Product","Change in Smell","Coffee Body Polishing Oil - 100 ml","MCaf64","","","12_Dec'25","12_Dec Week 3","whatsapp"
"12/17/2025","7025064","Product","Change in Smell","Exfoliating Caramel Crunch Body Wash - 300 ml","Mcaf397_WB","","","12_Dec'25","12_Dec Week 3","email"
"12/17/2025","7010022","Product","Others","Summer Breeze Perfume Body Lotion - 300ml","MCaf371","","","12_Dec'25","12_Dec Week 3","email"
"12/18/2025","7097119","Product","Change in Smell","Summer Breeze Perfume Body Lotion - 300ml","MCaf371","","DELHIVERY","12_Dec'25","12_Dec Week 3","email"
"12/17/2025","7029275","Product","Product Not Effective","Coffee Hydrogel Under Eye Patches with Caffeine & HA - 15 Pairs","15MCaf177","","Pidge","12_Dec'25","12_Dec Week 3","whatsapp"
"12/19/2025","Fien402820","Product","Product Not Effective","Perfume Gift Set for Men Curated by Women - 20 ml x 4","MGKIT64_SWM","","","12_Dec'25","12_Dec Week 3","whatsapp"
"12/19/2025","7103523","Product","Change in Smell","Blueberry Swirl Serum In Body Lotion With Niacinamide","MCaf298_WB","","","12_Dec'25","12_Dec Week 3","whatsapp"
"12/18/2025","7087043","Product","Reacted-Skin Irritation","Super Glow Flash Facial 25% AHA+BHA+PHA Face Mask - 50gm","mcaf375","","","12_Dec'25","12_Dec Week 3","whatsapp"
"12/18/2025","7097137","Product","Change in Smell","Sweet Escape Perfume Body Lotion - 300ml","MCaf370","","","12_Dec'25","12_Dec Week 3","email"
"12/19/2025","7088734","Product","Change in Smell","Sweet Escape Perfume Body Lotion - 300ml","MCaf370","","","12_Dec'25","12_Dec Week 3","whatsapp"
"12/19/2025","7120818","Product","Change in Smell","By the Blues Brightening Perfume Body Lotion - 300ml","MCaf401","","DELHIVERY","12_Dec'25","12_Dec Week 3","email"
"12/19/2025","N/A","Product","Others","","","","","12_Dec'25","12_Dec Week 3","whatsapp"
"12/22/2025","7108113","Product","Reacted-Skin Irritation","Brightening Face Wash - 1% Kojic Acid & Glutathione","MCaf299","SMC250110","Shadowfax","12_Dec'25","12_Dec Week 4","whatsapp"
"12/21/2025","7108113","Product","Reacted-Skin Irritation","Brightening Face Wash - 1% Kojic Acid & Glutathione","MCaf299","SMC250110","Shadowfax","12_Dec'25","12_Dec Week 3","whatsapp"
"12/17/2025","7077199","Product","Others","By the Blues Brightening Perfume Body Lotion - 300ml","MCaf401","DNAK5166U","Shadowfax","12_Dec'25","12_Dec Week 3","whatsapp"
"12/22/2025","7112629","Product","Reacted-Skin Irritation","Super Glow Flash Facial 25% AHA+BHA+PHA Face Mask - 50gm","mcaf375","NAK5051F","DELHIVERY","12_Dec'25","12_Dec Week 4","whatsapp"
"12/14/2025","6989023","Product","Others","By the Blues Brightening Perfume Body Lotion - 300ml","MCaf401","","Shadowfax","12_Dec'25","12_Dec Week 2","email"
"12/22/2025","7103639","Product","Change in Smell","Coffee Body Scrub - 100 g","MCaf40","","","12_Dec'25","12_Dec Week 4","email"
"12/23/2025","6972867","Product","Change in consistency","By the Blues Brightening Perfume Body Lotion - 300ml","MCaf401","ENGA5002","","12_Dec'25","12_Dec Week 4","whatsapp"
"12/22/2025","7056370","Product","Reacted-Skin Irritation","Super Glow Flash Facial 25% AHA+BHA+PHA Face Mask - 50gm","mcaf375","","","12_Dec'25","12_Dec Week 4","email"
"12/15/2025","7131962","Product","Change in consistency","Cosmic Craze Holographic Eyeliner - Prism Shift","Mcaf348","MELH003","","12_Dec'25","12_Dec Week 3","whatsapp"
"12/21/2025","7120860","Product","Change in Smell","Guava Tini De-Tan Body Wash - 25ml","25SMCaf396_F","","","12_Dec'25","12_Dec Week 3","whatsapp"
"12/24/2025","7186325","Product","Change in Smell","Sweet Escape Perfume Body Lotion - 300ml","MCaf370","","","12_Dec'25","12_Dec Week 4","whatsapp"
"12/22/2025","FIEN395840","Product","Change in Smell","Sweet Escape Perfume Body Lotion - 300ml","MCaf370","AMSEL-156","","12_Dec'25","12_Dec Week 4","instagram"
"12/23/2025","7138675","Product","Others","Summer Breeze Perfume Body Lotion - 300ml","MCaf371","BB054","","12_Dec'25","12_Dec Week 4","whatsapp"
"12/23/2025","SO1620","Product","Others","Coffee Face Wash - 100 ml","MCaf41","","","12_Dec'25","12_Dec Week 4","whatsapp"
"12/22/2025","7111052","Product","Others","Choco Tinted Lip Balm with Berries - 4.5g","MCaf240","L21601","","12_Dec'25","12_Dec Week 4","whatsapp"
"12/26/2025","7076407","Product","Product Not Effective","Sweet Escape Perfume Body Lotion - 300ml","MCaf370","ENGE5011","","12_Dec'25","12_Dec Week 4","whatsapp"
"12/26/2025","7190156","Product","Change in Smell","Summer Breeze Perfume Body Lotion - 300ml","MCaf371","","","12_Dec'25","12_Dec Week 4","instagram"
"12/25/2025","7190156","Product","Change in Smell","Summer Breeze Perfume Body Lotion - 300ml","MCaf371","","","12_Dec'25","12_Dec Week 4","instagram"
"12/27/2025","7208734","Product","Change in consistency","By the Blues Brightening Perfume Body Lotion - 300ml","MCaf401","","","12_Dec'25","12_Dec Week 4","email"
"12/28/2025","7210272","Product","Texture Issue","By the Blues Brightening Perfume Body Lotion - 300ml","MCaf401","ENGA5013","","12_Dec'25","12_Dec Week 4","whatsapp"
"12/26/2025","7205859","Product","Texture Issue","Velvet Blur Matte Liquid Lipstick - Iconic Pink","MCaf331","MCO403","","12_Dec'25","12_Dec Week 4","whatsapp"
"12/27/2025","7151904","Product","Others","Coffee Body Scrub - 100 g","MCaf40","","","12_Dec'25","12_Dec Week 4","whatsapp"
"12/27/2025","7184380","Product","Change in consistency","Green Tea & 15% Vitamin C Face Serum - 30 ml","MCaf189","","","12_Dec'25","12_Dec Week 4","whatsapp"
"12/29/2025","7038607","Product","Disatisfied-Smell","Cherry Wine Perfume for Women - Citrus Sweet - 100ml","MCaf354","B250659","","12_Dec'25","12_Dec Week 5","whatsapp"
"12/29/2025","Fien517720","Product","Change in consistency","By the Blues Brightening Perfume Body Lotion - 300ml","MCaf401","","","12_Dec'25","12_Dec Week 5","whatsapp"
"12/28/2025","7188427","Product","Change in consistency","By the Blues Brightening Perfume Body Lotion - 300ml","MCaf401","","","12_Dec'25","12_Dec Week 4","whatsapp"
"12/29/2025","7216482","Product","Change in Smell","Sweet Escape Perfume Body Lotion - 300ml","MCaf370","ENGE5014","","12_Dec'25","12_Dec Week 5","whatsapp"
"12/28/2025","7208773","Product","Change in consistency","By the Blues Brightening Perfume Body Lotion - 300ml","MCaf401","","","12_Dec'25","12_Dec Week 4","email"
"12/29/2025","7100705","Product","Change in consistency","Cosmic Craze Holographic Eyeliner - Disco Dreams","mcaf347","","","12_Dec'25","12_Dec Week 5","whatsapp"
"12/30/2025","7218052","Product","Change in consistency","By the Blues Brightening Perfume Body Lotion - 300ml","MCaf401","ENGAS013","","12_Dec'25","12_Dec Week 5","whatsapp"
"12/29/2025","7071297","Product","Product Not Effective","Coffee Hydrogel Under Eye Patches with Caffeine & HA - 15 Pairs","15MCaf177","","","12_Dec'25","12_Dec Week 5","email"
"12/27/2025","7129900","Product","Disatisfied-Smell","By the Blues Brightening Perfume Body Lotion - 300ml","MCaf401","","","12_Dec'25","12_Dec Week 4","email"
"12/31/2025","7229648","Product","Change in consistency","By the Blues Brightening Perfume Body Lotion - 300ml","MCaf401","ENGA5019","","12_Dec'25","12_Dec Week 5","whatsapp"
"12/29/2025","7170464","Product","Product Not Effective","10% Magnesium Body Lotion - 300ml","Mcaf398","BNAK5147T","","12_Dec'25","12_Dec Week 5","instagram"
"12/31/2025","7188427","Product","Change in consistency","By the Blues Brightening Perfume Body Lotion - 300ml","MCaf401","","","12_Dec'25","12_Dec Week 5","whatsapp"
"12/30/2025","7215425","Product","Disatisfied-Smell","By the Blues Brightening Perfume Body Lotion - 300ml","MCaf401","ENGA5010","","12_Dec'25","12_Dec Week 5","whatsapp"
"12/25/2025","7178180","Product","Reacted-Skin Irritation","Guava Tini De-Tan Body Wash - 300 ml","Mcaf396_WB","JNGB5005","","12_Dec'25","12_Dec Week 4","email"
"12/27/2025","7199688","Product","Product Not Effective","By the Blues Brightening Perfume Body Lotion - 300ml","MCaf401","","","12_Dec'25","12_Dec Week 4","instagram"
"12/8/2025","N/A","Product","Reacted - Skin Rashes","","","","","12_Dec'25","12_Dec Week 2","whatsapp"
"12/12/2025","NA","Product","Others","","","","","12_Dec'25","12_Dec Week 2","email"
"12/16/2025","N/A","Product","Product Not Effective","","","","","12_Dec'25","12_Dec Week 3","voiceCall"
"12/17/2025","N/A","Product","Reacted-Skin Irritation","","","","","12_Dec'25","12_Dec Week 3","email"
"12/17/2025","706050","Product","Reacted - Skin Rashes","Coffee Under Eye Cream - 15 ml","15MCaf62","","","12_Dec'25","12_Dec Week 3","whatsapp"
"12/18/2025","N/A","Product","Reacted-Skin Irritation","","","","","12_Dec'25","12_Dec Week 3","email"
"12/19/2025","7054583","Product","Reacted - Skin Rashes","By the Blues Brightening Perfume Body Lotion - 300ml","MCaf401","","","12_Dec'25","12_Dec Week 3","email"
"12/16/2025","6134303","Product","Change in Smell","Summer Breeze Perfume Body Lotion - 300ml","MCaf371","","","12_Dec'25","12_Dec Week 3","instagram"
"12/22/2025","N/A","Product","Reacted - Skin Rashes","","","","","12_Dec'25","12_Dec Week 4","email"
"12/22/2025","ECOMMERCE","Product","Texture Issue","","","","","12_Dec'25","12_Dec Week 4","whatsapp"
"12/21/2025","N/A","Product","Others","","","","","12_Dec'25","12_Dec Week 3","whatsapp"
"12/23/2025","N/A","Product","Reacted - Skin Rashes","","","","","12_Dec'25","12_Dec Week 4","email"
"12/22/2025","SO1635","Product","Change in consistency","","","","","12_Dec'25","12_Dec Week 4","email"
"12/29/2025","ECOMMERCE","Product","Reacted-Skin Irritation","Coffee Under Eye Cream - 15 ml","15MCaf62","B5035","","12_Dec'25","12_Dec Week 5","whatsapp"
"1/1/2026","Fien425320","Product","Reacted - Skin Rashes","By the Blues Brightening Perfume Body Lotion - 300ml","MCaf401","ENGA5006","","1_Jan'26","1_Jan Week 1","email"
"1/2/2026","7234170","Product","Disatisfied-Smell","Sweet Escape Perfume Body Lotion - 300ml","MCaf370","ENGE5016","","1_Jan'26","1_Jan Week 1","whatsapp"
"1/1/2026","7223342","Product","Reacted-Skin Irritation","Green Tea & 15% Vitamin C Face Serum - 30 ml","MCaf189","MGV-033","","1_Jan'26","1_Jan Week 1","whatsapp"
"1/4/2026","7228755","Product","Change in consistency","Brightening Raspberry Body Scrub | Vit C Rich - 175g","MCaf382_WB","B155","","1_Jan'26","1_Jan Week 1","email"
"1/4/2026","7106502","Product","Change in consistency","Coffee Face Wash - 100 ml","MCaf41","MCFW607","","1_Jan'26","1_Jan Week 1","whatsapp"
"1/4/2026","7106502","Product","Change in consistency","Coffee Face Wash - 100 ml","MCaf41","MCFW607","","1_Jan'26","1_Jan Week 1","whatsapp"
"1/3/2026","6497540","Product","Product Not Effective","By the Blues Brightening Perfume Body Lotion - 300ml","MCaf401","BB002","","1_Jan'26","1_Jan Week 1","whatsapp"
"1/4/2026","7225656","Product","Change in consistency","Cosmic Craze Holographic Eyeliner - Prism Shift","Mcaf348","","","1_Jan'26","1_Jan Week 1","email"
"1/5/2026","7055777","Product","Others","Brightening Face Wash - 1% Kojic Acid & Glutathione","MCaf299","SMC25009","","1_Jan'26","1_Jan Week 1","whatsapp"
"1/4/2026","N/A","Product","Reacted - Skin Rashes","","","","","1_Jan'26","1_Jan Week 1","whatsapp"
"1/5/2026","ECOMMERCE","Product","Change in consistency","Coffee Body Lotion with Shea Butter for Non-Greasy Moisturization & Soft Skin - 250ml","250MCaf59_WB","","","1_Jan'26","1_Jan Week 1","email"
"12/21/2025","7145487","Product","Others","Brightening Raspberry Rush Body Wash","25SmCaf383_WB","","","12_Dec'25","12_Dec Week 3","email"
"1/4/2026","7179527","Product","Change in consistency","By the Blues Brightening Perfume Body Lotion - 300ml","MCaf401","","","1_Jan'26","1_Jan Week 1","whatsapp"
"1/6/2026","7271317","Product","Disatisfied-Smell","007 Perfume for Men - Oriental Oud - 100ml","MCaf349","","","1_Jan'26","1_Jan Week 1","whatsapp"
"1/6/2026","7258130","Product","Change in consistency","By the Blues Brightening Perfume Body Lotion - 300ml","MCaf401","ENGAS014","","1_Jan'26","1_Jan Week 1","whatsapp"
"1/6/2026","7268748","Product","Change in consistency","By the Blues Brightening Perfume Body Lotion - 300ml","MCaf401","ENGAS002","","1_Jan'26","1_Jan Week 1","whatsapp"
"1/6/2026","7271149","Product","Change in Smell","Brightening Raspberry SPF 50 PA+++ Body Sunscreen Lotion - 200 ml","MCaf385","NAK5086R","","1_Jan'26","1_Jan Week 1","whatsapp"
"1/6/2026","N/A","Product","Formation of Fungus","","","","","1_Jan'26","1_Jan Week 1","voiceCall"
"1/5/2026","7258547","Product","Others","Velvet Blur Matte Liquid Lipstick - Rosewood","MCaf311","MC0302","","1_Jan'26","1_Jan Week 1","whatsapp"
"1/6/2026","7255223","Product","Reacted-Skin Irritation","Sweet Escape Perfume Body Lotion - 300ml","MCaf370","ENAK5173E","DELHIVERY","1_Jan'26","1_Jan Week 1","whatsapp"
"1/6/2026","7114009","Product","Reacted-Skin Irritation","Brightening Raspberry Rush Body Wash","25SmCaf383_WB","MBRB-035","DELHIVERY","1_Jan'26","1_Jan Week 1","whatsapp"
"1/7/2026","7260846","Product","Disatisfied-Smell","Sweet Escape Perfume Body Lotion - 300ml","MCaf370","ENGE5007","DELHIVERY","1_Jan'26","1_Jan Week 1","whatsapp"
"1/8/2026","7267533","Product","Change in consistency","By the Blues Brightening Perfume Body Lotion - 300ml","MCaf401","","","1_Jan'26","1_Jan Week 2","email"
"1/8/2026","7266144","Product","Change in consistency","By the Blues Brightening Perfume Body Lotion - 300ml","MCaf401","","","1_Jan'26","1_Jan Week 2","whatsapp"
"1/7/2026","7265552","Product","Change in consistency","Green Tea Face Wash with Vitamin C & Hyaluronic Acid - 100 ml","MCaf53","B5003","","1_Jan'26","1_Jan Week 1","whatsapp"
"1/7/2026","7281882","Product","Change in consistency","By the Blues Brightening Perfume Body Lotion - 300ml","MCaf401","ENGA5023","","1_Jan'26","1_Jan Week 1","whatsapp"
"1/7/2026","7267533","Product","Change in consistency","By the Blues Brightening Perfume Body Lotion - 300ml","MCaf401","ENGA5023","","1_Jan'26","1_Jan Week 1","email"
"1/7/2026","7272528","Product","Change in consistency","By the Blues Brightening Perfume Body Lotion - 300ml","MCaf401","","","1_Jan'26","1_Jan Week 1","email"
"1/7/2026","7291503","Product","Change in consistency","By the Blues Brightening Perfume Body Lotion - 300ml","MCaf401","ENGA5003","","1_Jan'26","1_Jan Week 1","whatsapp"
"1/9/2026","7073917","Product","Others","Choco Body Butter - 250g","MCaf48","CBB-172","","1_Jan'26","1_Jan Week 2","whatsapp"
"1/9/2026","7280280","Product","Change in consistency","By the Blues Brightening Perfume Body Lotion - 300ml","MCaf401","","","1_Jan'26","1_Jan Week 2","whatsapp"
"1/9/2026","7304138","Product","Change in consistency","Sweet Escape Perfume Body Lotion - 300ml","MCaf370","AMSEL-280","","1_Jan'26","1_Jan Week 2","whatsapp"
"1/8/2026","7303913","Product","Disatisfied-Smell","Magnetic Perfume for Men - Aquatic - 100ml","MCaf352","B250296","","1_Jan'26","1_Jan Week 2","whatsapp"
"1/8/2026","7290676","Product","Disatisfied-Smell","Sweet Escape Perfume Body Lotion - 300ml","MCaf370","AMSEL-236","","1_Jan'26","1_Jan Week 2","whatsapp"
"1/8/2026","7245288","Product","Disatisfied-Smell","By the Blues Brightening Perfume Body Lotion - 300ml","MCaf401","ENGA5017","","1_Jan'26","1_Jan Week 2","whatsapp"
"1/11/2026","7267533","Product","Change in consistency","By the Blues Brightening Perfume Body Lotion - 300ml","MCaf401","","","1_Jan'26","1_Jan Week 2","email"
"1/11/2026","7310227","Product","Change in consistency","By the Blues Brightening Perfume Body Lotion - 300ml","MCaf401","ENGA5021","","1_Jan'26","1_Jan Week 2","whatsapp"
"1/9/2026","7293568","Product","Change in consistency","Cosmic Craze Holographic Eyeliner - Disco Dreams","mcaf347","","","1_Jan'26","1_Jan Week 2","whatsapp"
"1/8/2026","7270970","Product","Change in consistency","By the Blues Brightening Perfume Body Lotion - 300ml","MCaf401","ENGA5024","","1_Jan'26","1_Jan Week 2","email"
"1/10/2026","7302717","Product","Change in consistency","Sweet Escape Perfume Body Lotion - 300ml","MCaf370","AMSEL-280","","1_Jan'26","1_Jan Week 2","whatsapp"
"1/10/2026","7236367","Product","Product Not Effective","Guava Tini De-Tan Body Wash - 300 ml","Mcaf396_WB","MGTB-127","","1_Jan'26","1_Jan Week 2","whatsapp"
"1/9/2026","7297123","Product","Change in consistency","Sweet Escape Perfume Body Lotion - 300ml","MCaf370","AMSEL-279","","1_Jan'26","1_Jan Week 2","whatsapp"
"1/10/2026","7269641","Product","Reacted-Skin Irritation","Blueberry Swirl Serum In Body Lotion with Niacinamide & Cocoa Butter| 72Hrs Deep Moisturization","MCaf298_WB_F","","","1_Jan'26","1_Jan Week 2","whatsapp"
"1/10/2026","7236367","Product","Product Not Effective","Guava Tini De-Tan Body Wash - 300 ml","Mcaf396_WB","MGTB-127","","1_Jan'26","1_Jan Week 2","whatsapp"
"1/12/2026","7273515","Product","Change in consistency","By the Blues Brightening Perfume Body Lotion - 300ml","MCaf401","ENGA5003","Delhivery","1_Jan'26","1_Jan Week 2","whatsapp"
"1/12/2026","7186241","Product","Burning Sensation","Super Glow Flash Facial 25% AHA+BHA+PHA Face Mask - 50gm","mcaf375","","Shadowfax","1_Jan'26","1_Jan Week 2","whatsapp"
"1/11/2026","7296484","Product","Change in consistency","By the Blues Brightening Perfume Body Lotion - 300ml","MCaf401","ENGA5021","Delhivery","1_Jan'26","1_Jan Week 2","whatsapp"
"1/12/2026","7312524","Product","Change in consistency","By the Blues Brightening Perfume Body Lotion - 300ml","MCaf401","ENGA5021","Delhivery","1_Jan'26","1_Jan Week 2","whatsapp"
"1/10/2026","SO1704","Product","Change in consistency","Coffee Under Eye Cream - 15 ml","15MCaf62","","","1_Jan'26","1_Jan Week 2","whatsapp"
"1/11/2026","7288540","Product","Change in consistency","Summer Breeze Perfume Body Lotion - 300ml","MCaf371","ENAK5131P","Delhivery","1_Jan'26","1_Jan Week 2","whatsapp"
"1/12/2026","7247462","Product","Change in consistency","By the Blues Brightening Perfume Body Lotion - 300ml","MCaf401","","","1_Jan'26","1_Jan Week 2","email"
"1/13/2026","7241832","Product","Reacted-Skin Irritation","Green Tea Face Wash with Vitamin C & Hyaluronic Acid - 100 ml","MCaf53","NAK5165G","Delhivery","1_Jan'26","1_Jan Week 2","whatsapp"
"1/13/2026","7317958","Product","Change in consistency","By the Blues Brightening Perfume Body Lotion - 300ml","MCaf401","ENGA5021","Xpressbees","1_Jan'26","1_Jan Week 2","email"
"1/13/2026","7158481","Product","Reacted-Skin Irritation","Guava Tini De-Tan Body Wash - 300 ml","Mcaf396_WB","DNG85002","Shadowfax","1_Jan'26","1_Jan Week 2","email"
"1/13/2026","7318540","Product","Change in consistency","By the Blues Brightening Perfume Body Lotion - 300ml","MCaf401","","Xpressbees","1_Jan'26","1_Jan Week 2","whatsapp"
"1/12/2026","7321456","Product","Change in consistency","By the Blues Brightening Perfume Body Lotion - 300ml","MCaf401","ENGAG5021","Shadowfax","1_Jan'26","1_Jan Week 2","whatsapp"
"1/14/2026","7115112","Product","Reacted-Skin Irritation","Coffee Under Eye Cream - 15 ml","15MCaf62","B5111","","1_Jan'26","1_Jan Week 2","whatsapp"
"1/13/2026","7294038","Product","Change in consistency","Summer Breeze Perfume Body Lotion - 300ml","MCaf371","ENGF5001","","1_Jan'26","1_Jan Week 2","whatsapp"
"1/14/2026","7170464","Product","Disatisfied-Smell","Sweet Escape Perfume Body Lotion - 300ml","MCaf370","","","1_Jan'26","1_Jan Week 2","whatsapp"
"1/14/2026","7201838","Product","Change in consistency","Guava Tini De-Tan Body Wash - 300 ml","Mcaf396_WB","DNGB5004","","1_Jan'26","1_Jan Week 2","whatsapp"
"1/8/2026","7235406","Product","Reacted-Skin Irritation","Brightening Raspberry SPF 50 PA+++ Body Sunscreen Lotion - 200 ml","MCaf385","","","1_Jan'26","1_Jan Week 2","email"
"1/13/2026","ECOMMERCE","Product","Texture Issue","Sweet Escape Perfume Body Lotion - 300ml","MCaf370","AMSEL-262","","1_Jan'26","1_Jan Week 2","email"
"1/11/2026","7312116","Product","Change in consistency","Exfoliating Caramel Crunch Body Wash - 300 ml","Mcaf397_WB","DNGC5003","","1_Jan'26","1_Jan Week 2","email"
"1/13/2026","7206442","Product","Reacted-Skin Irritation","Coffee Face Wash - 100 ml","MCaf41","MCFW608","","1_Jan'26","1_Jan Week 2","whatsapp"
"1/14/2026","7277335","Product","Reacted-Skin Irritation","Coffee Under Eye Cream - 15 ml","15MCaf62","B5111","","1_Jan'26","1_Jan Week 2","whatsapp"
"1/15/2026","7328949","Product","Change in consistency","By the Blues Brightening Perfume Body Lotion - 300ml","MCaf401","","","1_Jan'26","1_Jan Week 3","whatsapp"
"1/14/2026","7321007","Product","Change in consistency","By the Blues Brightening Perfume Body Lotion - 300ml","MCaf401","","","1_Jan'26","1_Jan Week 2","email"
"1/14/2026","Fien594640","Product","Change in consistency","By the Blues Brightening Perfume Body Lotion - 300ml","MCaf401","ENGA5024","","1_Jan'26","1_Jan Week 2","whatsapp"
"1/15/2026","7296355","Product","Change in consistency","Sweet Escape Perfume Body Lotion - 300ml","MCaf370","ENAK5178E","","1_Jan'26","1_Jan Week 3","whatsapp"
"1/16/2026","7330876","Product","Texture Issue","Sweet Escape Perfume Body Lotion - 300ml","MCaf370","AMSEL-311","Delhivery","1_Jan'26","1_Jan Week 3","email"
"1/15/2026","6968f4a7631bba7995a12f22","Product","Change in consistency","By the Blues Brightening Perfume Body Lotion - 300ml","MCaf401","ENGA5025","","1_Jan'26","1_Jan Week 3","email"
"1/18/2026","7300382","Product","Change in consistency","Sweet Escape Perfume Body Lotion - 300ml","MCaf370","","Pidge","1_Jan'26","1_Jan Week 3","whatsapp"
"1/17/2026","7334057","Product","Disatisfied-Smell","Summer Breeze Perfume Body Lotion - 300ml","MCaf371","AMSEL - 193","DELHIVERY","1_Jan'26","1_Jan Week 3","email"
"1/18/2026","7230972","Product","Change in consistency","Sweet Escape Perfume Body Lotion - 300ml","MCaf370","","DELHIVERY","1_Jan'26","1_Jan Week 3","whatsapp"
"1/16/2026","7286250","Product","Change in consistency","Sweet Escape Perfume Body Lotion - 300ml","MCaf370","","Shadowfax","1_Jan'26","1_Jan Week 3","whatsapp"
"1/19/2026","7362604","Product","Change in consistency","Velvet Blur Matte Liquid Lipstick - Iconic Pink","MCaf331","MC0403","DELHIVERY","1_Jan'26","1_Jan Week 3","whatsapp"
"1/19/2026","7347189","Product","Disatisfied-Smell","Summer Breeze Perfume Body Lotion - 300ml","MCaf371","ENGF5002","DELHIVERY","1_Jan'26","1_Jan Week 3","whatsapp"
"1/19/2026","7316109","Product","Change in consistency","By the Blues Brightening Perfume Body Lotion - 300ml","MCaf401","ENGA5024","DELHIVERY","1_Jan'26","1_Jan Week 3","whatsapp"
"1/20/2026","7375139","Product","Change in consistency","By the Blues Brightening Perfume Body Lotion - 300ml","MCaf401","ENGAG001","Shadowfax","1_Jan'26","1_Jan Week 3","whatsapp"
"1/20/2026","7317179","Product","Change in consistency","By the Blues Brightening Perfume Body Lotion - 300ml","MCaf401","ENGAS024","Xpressbees","1_Jan'26","1_Jan Week 3","whatsapp"
"1/20/2026","7321134","Product","Texture Issue","Sweet Escape Perfume Body Lotion - 300ml","MCaf370","","Xpressbees","1_Jan'26","1_Jan Week 3","email"
"1/20/2026","7259515","Product","Texture Issue","Intense Ink Waterproof Eyeliner","MCaf336","MELBOO2","DELHIVERY","1_Jan'26","1_Jan Week 3","whatsapp"
"1/19/2026","7321960","Product","Reacted - Skin Rashes","Brightening Raspberry SPF 50 PA+++ Body Sunscreen Lotion - 200 ml","MCaf385","","Blue Dart","1_Jan'26","1_Jan Week 3","whatsapp"
"1/19/2026","Fien626130","Product","Change in consistency","By the Blues Brightening Perfume Body Lotion - 300ml","MCaf401","","","1_Jan'26","1_Jan Week 3","email"
"1/21/2026","7375204","Product","Texture Issue","Sweet Escape Perfume Body Lotion - 300ml","MCaf370","","DELHIVERY","1_Jan'26","1_Jan Week 3","whatsapp"
"1/21/2026","7381613","Product","Change in consistency","Summer Breeze Perfume Body Lotion - 300ml","MCaf371","ENGF5003","Shadowfax","1_Jan'26","1_Jan Week 3","whatsapp"
"1/13/2026","7295345","Product","Product Not Effective","By the Blues Brightening Perfume Body Lotion - 300ml","MCaf401","","DTDC","1_Jan'26","1_Jan Week 2","email"
"1/21/2026","7321714","Product","Reacted-Skin Irritation","2% Salicylic Acid Niacinamide & Matcha Tea Face Wash - 100 ml","MCaf270","","DELHIVERY","1_Jan'26","1_Jan Week 3","whatsapp"
"1/21/2026","7374830","Product","Change in Smell","Sweet Escape Perfume Body Lotion - 15ml","15Smcaf370_WB","","Shadowfax","1_Jan'26","1_Jan Week 3","whatsapp"
"1/23/2026","69233d3b678daa7dbd6afbf4","Product","Disatisfied-Smell","Sweet Escape Perfume Body Lotion - 300ml","MCaf370","AMSEL-284","","1_Jan'26","1_Jan Week 4","instagram"
"1/22/2026","7407146","Product","Reacted-Skin Irritation","Super Glow Flash Facial 25% AHA+BHA+PHA Face Mask - 50gm","mcaf375","NAKS120F","Shadowfax","1_Jan'26","1_Jan Week 4","whatsapp"
"1/22/2026","7398197","Product","Change in Smell","Summer Breeze Perfume Body Lotion - 300ml","MCaf371","ENGF5001","Xpressbees","1_Jan'26","1_Jan Week 4","whatsapp"
"1/21/2026","7396285","Product","Disatisfied-Smell","By the Blues Brightening Perfume Body Lotion - 200ml","200MCaf401_WB","ENGA6004","Shadowfax","1_Jan'26","1_Jan Week 3","whatsapp"
"1/22/2026","7392691","Product","Disatisfied-Smell","Midnight in Bombay Perfume for Men & Women - Woody Gourmand - 100ml","MCaf392","MCaff7392691","Xpressbees","1_Jan'26","1_Jan Week 4","email"
"1/22/2026","Fien650440","Product","Others","Summer Breeze Perfume Body Lotion - 300ml","MCaf371","","","1_Jan'26","1_Jan Week 4","whatsapp"
"1/22/2026","7383555","Product","Change in Smell","By the Blues Brightening Perfume Body Lotion - 300ml","MCaf401","ENGA6009","DELHIVERY","1_Jan'26","1_Jan Week 4","whatsapp"
"1/24/2026","7420073","Product","Change in Smell","Summer Breeze Perfume Body Lotion - 300ml","MCaf371","BB045","Shadowfax","1_Jan'26","1_Jan Week 4","instagram"
"1/24/2026","7399167","Product","Change in Smell","Exfoliating Caramel Crunch Body Wash - 300 ml","Mcaf397_WB","MCCB-059","Xpressbees","1_Jan'26","1_Jan Week 4","whatsapp"
"1/24/2026","Fien668060","Product","Disatisfied-Smell","By the Blues Brightening Perfume Body Lotion - 300ml","MCaf401","","","1_Jan'26","1_Jan Week 4","whatsapp"
"1/23/2026","7403803","Product","Change in consistency","Cosmic Craze Holographic Eyeliner - Prism Shift","Mcaf348","MELH003","Xpressbees","1_Jan'26","1_Jan Week 4","whatsapp"
"1/24/2026","7247062","Product","Change in consistency","Summer Breeze Perfume Body Lotion - 300ml","MCaf371","ENGF5001","DELHIVERY","1_Jan'26","1_Jan Week 4","email"
"1/29/2026","7403387","Product","Change in consistency","By the Blues Brightening Perfume Body Lotion - 300ml","MCaf401","ENGA6001","Xpressbees","1_Jan'26","1_Jan Week 5","whatsapp"
"1/25/2026","7425384","Product","Change in Smell","Super Glow Flash Facial 25% AHA+BHA+PHA Face Mask - 50gm","mcaf375","NAK5109F","Shadowfax","1_Jan'26","1_Jan Week 4","email"
"1/27/2026","Fien687640","Product","Change in consistency","By the Blues Brightening Perfume Body Lotion - 300ml","MCaf401","ENGA6001","Xpressbees","1_Jan'26","1_Jan Week 4","email"
"1/30/2026","7452272","Product","Others","Shimmer Body Butter with Cocoa Butter - 150 g","MCaf234_WB","","Shadowfax","1_Jan'26","1_Jan Week 5","whatsapp"
"1/29/2026","7429723","Product","Disatisfied-Smell","Sweet Escape Perfume Body Lotion - 300ml","MCaf370","ENGE5020","Xpressbees","1_Jan'26","1_Jan Week 5","whatsapp"
"1/29/2026","7442006","Product","Disatisfied-Smell","By the Blues Brightening Perfume Body Lotion - 300ml","MCaf401","ENGA5026","Shadowfax","1_Jan'26","1_Jan Week 5","whatsapp"
"1/28/2026","7363962","Product","Change in consistency","Exfoliating Caramel Crunch Body Wash - 300 ml","Mcaf397_WB","MCCB-060","DELHIVERY","1_Jan'26","1_Jan Week 4","instagram"
"1/31/2026","7440610","Product","Disatisfied-Smell","Summer Breeze Perfume Body Lotion - 300ml","MCaf371","BB065","Xpressbees","1_Jan'26","1_Jan Week 5","whatsapp"
"1/31/2026","Fien711910","Product","Change in Smell","Sweet Escape Perfume Body Lotion - 300ml","MCaf370","AMSEL-309","Xpressbees","1_Jan'26","1_Jan Week 5","whatsapp"
"2/4/2026","7507105","Product","Change in consistency","Sweet Escape Perfume Body Lotion - 300ml","MCaf370","ENGE5015","","2_Feb'26","2_Feb Week 1","whatsapp"
"2/4/2026","7482487","Product","Disatisfied-Smell","10% Magnesium Body Lotion - 300ml","Mcaf398","CNGD5008","DELHIVERY","2_Feb'26","2_Feb Week 1","whatsapp"
"1/30/2026","7215141","Product","Reacted-Skin Irritation","Super Glow Flash Facial 25% AHA+BHA+PHA Face Mask - 50gm","mcaf375","","","1_Jan'26","1_Jan Week 5","instagram"
"2/3/2026","7412901","Product","Product Not Effective","10% Magnesium Body Lotion - 300ml","Mcaf398","","","2_Feb'26","2_Feb Week 1","email"
"2/5/2026","6693396","Product","Reacted-Skin Irritation","Super Glow Flash Facial 25% AHA+BHA+PHA Face Mask - 50gm","mcaf375","NAK5093F","","2_Feb'26","2_Feb Week 1","whatsapp"
"2/3/2026","7487034","Product","Change in consistency","Cosmic Craze Holographic Eyeliner - Prism Shift","Mcaf348","","Xpressbees","2_Feb'26","2_Feb Week 1","email"
"2/7/2026","7466896","Product","Presence of foreign particles(Hair/glass/pins)","Super Glow Flash Facial 25% AHA+BHA+PHA Face Mask - 50gm","mcaf375","","","2_Feb'26","2_Feb Week 1","email"
"2/6/2026","7522057","Product","Change in consistency","11% AHA BHA Strawberry Body Lotion for Skin Smoothening","MCaf402","BNAK6001H","","2_Feb'26","2_Feb Week 1","email"
"2/8/2026","7508385","Product","Reacted-Skin Irritation","10% Magnesium Body Lotion - 300ml","Mcaf398","","","2_Feb'26","2_Feb Week 2","whatsapp"
"2/9/2026","7466896","Product","Presence of foreign particles(Hair/glass/pins)","Super Glow Flash Facial 25% AHA+BHA+PHA Face Mask - 50gm","mcaf375","NAK5120F","","2_Feb'26","2_Feb Week 2","email"
"2/9/2026","7489993","Product","Product Not Effective","Sweet Escape Perfume Body Lotion - 300ml","MCaf370","ENGE5024","","2_Feb'26","2_Feb Week 2","instagram"
"2/10/2026","7530792","Product","Change in consistency","Sweet Escape Perfume Body Lotion - 300ml","MCaf370","","DELHIVERY","2_Feb'26","2_Feb Week 2","whatsapp"
"2/9/2026","6969240_1","Product","Reacted-Skin Irritation","10% Magnesium Body Lotion - 300ml","Mcaf398","B032","DELHIVERY","2_Feb'26","2_Feb Week 2","instagram"
"2/11/2026","7453582","Product","Change in Smell","Choco Body Butter - 250g","MCaf48","CBB-179","DELHIVERY","2_Feb'26","2_Feb Week 2","whatsapp"
"2/10/2026","6969240_1","Product","Reacted-Skin Irritation","10% Magnesium Body Lotion - 300ml","Mcaf398","B032","DELHIVERY","2_Feb'26","2_Feb Week 2","instagram"
"2/11/2026","7523892","Product","Others","Green Tea & 15% Vitamin C Face Serum - 30 ml","MCaf189","","Xpressbees","2_Feb'26","2_Feb Week 2","whatsapp"
"2/11/2026","7453668","Product","Reacted-Skin Irritation","Brightening Face Wash - 1% Kojic Acid & Glutathione","MCaf299","SMC250090","DELHIVERY","2_Feb'26","2_Feb Week 2","whatsapp"
"2/9/2026","7489993","Product","Product Not Effective","Sweet Escape Perfume Body Lotion - 300ml","MCaf370","ENGE5024","DELHIVERY","2_Feb'26","2_Feb Week 2","instagram"
"2/11/2026","6919211","Product","Change in Smell","Pore Cleanse Coffee Cookie Detan Face Mask - 100gm","MCaf388","CCM-063","Shadowfax","2_Feb'26","2_Feb Week 2","whatsapp"
"2/11/2026","7513224","Product","Reacted-Skin Irritation","Guava Tini De-Tan Body Wash - 300 ml","Mcaf396_WB","AMGTB-150","Xpressbees","2_Feb'26","2_Feb Week 2","whatsapp"
"2/13/2026","ECOMMERCE","Product","Change in Smell","Summer Breeze Perfume Body Lotion - 300ml","MCaf371","BB046","","2_Feb'26","2_Feb Week 2","whatsapp"
"2/13/2026","7546008","Product","Change in Smell","By the Blues Brightening Perfume Body Lotion - 300ml","MCaf401","CB002","Xpressbees","2_Feb'26","2_Feb Week 2","whatsapp"
"2/14/2026","7413797","Product","Reacted-Skin Irritation","Guava Tini De-Tan Body Wash - 300 ml","Mcaf396_WB","","DELHIVERY","2_Feb'26","2_Feb Week 2","whatsapp"
"2/16/2026","7578301","Product","Disatisfied-Smell","Brightening Raspberry Body Scrub | Vit C Rich - 175g","MCaf382_WB","","DELHIVERY","2_Feb'26","2_Feb Week 3","whatsapp"
"1/31/2026","7292735","Product","Reacted-Skin Irritation","By the Blues Brightening Perfume Body Lotion - 300ml","MCaf401","ENGA5021","DELHIVERY","1_Jan'26","1_Jan Week 5","email"
"2/17/2026","7549777","Product","Presence of foreign particles(Hair/glass/pins)","Blueberry Breeze Body Scrub - 175g","MCaf285_WB","B136","DELHIVERY","2_Feb'26","2_Feb Week 3","whatsapp"
"2/16/2026","7549777","Product","Presence of foreign particles(Hair/glass/pins)","Blueberry Breeze Body Scrub - 175g","MCaf285_WB","B136","DELHIVERY","2_Feb'26","2_Feb Week 3","whatsapp"
"2/16/2026","7589438","Product","Texture Issue","Velvet Blur Matte Liquid Lipstick - Iconic Pink","MCaf331","MCO403","Shadowfax","2_Feb'26","2_Feb Week 3","whatsapp"
"2/16/2026","7482953","Product","Burning Sensation","Berries Brightening Coffee Face Scrub - 75 gm","MCaf369","B080","Xpressbees","2_Feb'26","2_Feb Week 3","whatsapp"
"2/17/2026","7322407","Product","Burning Sensation","2% Salicylic Acid Niacinamide & Matcha Tea Face Wash - 100 ml","MCaf270","","Shadowfax","2_Feb'26","2_Feb Week 3","email"
"2/17/2026","7589399","Product","Change in consistency","Cosmic Craze Holographic Eyeliner - Prism Shift","Mcaf348","","DELHIVERY","2_Feb'26","2_Feb Week 3","whatsapp"
"2/17/2026","6987379","Product","Presence of foreign particles(Hair/glass/pins)","Coffee Body Scrub - 100 g","MCaf40","MCBS-885","Xpressbees","2_Feb'26","2_Feb Week 3","email"
"2/17/2026","7107241","Product","Product Not Effective","Advanced Hair Fall Control CaffexilÂ® Shampoo with Rosemary-250 ML","MCaf272_WB","PT5K001","Shadowfax","2_Feb'26","2_Feb Week 3","email"
"2/19/2026","7608820","Product","Change in consistency","11% AHA BHA Strawberry Body Lotion for Skin Smoothening","MCaf402","BNAK6002H","DELHIVERY","2_Feb'26","2_Feb Week 3","whatsapp"
"2/16/2026","7552670","Product","Reacted-Skin Irritation","Super Glow Flash Facial 25% AHA+BHA+PHA Face Mask - 50gm","mcaf375","NAK5045F","ElasticRun","2_Feb'26","2_Feb Week 3","instagram"
"2/19/2026","7595958","Product","Disatisfied-Smell","By the Blues Brightening Perfume Body Lotion - 300ml","MCaf401","","Xpressbees","2_Feb'26","2_Feb Week 3","whatsapp"
"2/18/2026","7550944","Product","Burning Sensation","Brightening Sunscreen for Dark Spots - SPF 50 PA ++++","MCaf302","NAK5181A","Xpressbees","2_Feb'26","2_Feb Week 3","email"
"2/20/2026","7591315","Product","Bad smell","Anti-Ageing Night Cream with Black Tea Complex - 50 ml","MCaf259","","DELHIVERY","2_Feb'26","2_Feb Week 3","email"
"2/20/2026","Fien809530","Product","Reacted-Skin Irritation","Sweet Escape Perfume Body Lotion - 300ml","MCaf370","","Xpressbees","2_Feb'26","2_Feb Week 3","whatsapp"
"2/19/2026","Fien819150","Product","Disatisfied-Smell","By the Blues Brightening Perfume Body Lotion - 300ml","MCaf401","ENGA6008","Shadowfax","2_Feb'26","2_Feb Week 3","whatsapp"
"2/19/2026","7587193","Product","Burning Sensation","Super Glow Flash Facial 25% AHA+BHA+PHA Face Mask - 50gm","mcaf375","NAK510F","DELHIVERY","2_Feb'26","2_Feb Week 3","whatsapp"
"2/19/2026","N/A","Product","Change in Smell","007 Perfume for Men - Oriental Oud - 100ml","MCaf349","","","2_Feb'26","2_Feb Week 3","email"
"2/21/2026","7584736","Product","Disatisfied-Smell","Sweet Escape Perfume Body Lotion - 300ml","MCaf370","AMSEL-351","Xpressbees","2_Feb'26","2_Feb Week 3","whatsapp"
"2/21/2026","7609186","Product","Disatisfied-Smell","Summer Breeze Perfume Body Lotion - 300ml","MCaf371","BB049","DELHIVERY","2_Feb'26","2_Feb Week 3","whatsapp"
"2/21/2026","7559701","Product","Reacted-Skin Irritation","2% Salicylic Acid Niacinamide & Matcha Tea Face Wash - 100 ml","MCaf270","MFM-702","Shadowfax","2_Feb'26","2_Feb Week 3","email"
"2/21/2026","7548521","Product","Texture Issue","Jade Roller - Face Massager","MTOOL1_JD_N_S","MATOOL1_JD","DELHIVERY","2_Feb'26","2_Feb Week 3","email"
"2/20/2026","7548521","Product","Texture Issue","Jade Roller - Face Massager","MTOOL1_JD_N_S","MATOOL1_JD","DELHIVERY","2_Feb'26","2_Feb Week 3","email"
"2/23/2026","7586952","Product","Reacted-Skin Irritation","Sun Bath SPF Body Sunscreen 80+ PA ++++ Spray - 100ml","MCaf365","","","2_Feb'26","2_Feb Week 4","whatsapp"
"2/21/2026","7617754","Product","Product Not Effective","Sweet Escape Perfume Body Lotion - 300ml","MCaf370","","Xpressbees","2_Feb'26","2_Feb Week 3","email"
"2/25/2026","7644912","Product","Disatisfied-Smell","Sweet Escape Perfume Body Lotion - 300ml","MCaf370","","Xpressbees","2_Feb'26","2_Feb Week 4","whatsapp"
"2/24/2026","N/A","Product","Reacted - Skin Rashes","Guava Tini De-Tan Body Wash - 300 ml","Mcaf396_WB","","","2_Feb'26","2_Feb Week 4","email"
"2/24/2026","7430619","Product","Disatisfied-Smell","Brightening Face Wash - 1% Kojic Acid & Glutathione","MCaf299","","DELHIVERY","2_Feb'26","2_Feb Week 4","whatsapp"
"2/24/2026","5676025","Product","Change in consistency","Choco Body Lotion with Cocoa Butter - 250 ml","250MCaf60_WB","B3356","","2_Feb'26","2_Feb Week 4","email"
"2/24/2026","Fien906450","Product","Disatisfied-Smell","By the Blues Brightening Perfume Body Lotion - 300ml","MCaf401","ENGA6020","Shadowfax","2_Feb'26","2_Feb Week 4","email"
"2/24/2026","7495951","Product","Reacted-Skin Irritation","Super Glow Flash Facial 25% AHA+BHA+PHA Face Mask - 50gm","mcaf375","","Xpressbees","2_Feb'26","2_Feb Week 4","whatsapp"
"2/24/2026","7578301","Product","Product Not Effective","Super Glow Flash Facial 25% AHA+BHA+PHA Face Mask - 50gm","mcaf375","","DELHIVERY","2_Feb'26","2_Feb Week 4","whatsapp"
"2/24/2026","7577501","Product","Reacted-Skin Irritation","Green Tea & 15% Vitamin C Face Serum - 30 ml","MCaf189","MGV-033","DELHIVERY","2_Feb'26","2_Feb Week 4","whatsapp"
"2/22/2026","7482612","Product","Reacted - Skin Rashes","11% AHA BHA Strawberry Body Lotion for Skin Smoothening","MCaf402","BNAK6601H","Xpressbees","2_Feb'26","2_Feb Week 4","whatsapp"
"2/23/2026","7578301","Product","Product Not Effective","Super Glow Flash Facial 25% AHA+BHA+PHA Face Mask - 50gm","mcaf375","","DELHIVERY","2_Feb'26","2_Feb Week 4","whatsapp"
"2/25/2026","7591576","Product","Burning Sensation","Sun Glaze Mist Face Sunscreen SPF 50 PA++++ Spray- 100ml","MCaf364","","DELHIVERY","2_Feb'26","2_Feb Week 4","whatsapp"
"2/27/2026","6987379","Product","Presence of foreign particles(Hair/glass/pins)","Coffee Body Scrub - 100 g","MCaf40","MCBS-885","Xpressbees","2_Feb'26","2_Feb Week 4","email"
"2/26/2026","7644888","Product","Change in Smell","Guava Tini De-Tan Body Wash - 300 ml","Mcaf396_WB","","Xpressbees","2_Feb'26","2_Feb Week 4","whatsapp"
"2/27/2026","OFFLINE","Product","Reacted-Skin Irritation","Guava Tini De-Tan Body Wash - 300 ml","Mcaf396_WB","MGTB-099","","2_Feb'26","2_Feb Week 4","instagram"
"2/26/2026","7601697","Product","Reacted-Skin Irritation","Green Tea & 15% Vitamin C Face Serum - 30 ml","MCaf189","MGV-034","DELHIVERY","2_Feb'26","2_Feb Week 4","whatsapp"
"2/28/2026","7641222","Product","Change in consistency","Velvet Blur Matte Liquid Lipstick - Passionate Crimson","MCaf304","","Xpressbees","2_Feb'26","2_Feb Week 4","email"
"2/27/2026","7668278","Product","Reacted-Skin Irritation","Vanilla Muse Perfume for Women - Sweet Vanilla - 100ml","MCaf353","B250338","Xpressbees","2_Feb'26","2_Feb Week 4","instagram"
"2/26/2026","7626968","Product","Change in consistency","Volume Define Tubing Mascara","MCaf335","","DELHIVERY","2_Feb'26","2_Feb Week 4","email"
"3/2/2026","7686336","Product","Change in Smell","Summer Breeze Perfume Body Lotion - 300ml","MCaf371","BB076","DELHIVERY","3_Mar'26","3_Mar Week 1","whatsapp"
"3/1/2026","7396111","Product","Change in consistency","Coffee Body Scrub - 100 g","MCaf40","MCBS-898","DELHIVERY","3_Mar'26","3_Mar Week 1","whatsapp"
"3/1/2026","Fien963420","Product","Reacted-Acne/Pimples","By the Blues Brightening Perfume Body Lotion - 300ml","MCaf401","","Shadowfax","3_Mar'26","3_Mar Week 1","email"
"3/1/2026","7670902","Product","Disatisfied-Smell","Summer Breeze Perfume Body Lotion - 300ml","MCaf371","ENGF5005","DELHIVERY","3_Mar'26","3_Mar Week 1","whatsapp"
"3/1/2026","7578625","Product","Product Not Effective","Green Tea & 15% Vitamin C Face Serum - 30 ml","MCaf189","MGV-024","Xpressbees","3_Mar'26","3_Mar Week 1","whatsapp"
"3/1/2026","7661445","Product","Change in consistency","Cosmic Craze Holographic Eyeliner - Prism Shift","Mcaf348","MELH003","DELHIVERY","3_Mar'26","3_Mar Week 1","whatsapp"
"2/26/2026","7623558","Product","Disatisfied-Smell","Blueberry Blast Body Wash - 300 ml","MCaf280_WB","PT5J003","Xpressbees","2_Feb'26","2_Feb Week 4","email"
"3/3/2026","SO2454","Product","Reacted-Skin Irritation","Coffee Body Scrub - 100 g","MCaf40","MCBS-860","","3_Mar'26","3_Mar Week 1","whatsapp"
"3/5/2026","N/A","Product","Change in consistency","Cosmic Craze Holographic Eyeliner - Prism Shift","Mcaf348","MELH003","","3_Mar'26","3_Mar Week 1","whatsapp"
"3/5/2026","7623558","Product","Disatisfied-Smell","Blueberry Blast Body Wash - 300 ml","MCaf280_WB","PT5J003","Xpressbees","3_Mar'26","3_Mar Week 1","email"
"3/4/2026","Fien831480","Product","Product Not Effective","Summer Breeze Perfume Body Lotion - 300ml","MCaf371","","Shadowfax","3_Mar'26","3_Mar Week 1","email"
"3/4/2026","7698571","Product","Disatisfied-Smell","Summer Breeze Perfume Body Lotion - 300ml","MCaf371","ENGF5004","Xpressbees","3_Mar'26","3_Mar Week 1","whatsapp"
"3/5/2026","7682326","Product","Change in Smell","Summer Breeze Perfume Body Lotion - 300ml","MCaf371","ENGF5005","Xpressbees","3_Mar'26","3_Mar Week 1","instagram"
"3/5/2026","7675021","Product","Change in consistency","Exfoliating Caramel Crunch Body Wash - 300 ml","Mcaf397_WB","DNGC6002","DELHIVERY","3_Mar'26","3_Mar Week 1","whatsapp"
"3/5/2026","7703351","Product","Reacted-Skin Irritation","Summer Breeze Perfume Body Lotion - 300ml","MCaf371","BB082","Xpressbees","3_Mar'26","3_Mar Week 1","whatsapp"
"3/7/2026","7682326","Product","Change in Smell","Summer Breeze Perfume Body Lotion - 300ml","MCaf371","ENGF5005","Xpressbees","3_Mar'26","3_Mar Week 1","instagram"
"3/6/2026","7712881","Product","Disatisfied-Smell","Summer Breeze Perfume Body Lotion - 300ml","MCaf371","BB082","DELHIVERY","3_Mar'26","3_Mar Week 1","email"
"3/7/2026","7739907","Product","Change in Smell","Summer Breeze Perfume Body Lotion - 300ml","MCaf371","ENGF6006","","3_Mar'26","3_Mar Week 1","instagram"
"3/7/2026","7739907","Product","Change in Smell","Summer Breeze Perfume Body Lotion - 300ml","MCaf371","ENGF6006","Shadowfax","3_Mar'26","3_Mar Week 1","instagram"
"3/7/2026","7725571","Product","Reacted-Skin Irritation","Summer Breeze Perfume Body Lotion - 300ml","MCaf371","BB079","DELHIVERY","3_Mar'26","3_Mar Week 1","whatsapp"
"3/9/2026","7747829","Product","Disatisfied-Smell","Sweet Escape Perfume Body Lotion - 300ml","MCaf370","ENGE5004","DELHIVERY","3_Mar'26","3_Mar Week 2","whatsapp"
"3/3/2026","7685894","Product","Change in consistency","Summer Breeze Perfume Body Lotion - 300ml","MCaf371","","Shadowfax","3_Mar'26","3_Mar Week 1","email"
"3/8/2026","7723265","Product","Reacted-Skin Irritation","Green Tea & 15% Vitamin C Face Serum - 30 ml","MCaf189","MGV-032","DELHIVERY","3_Mar'26","3_Mar Week 2","whatsapp"
"3/9/2026","N/A","Product","Reacted-Skin Irritation","Guava Tini De-Tan Body Wash - 300 ml","Mcaf396_WB","AMGTB-153","","3_Mar'26","3_Mar Week 2","whatsapp"
"3/7/2026","7682326","Product","Change in Smell","Summer Breeze Perfume Body Lotion - 300ml","MCaf371","ENGF5005","Xpressbees","3_Mar'26","3_Mar Week 1","instagram"
"3/10/2026","7615004","Product","Reacted-Skin Irritation","Super Glow Flash Facial 25% AHA+BHA+PHA Face Mask - 50gm","mcaf375","","Xpressbees","3_Mar'26","3_Mar Week 2","whatsapp"
"3/10/2026","7638339","Product","Reacted-Acne/Pimples","Guava Tini De-Tan Body Wash - 300 ml","Mcaf396_WB","AMGTB-183","","3_Mar'26","3_Mar Week 2","whatsapp"
"3/8/2026","7734266","Product","Product Not Effective","Exfoliating Caramel Crunch Body Wash - 300 ml","Mcaf397_WB","DNGC6005","DELHIVERY","3_Mar'26","3_Mar Week 2","email"
"3/8/2026","7715880","Product","Product Not Effective","Super Glow Flash Facial 25% AHA+BHA+PHA Face Mask - 50gm","mcaf375","NAK5136F","Xpressbees","3_Mar'26","3_Mar Week 2","email"
"3/10/2026","7689764","Product","Reacted-Skin Irritation","Green Tea & 15% Vitamin C Face Serum - 30 ml","MCaf189","MGV-032","DELHIVERY","3_Mar'26","3_Mar Week 2","whatsapp"
"3/10/2026","7390543","Product","Reacted-Skin Irritation","Guava Tini De-Tan Body Wash - 300 ml","Mcaf396_WB","DNGB6001","DELHIVERY","3_Mar'26","3_Mar Week 2","whatsapp"
"3/9/2026","SO2454","Product","Change in consistency","Velvet Blur Matte Liquid Lipstick - Passionate Crimson","MCaf304","MC0502","Xpressbees","3_Mar'26","3_Mar Week 2","whatsapp"
"3/9/2026","7745981","Product","Change in consistency","2% Salicylic Acid Niacinamide & Matcha Tea Face Wash - 100 ml","MCaf270","MMFW-022","Shadowfax","3_Mar'26","3_Mar Week 2","whatsapp"
"3/10/2026","OFFLINE","Product","Reacted-Skin Irritation","Coffee Body Scrub - 100 g","MCaf40","MCBS-860","","3_Mar'26","3_Mar Week 2","whatsapp"
"3/11/2026","7689764","Product","Reacted-Skin Irritation","Green Tea & 15% Vitamin C Face Serum - 30 ml","MCaf189","MGV-032","DELHIVERY","3_Mar'26","3_Mar Week 2","whatsapp"
"3/11/2026","7723381","Product","Reacted-Skin Irritation","Pore Cleanse Coffee Cookie Detan Face Mask - 100gm","MCaf388","BB292","Shadowfax","3_Mar'26","3_Mar Week 2","whatsapp"
"3/10/2026","7615004","Product","Reacted-Skin Irritation","Super Glow Flash Facial 25% AHA+BHA+PHA Face Mask - 50gm","mcaf375","","Xpressbees","3_Mar'26","3_Mar Week 2","whatsapp"
"3/11/2026","7482612","Product","Reacted-Acne/Pimples","Brightening Raspberry Rush Body Wash","25SmCaf383_WB","BB012","Xpressbees","3_Mar'26","3_Mar Week 2","whatsapp"
"3/11/2026","7719119","Product","Change in Smell","Brightening Face Wash - 1% Kojic Acid & Glutathione","MCaf299","","DELHIVERY","3_Mar'26","3_Mar Week 2","whatsapp"
"3/13/2026","7682326","Product","Disatisfied-Smell","Sweet Escape Perfume Body Lotion - 300ml","MCaf370","","Xpressbees","3_Mar'26","3_Mar Week 2","instagram"
"3/13/2026","Fien1044070","Product","Disatisfied-Smell","By the Blues Brightening Perfume Body Lotion - 300ml","MCaf401","ENGA6006","DELHIVERY","3_Mar'26","3_Mar Week 2","whatsapp"
"3/14/2026","7762765","Product","Change in Smell","Unisex Perfume Gift Kit - 20ml x 4","MGKIT62_ACG","B. MAG-001","DELHIVERY","3_Mar'26","3_Mar Week 2","whatsapp"
"3/13/2026","7756638","Product","Disatisfied-Smell","By the Blues Brightening Perfume Body Lotion - 300ml","MCaf401","","ElasticRun","3_Mar'26","3_Mar Week 2","whatsapp"
"3/12/2026","7722880","Product","Product Not Effective","Guava Tini De-Tan Body Wash - 300 ml","Mcaf396_WB","AMGTB-213","DELHIVERY","3_Mar'26","3_Mar Week 2","whatsapp"
"3/14/2026","Fien1056930","Product","Disatisfied-Smell","Perfume Gift Set for Men Curated by Women - 20 ml x 4","MGKIT64_SWM","","DELHIVERY","3_Mar'26","3_Mar Week 2","whatsapp"
"3/13/2026","7679394","Product","Disatisfied-Smell","By the Blues Brightening Perfume Body Lotion - 300ml","MCaf401","ENGA6028","DELHIVERY","3_Mar'26","3_Mar Week 2","instagram"
"3/16/2026","7802819","Product","Others","By the Blues Brightening Perfume Body Lotion - 300ml","MCaf401","","DELHIVERY","3_Mar'26","3_Mar Week 3","whatsapp"
"3/15/2026","7252822","Product","Reacted-Skin Irritation","Super Glow Flash Facial 25% AHA+BHA+PHA Face Mask - 50gm","mcaf375","NAK5109F","DELHIVERY","3_Mar'26","3_Mar Week 3","whatsapp"
"3/15/2026","7771048","Product","Change in Smell","007 Perfume for Men - Oriental Oud - 100ml","MCaf349","","DELHIVERY","3_Mar'26","3_Mar Week 3","whatsapp"
"3/15/2026","N/A","Product","Reacted - Skin Rashes","Brightening Face Wash - 1% Kojic Acid & Glutathione","MCaf299","","","3_Mar'26","3_Mar Week 3","whatsapp"
"3/17/2026","7770543","Product","Disatisfied-Smell","Summer Breeze Perfume Body Lotion - 300ml","MCaf371","BB083","DELHIVERY","3_Mar'26","3_Mar Week 3","whatsapp"
"3/17/2026","7390543","Product","Reacted-Skin Irritation","Guava Tini De-Tan Body Wash - 300 ml","Mcaf396_WB","DNGB6001","DELHIVERY","3_Mar'26","3_Mar Week 3","whatsapp"
"3/16/2026","6337431","Product","Reacted-Skin Irritation","10% Magnesium Body Lotion - 300ml","Mcaf398","B016","DELHIVERY","3_Mar'26","3_Mar Week 3","whatsapp"
"3/17/2026","7794518","Product","Disatisfied-Smell","By the Blues Brightening Perfume Body Lotion - 300ml","MCaf401","ENGA6034","DELHIVERY","3_Mar'26","3_Mar Week 3","whatsapp"
"3/17/2026","N/A","Product","Others","Coffee Body Scrub - 100 g","MCaf40","MCBS-920","","3_Mar'26","3_Mar Week 3","whatsapp"
"3/16/2026","7803718","Product","Change in consistency","Coffee Body Scrub - 100 g","MCaf40","MCBS-921","DELHIVERY","3_Mar'26","3_Mar Week 3","whatsapp"
"3/16/2026","7682326","Product","Disatisfied-Smell","Summer Breeze Perfume Body Lotion - 300ml","MCaf371","ENGF5005","Xpressbees","3_Mar'26","3_Mar Week 3","instagram"
"3/16/2026","7798231","Product","Disatisfied-Smell","By the Blues Brightening Perfume Body Lotion - 300ml","MCaf401","","Shadowfax","3_Mar'26","3_Mar Week 3","instagram"
"3/16/2026","N/A","Product","Reacted-Skin Irritation","Guava Tini De-Tan Body Wash - 300 ml","Mcaf396_WB","MGTB-099","","3_Mar'26","3_Mar Week 3","instagram"
"3/13/2026","7768955","Product","Change in consistency","11% AHA BHA Strawberry Body Lotion for Skin Smoothening","MCaf402","BNAK6001H","Shadowfax","3_Mar'26","3_Mar Week 2","email"
"3/18/2026","7823035","Product","Disatisfied-Smell","Summer Breeze Perfume Body Lotion - 300ml","MCaf371","ENGF6006","DELHIVERY","3_Mar'26","3_Mar Week 3","whatsapp"
"3/18/2026","N/A","Product","Change in Smell","Brightening Raspberry SPF 50 PA+++ Body Sunscreen Lotion - 200 ml","MCaf385","NAK5111R","","3_Mar'26","3_Mar Week 3","whatsapp"
"3/18/2026","7788359","Product","Disatisfied-Smell","Brightening Raspberry Rush Body Wash - 25 ml","25SmCaf383_WB_F","NAK5110R","DELHIVERY","3_Mar'26","3_Mar Week 3","whatsapp"
"3/18/2026","7813591","Product","Change in Smell","By the Blues Brightening Perfume Body Lotion - 300ml","MCaf401","FC26B018","ElasticRun","3_Mar'26","3_Mar Week 3","email"
"3/16/2026","7824310","Product","Reacted - Skin Rashes","Brightening Raspberry SPF 50 PA+++ Body Sunscreen Lotion - 200 ml","MCaf385","NAK5110R","Shadowfax","3_Mar'26","3_Mar Week 3","whatsapp"
"3/18/2026","7801258","Product","Disatisfied-Smell","Summer Breeze Perfume Body Lotion - 300ml","MCaf371","BB064","Shadowfax","3_Mar'26","3_Mar Week 3","whatsapp"
"3/17/2026","7820295","Product","Disatisfied-Smell","Summer Breeze Perfume Body Lotion - 300ml","MCaf371","BB071","Shadowfax","3_Mar'26","3_Mar Week 3","whatsapp"
"3/19/2026","7814452","Product","Disatisfied-Smell","By the Blues Brightening Perfume Body Lotion - 300ml","MCaf401","","DELHIVERY","3_Mar'26","3_Mar Week 3","whatsapp"
"3/20/2026","7834693","Product","Disatisfied-Smell","Sweet Escape Perfume Body Lotion - 300ml","MCaf370","AMSEL-295","Pidge","3_Mar'26","3_Mar Week 3","whatsapp"
"3/19/2026","7819028","Product","Reacted-Acne/Pimples","By the Blues Brightening Perfume Body Lotion - 300ml","MCaf401","CB023","DELHIVERY","3_Mar'26","3_Mar Week 3","whatsapp"
"3/20/2026","7767431","Product","Disatisfied-Smell","High Shine Perfector Hair Spray","Mcaf406","BC26B104","DELHIVERY","3_Mar'26","3_Mar Week 3","instagram"
"3/20/2026","7771048","Product","Change in Smell","Slow Kiss Perfume for Men - Aromatic Fresh - 100ml","MCaf351","","DELHIVERY","3_Mar'26","3_Mar Week 3","whatsapp"
"3/20/2026","7837818","Product","Reacted - Skin Rashes","Guava Tini De-Tan Body Wash - 300 ml","Mcaf396_WB","AMGTB-188","Shadowfax","3_Mar'26","3_Mar Week 3","whatsapp"
"3/19/2026","7836276","Product","Change in Smell","Summer Breeze Perfume Body Lotion - 300ml","MCaf371","","ElasticRun","3_Mar'26","3_Mar Week 3","whatsapp"
"3/21/2026","N/A","Product","Reacted-Skin Irritation","By the Blues Brightening Perfume Body Lotion - 300ml","MCaf401","","","3_Mar'26","3_Mar Week 3","whatsapp"
"3/20/2026","7833121","Product","Disatisfied-Smell","Sun Bath SPF Body Sunscreen 80+ PA ++++ Spray - 100ml","MCaf365","SUB25010","Shadowfax","3_Mar'26","3_Mar Week 3","whatsapp"
"3/22/2026","7745453","Product","Change in consistency","Velvet Blur Matte Liquid Lipstick - Passionate Crimson","MCaf304","MC0502","DELHIVERY","3_Mar'26","3_Mar Week 4","whatsapp"
"3/22/2026","7333210","Product","Reacted-Skin Irritation","Green Tea & 15% Vitamin C Face Serum - 30 ml","MCaf189","","Shadowfax","3_Mar'26","3_Mar Week 4","whatsapp"
"3/24/2026","N/A","Product","Disatisfied-Smell","By the Blues Brightening Perfume Body Lotion - 300ml","MCaf401","ENGA6007","","3_Mar'26","3_Mar Week 4","email"
"3/21/2026","7825024","Product","Disatisfied-Smell","By the Blues Brightening Perfume Body Lotion - 300ml","MCaf401","ENGA5017","DELHIVERY","3_Mar'26","3_Mar Week 3","email"
"3/25/2026","7771295","Product","Product Not Effective","High Shine Glossing Shampoo","Mcaf404","BC26B084","DELHIVERY","3_Mar'26","3_Mar Week 4","whatsapp"
"3/24/2026","7784123","Product","Disatisfied-Smell","By the Blues Brightening Perfume Body Lotion - 300ml","MCaf401","ENGA6034","DELHIVERY","3_Mar'26","3_Mar Week 4","email"
"3/25/2026","7849658","Product","Change in consistency","By the Blues Brightening Perfume Body Lotion - 300ml","MCaf401","","Shadowfax","3_Mar'26","3_Mar Week 4","whatsapp"
"3/24/2026","7820414","Product","Change in Smell","Rush Perfume Gift Set for Women - 20ml x 4","MGKIT65_RUSH","","DELHIVERY","3_Mar'26","3_Mar Week 4","whatsapp"
"3/26/2026","ECOMMERCE","Product","Change in consistency","10% Magnesium Body Lotion - 300ml","Mcaf398","","","3_Mar'26","3_Mar Week 4","whatsapp"
"3/26/2026","7853883","Product","Reacted-Skin Irritation","Sun Bath SPF Body Sunscreen 80+ PA ++++ Spray - 100ml","MCaf365","","Shadowfax","3_Mar'26","3_Mar Week 4","instagram"
"3/26/2026","7858688","Product","Disatisfied-Smell","Detan & Oil Control Coffee Sunscreen SPF 50 PA++++ 50 ml","mcaf145_N","NAK5145C","DELHIVERY","3_Mar'26","3_Mar Week 4","email"
"3/28/2026","7686383","Product","Reacted-Skin Irritation","Sweet Escape Perfume Body Lotion - 300ml","MCaf370","ENGE5030","DELHIVERY","3_Mar'26","3_Mar Week 4","whatsapp"
"3/30/2026","7895543","Product","Burning Sensation","Summer Breeze Perfume Body Lotion - 300ml","MCaf371","","Delhivery","3_Mar'26","3_Mar Week 5","email"
"3/30/2026","7706473","Product","Reacted-Skin Irritation","Guava Tini De-Tan Body Wash - 300 ml","Mcaf396_WB","DNGB5017","DELHIVERY","3_Mar'26","3_Mar Week 5","whatsapp"
"3/30/2026","7892346","Product","Change in consistency","Blueberry Swirl Deep Moisturizing Body Butter","MCaf345_WB","BB07","Shadowfax","3_Mar'26","3_Mar Week 5","whatsapp"
"3/30/2026","7907644","Product","Reacted-Skin Irritation","Take A Dip Triple-Action Deo Body Wash 250ml","Mcaf408_WB","AMTDW-021","Shadowfax","3_Mar'26","3_Mar Week 5","whatsapp"
"3/30/2026","7706473","Product","Reacted-Skin Irritation","Guava Tini De-Tan Body Wash - 300 ml","Mcaf396_WB","DNGB5017","DELHIVERY","3_Mar'26","3_Mar Week 5","whatsapp"
"3/28/2026","7877399","Product","Disatisfied-Smell","Take A Dip Triple-Action Deo Body Wash 250ml","Mcaf408_WB","AMTDW-020","Shadowfax","3_Mar'26","3_Mar Week 4","email"
"3/31/2026","7896926","Product","Disatisfied-Smell","Sweet Escape Perfume Body Lotion - 300ml","MCaf370","","ElasticRun","3_Mar'26","3_Mar Week 5","whatsapp"
"3/31/2026","7908301","Product","Product Not Effective","11% AHA BHA Strawberry Body Lotion for Skin Smoothening","MCaf402","BNAK6010H","Shadowfax","3_Mar'26","3_Mar Week 5","email"
"3/31/2026","7902977","Product","Disatisfied-Smell","By the Blues Brightening Perfume Body Lotion - 300ml","MCaf401","FC26B017","ElasticRun","3_Mar'26","3_Mar Week 5","whatsapp"
"3/30/2026","7896926","Product","Disatisfied-Smell","Sweet Escape Perfume Body Lotion - 300ml","MCaf370","","ElasticRun","3_Mar'26","3_Mar Week 5","instagram"
"3/29/2026","7877390","Product","Burning Sensation","Sun Bath SPF Body Sunscreen 80+ PA ++++ Spray - 100ml","MCaf365","","DELHIVERY","3_Mar'26","3_Mar Week 5","email"
"3/30/2026","N/A","Product","Change in Smell","Sweet Escape Perfume Body Lotion - 300ml","MCaf370","ENGE6004","","3_Mar'26","3_Mar Week 5","instagram"
"3/31/2026","7902977","Product","Reacted - Skin Rashes","By the Blues Brightening Perfume Body Lotion - 300ml","MCaf401","FC26B017","ElasticRun","3_Mar'26","3_Mar Week 5","whatsapp"
"4/1/2026","N/A","Product","Disatisfied-Smell","Sweet Escape Perfume Body Lotion - 300ml","MCaf370","","","4_Apr'26","4_Apr Week 1","instagram"
"4/1/2026","7925249","Product","Disatisfied-Smell","Sweet Escape Perfume Body Lotion - 300ml","MCaf370","AMSEL-320","Pikndel","4_Apr'26","4_Apr Week 1","email"
"4/2/2026","N/A","Product","Disatisfied-Smell","Summer Breeze Perfume Body Lotion - 300ml","MCaf371","","","4_Apr'26","4_Apr Week 1","whatsapp"
"4/2/2026","7910505","Product","Change in Smell","Green Tea & 15% Vitamin C Face Serum - 30 ml","MCaf189","MGV-035","Shadowfax","4_Apr'26","4_Apr Week 1","whatsapp"
"4/2/2026","7928575","Product","Disatisfied-Smell","11% AHA BHA Strawberry Body Lotion for Skin Smoothening","MCaf402","","Shadowfax","4_Apr'26","4_Apr Week 1","whatsapp"
"3/27/2026","7889457","Product","Reacted-Skin Irritation","Sweet Escape Perfume Body Lotion - 300ml","MCaf370","","","3_Mar'26","3_Mar Week 4","whatsapp"
"4/1/2026","7900285","Product","Disatisfied-Smell","Sweet Escape Perfume Body Lotion - 300ml","MCaf370","","DELHIVERY","4_Apr'26","4_Apr Week 1","whatsapp"
"2/4/2026","7549619","Product","Reacted-Skin Irritation","Super Glow Flash Facial 25% AHA+BHA+PHA Face Mask - 50gm","mcaf375","","DELHIVERY","2_Feb'26","2_Feb Week 1","whatsapp"
"3/4/2026","7947796","Product","Change in consistency","Velvet Blur Matte Liquid Lipstick - Muted Rose","MCaf309","","ElasticRun","3_Mar'26","3_Mar Week 1","whatsapp"
"2/4/2026","7924216","Product","Burning Sensation","Super Glow Flash Facial 25% AHA+BHA+PHA Face Mask - 50gm","mcaf375","NAK5136F","DELHIVERY","2_Feb'26","2_Feb Week 1","whatsapp"
"3/4/2026","7908524","Product","Texture Issue","Shimmer Body Butter with Cocoa Butter - 150 g","MCaf234_WB","","Shadowfax","3_Mar'26","3_Mar Week 1","whatsapp"
"4/3/2026","69cf57ed11f0844416faddb5","Product","Disatisfied-Smell","Summer Breeze Perfume Body Lotion - 300ml","MCaf371","538","","4_Apr'26","4_Apr Week 1","instagram"
"4/6/2026","7937282","Product","Disatisfied-Smell","By the Blues Brightening Perfume Body Lotion - 300ml","MCaf401","","DELHIVERY","4_Apr'26","4_Apr Week 1","whatsapp"
"4/5/2026","7498141","Product","Change in consistency","Coffee Body Scrub - 100 g","MCaf40","MCBS-889","","4_Apr'26","4_Apr Week 1","email"
"4/6/2026","7922111","Product","Disatisfied-Smell","Summer Breeze Perfume Body Lotion - 300ml","MCaf371","","","4_Apr'26","4_Apr Week 1","whatsapp"
"3/18/2026","69b548169ed4336c4b569fe8","Product","Product Not Effective","Guava Tini De-Tan Body Wash - 300 ml","Mcaf396_WB","","","3_Mar'26","3_Mar Week 3","instagram"
"4/7/2026","7669975","Product","Product Not Effective","By the Blues Brightening Perfume Body Lotion - 300ml","MCaf401","","DELHIVERY","4_Apr'26","4_Apr Week 1","whatsapp"
"4/7/2026","7973273","Product","Disatisfied-Smell","11% AHA BHA Strawberry Body Lotion for Skin Smoothening","MCaf402","","DELHIVERY","4_Apr'26","4_Apr Week 1","whatsapp"
"4/6/2026","7912385","Product","Disatisfied-Smell","Sweet Escape Perfume Body Lotion - 300ml","MCaf370","","DELHIVERY","4_Apr'26","4_Apr Week 1","whatsapp"
"4/5/2026","7972967","Product","Disatisfied-Smell","By the Blues Brightening Perfume Body Lotion - 300ml","MCaf401","","Pikndel","4_Apr'26","4_Apr Week 1","email"
"4/7/2026","7992343","Product","Disatisfied-Smell","Bite of Desire Perfume for Women- Vanilla & Lavender - 100ml","MCaf393","BMDT-003","DELHIVERY","4_Apr'26","4_Apr Week 1","whatsapp"
"4/8/2026","7973011","Product","Disatisfied-Smell","By the Blues Brightening Perfume Body Lotion - 300ml","MCaf401","","ElasticRun","4_Apr'26","4_Apr Week 2","email"
"4/5/2026","7912285","Product","Reacted - Skin Rashes","Green Tea & 15% Vitamin C Face Serum - 30 ml","MCaf189","","Shadowfax","4_Apr'26","4_Apr Week 1","whatsapp"
"4/7/2026","7745453","Product","Change in consistency","Velvet Blur Matte Liquid Lipstick - Passionate Crimson","MCaf304","MC0502","DELHIVERY","4_Apr'26","4_Apr Week 1","whatsapp"
"4/8/2026","7797513","Product","Reacted-Skin Irritation","Super Glow Flash Facial 25% AHA+BHA+PHA Face Mask - 50gm","mcaf375","","DELHIVERY","4_Apr'26","4_Apr Week 2","whatsapp"
"4/9/2026","7890254","Product","Reacted-Skin Irritation","Sweet Escape Perfume Body Lotion - 300ml","MCaf370","ENGE6005","DELHIVERY","4_Apr'26","4_Apr Week 2","whatsapp"
"4/9/2026","7952541","Product","Reacted-Skin Irritation","10% Magnesium Body Lotion - 300ml","Mcaf398","","Shadowfax","4_Apr'26","4_Apr Week 2","whatsapp"
"4/9/2026","7938324","Product","Texture Issue","Shimmer Body Butter with Cocoa Butter - 150 g","MCaf234_WB","","Shadowfax","4_Apr'26","4_Apr Week 2","whatsapp"
"4/9/2026","7851829","Product","Product Not Effective","Pore Cleanse Coffee Cookie Detan Face Mask - 100gm","MCaf388","","Shadowfax","4_Apr'26","4_Apr Week 2","whatsapp"
"4/9/2026","8012366","Product","Burning Sensation","Coffee Hydrogel Under Eye Patches with Caffeine & HA - 15 Pairs","15MCaf177","UE250308","DELHIVERY","4_Apr'26","4_Apr Week 2","whatsapp"
"4/11/2026","7873754","Product","Product Not Effective","High Shine Perfector Hair Spray","Mcaf406","BC26B103","DELHIVERY","4_Apr'26","4_Apr Week 2","whatsapp"
"4/11/2026","7063247","Product","Reacted-Skin Irritation","10% Magnesium Body Lotion - 300ml","Mcaf398","","DELHIVERY","4_Apr'26","4_Apr Week 2","email"
"4/10/2026","7852402","Product","Product Not Effective","Guava Tini De-Tan Body Wash - 300 ml","Mcaf396_WB","AMGTB-190","Shadowfax","4_Apr'26","4_Apr Week 2","whatsapp"
"4/11/2026","7953812","Product","Reacted-Skin Irritation","Coffee Face Wash 50 ml","50MCaf41_WB_F","","Pikndel","4_Apr'26","4_Apr Week 2","whatsapp"
"4/11/2026","8018051","Product","Reacted-Skin Irritation","Super Glow Flash Facial 25% AHA+BHA+PHA Face Mask - 50gm","mcaf375","","DELHIVERY","4_Apr'26","4_Apr Week 2","whatsapp"
"4/11/2026","8019043","Product","Reacted-Skin Irritation","Sun Glaze Mist Face Sunscreen SPF 50 PA++++ Spray- 100ml","MCaf364","","DELHIVERY","4_Apr'26","4_Apr Week 2","whatsapp"
"4/10/2026","7972967","Product","Burning Sensation","Super Glow Flash Facial 25% AHA+BHA+PHA Face Mask - 50gm","mcaf375","NAK5105F","Shadowfax","4_Apr'26","4_Apr Week 2","instagram"
"4/12/2026","7992576","Product","Burning Sensation","Super Glow Flash Facial 25% AHA+BHA+PHA Face Mask - 50gm","mcaf375","NAK5092F","Pidge","4_Apr'26","4_Apr Week 2","whatsapp"
"4/13/2026","7963377","Product","Change in Smell","11% AHA BHA Strawberry Body Lotion for Skin Smoothening","MCaf402","BNGH6002","Shadowfax","4_Apr'26","4_Apr Week 2","whatsapp"
"4/12/2026","7990325","Product","Reacted-Skin Irritation","Sun Glaze Mist Face Sunscreen SPF 50 PA++++ Spray- 100ml","MCaf364","","DELHIVERY","4_Apr'26","4_Apr Week 2","whatsapp"
"4/8/2026","8007143","Product","Texture Issue","Velvet Blur Matte Liquid Lipstick - Subtle Sangria","MCaf313","","Shadowfax","4_Apr'26","4_Apr Week 2","email"
"4/10/2026","7988016","Product","Product Not Effective","Sweet Escape Perfume Body Lotion - 300ml","MCaf370","","","4_Apr'26","4_Apr Week 2","whatsapp"
"4/11/2026","8028423","Product","Disatisfied-Smell","Summer Breeze Perfume Body Lotion - 300ml","MCaf371","","","4_Apr'26","4_Apr Week 2","whatsapp"
"4/11/2026","8000070","Product","Product Not Effective","Green Tea Face Serum with Hyaluronic Acid - 40ml","MCaf55","","","4_Apr'26","4_Apr Week 2","whatsapp"
"4/14/2026","7996329","Product","Reacted-Skin Irritation","Guava Tini De-Tan Body Wash - 300 ml","Mcaf396_WB","","DELHIVERY","4_Apr'26","4_Apr Week 2","whatsapp"
"4/14/2026","7955302","Product","Others","Coffee Face Wash - 100 ml","MCaf41","MCFW-629","DELHIVERY","4_Apr'26","4_Apr Week 2","whatsapp"
"4/14/2026","8034801","Product","Change in Smell","5% AHA Underarm Roll On with Coffee - 50ml","Mcaf278","B001","DELHIVERY","4_Apr'26","4_Apr Week 2","email"
"4/14/2026","7709150","Product","Reacted - Skin Rashes","Sun Bath SPF Body Sunscreen 80+ PA ++++ Spray - 100ml","MCaf365","SUB25011","Shadowfax","4_Apr'26","4_Apr Week 2","instagram"
"4/12/2026","Fien1342900","Product","Reacted-Skin Irritation","By the Blues Brightening Perfume Body Lotion - 300ml","MCaf401","CB002","DELHIVERY","4_Apr'26","4_Apr Week 2","email"
"4/14/2026","8039536","Product","Disatisfied-Smell","Exfoliating Caramel Crunch Body Wash - 300 ml","Mcaf397_WB","","ElasticRun","4_Apr'26","4_Apr Week 2","whatsapp"
"4/13/2026","7904230","Product","Disatisfied-Smell","Summer Breeze Perfume Body Lotion - 300ml","MCaf371","","DELHIVERY","4_Apr'26","4_Apr Week 2","instagram"
"4/12/2026","8038010","Product","Change in consistency","Choco Body Butter - 250g","MCaf48","CBB-181","Shadowfax","4_Apr'26","4_Apr Week 2","whatsapp"
"4/14/2026","7820587","Product","Change in consistency","Exfoliating Caramel Crunch Body Wash - 300 ml","Mcaf397_WB","MCCB-021","ElasticRun","4_Apr'26","4_Apr Week 2","whatsapp"
"4/16/2026","8034801","Product","Change in Smell","5% AHA Underarm Roll On with Coffee - 50ml","Mcaf278","B001","DELHIVERY","4_Apr'26","4_Apr Week 3","email"
"4/16/2026","7709515","Product","Reacted-Skin Irritation","Sun Bath SPF Body Sunscreen 80+ PA ++++ Spray - 100ml","MCaf365","","DELHIVERY","4_Apr'26","4_Apr Week 3","whatsapp"
"4/1/2026","4133943","Product","Others","Green Tea & 15% Vitamin C Face Serum - 30 ml","MCaf189","MVCM-002","DELHIVERY","4_Apr'26","4_Apr Week 1","email"
"4/17/2026","8057660","Product","Reacted-Skin Irritation","Brightening Raspberry Body Scrub | Vit C Rich - 175g","MCaf382_WB","B188","Shadowfax","4_Apr'26","4_Apr Week 3","whatsapp"
"4/16/2026","7911412","Product","Reacted - Skin Rashes","Coffee Body Scrub - 100 g","MCaf40","MCBS-916","DELHIVERY","4_Apr'26","4_Apr Week 3","whatsapp"
"4/16/2026","8014971","Product","Reacted-Skin Irritation","Brightening Face Wash - 1% Kojic Acid & Glutathione","MCaf299","","DELHIVERY","4_Apr'26","4_Apr Week 3","whatsapp"
"4/16/2026","7114009","Product","Reacted-Acne/Pimples","Brightening Body Wash | 5% Niacinamide & Raspberry Extracts (300ml)","MCaf383_WB","MBRB-035","DELHIVERY","4_Apr'26","4_Apr Week 3","whatsapp"
"4/18/2026","8037674","Product","Change in Smell","Brightening Face Wash - 1% Kojic Acid & Glutathione","MCaf299","SMC250110","DELHIVERY","4_Apr'26","4_Apr Week 3","whatsapp"
"4/18/2026","8064339","Product","Change in Smell","Coffee Face Mask - 100 gm","MCaf46","CCM-059","Shadowfax","4_Apr'26","4_Apr Week 3","whatsapp"
"4/18/2026","7571710","Product","Others","Velvet Blur Matte Liquid Lipstick - Espresso Dream","MCaf308","MC0103","","4_Apr'26","4_Apr Week 3","email"
"4/17/2026","8034801","Product","Change in Smell","5% AHA Underarm Roll On with Coffee - 50ml","Mcaf278","B001","DELHIVERY","4_Apr'26","4_Apr Week 3","email"
"4/17/2026","8042817","Product","Disatisfied-Smell","Summer Breeze Perfume Body Lotion - 300ml","MCaf371","","DELHIVERY","4_Apr'26","4_Apr Week 3","whatsapp"
"4/11/2026","8028423","Product","Disatisfied-Smell","","","","","4_Apr'26","4_Apr Week 2","whatsapp"
"4/11/2026","8000070","Product","Others","Green Tea Face Serum with Hyaluronic Acid - 40ml","MCaf55","","","4_Apr'26","4_Apr Week 2","whatsapp"
"4/11/2026","7981890","Product","Disatisfied-Smell","5% AHA Underarm Roll On with Coffee - 50ml","Mcaf278","","","4_Apr'26","4_Apr Week 2","whatsapp"
"4/13/2026","8028317","Product","Product Not Effective","By the Blues Brightening Perfume Body Lotion - 300ml","MCaf401","","","4_Apr'26","4_Apr Week 2","whatsapp"
"4/16/2026","8014971","Product","Reacted-Acne/Pimples","Brightening Face Wash - 1% Kojic Acid & Glutathione","MCaf299","","","4_Apr'26","4_Apr Week 3","whatsapp"
"4/16/2026","8004491","Product","Others","11% AHA BHA Strawberry Body Lotion for Skin Smoothening","MCaf402","","","4_Apr'26","4_Apr Week 3","whatsapp"
"4/16/2026","8037736","Product","Texture Issue","","","","","4_Apr'26","4_Apr Week 3","whatsapp"
"4/20/2026","7999811","Product","Reacted-Skin Irritation","Anti-Ageing Night Cream with Black Tea Complex - 50 ml","MCaf259","AMBNC-001","Shadowfax","4_Apr'26","4_Apr Week 3","whatsapp"
"4/21/2026","8090649","Product","Reacted-Skin Irritation","Coffee Under Eye Cream - 15 ml","15MCaf62","B6007","DELHIVERY","4_Apr'26","4_Apr Week 3","whatsapp"
"4/22/2026","8016647","Product","Texture Issue","Sun Glaze Mist Face Sunscreen SPF 50 PA++++ Spray- 100ml","MCaf364","PTF2501","DELHIVERY","4_Apr'26","4_Apr Week 4","whatsapp"
"4/21/2026","8102506","Product","Change in consistency","Coffee Face Wash - 100 ml","MCaf41","MCFW517","ElasticRun","4_Apr'26","4_Apr Week 3","whatsapp"
"4/23/2026","7872543","Product","Change in color","Guava Tini De-Tan Body Wash - 300 ml","Mcaf396_WB","AMGTB-229","Shadowfax","4_Apr'26","4_Apr Week 4","email"
"4/22/2026","8100279","Product","Disatisfied-Smell","Bite of Desire Perfume for Women- Vanilla & Lavender - 100ml","MCaf393","BMDT-002","DELHIVERY","4_Apr'26","4_Apr Week 4","email"
"4/23/2026","8062868","Product","Reacted-Acne/Pimples","Brightening Raspberry SPF 50 PA+++ Body Sunscreen Lotion - 200 ml","MCaf385","","DELHIVERY","4_Apr'26","4_Apr Week 4","whatsapp"
"4/22/2026","8111169","Product","Disatisfied-Smell","Sweet Escape Perfume Body Lotion - 300ml","MCaf370","AMSEL-352","DELHIVERY","4_Apr'26","4_Apr Week 4","whatsapp"
"4/23/2026","8061908","Product","Presence of foreign particles(Hair/glass/pins)","Sun Glaze Mist Face Sunscreen SPF 50 PA++++ Spray- 100ml","MCaf364","PTF2501","DELHIVERY","4_Apr'26","4_Apr Week 4","whatsapp"
"4/23/2026","8091901","Product","Change in Smell","Sun Glaze Mist Face Sunscreen SPF 50 PA++++ Spray- 100ml","MCaf364","PTE2501","Shadowfax","4_Apr'26","4_Apr Week 4","whatsapp"
"4/21/2026","8075442","Product","Disatisfied-Smell","Brightening Face Wash - 1% Kojic Acid & Glutathione","MCaf299","","DELHIVERY","4_Apr'26","4_Apr Week 3","email"
"4/22/2026","8010885","Product","Change in Smell","Brightening Face Wash - 1% Kojic Acid & Glutathione","MCaf299","","DELHIVERY","4_Apr'26","4_Apr Week 4","whatsapp"
"4/24/2026","8117290","Product","Change in Smell","Brightening Body Wash | 5% Niacinamide & Raspberry Extracts (300ml)","MCaf383_WB","","DELHIVERY","4_Apr'26","4_Apr Week 4","whatsapp"
"4/24/2026","8109514","Product","Change in Smell","Coffee Face Mask - 15g","15SMCaf46","CFM-032","DELHIVERY","4_Apr'26","4_Apr Week 4","whatsapp"
"4/24/2026","SO27661","Product","Reacted-Skin Irritation","Glow Boost Grapefruit Body Scrub | Vit C Rich - 175g","MCaf381_WB","","","4_Apr'26","4_Apr Week 4","whatsapp"
"4/23/2026","8091901","Product","Change in Smell","Sun Glaze Mist Face Sunscreen SPF 50 PA++++ Spray- 100ml","MCaf364","PTE2501","Shadowfax","4_Apr'26","4_Apr Week 4","whatsapp"
"4/20/2026","6482255","Product","Product Not Effective","Exfoliating Caramel Crunch Body Wash - 300 ml","Mcaf397_WB","MCCB-009","","4_Apr'26","4_Apr Week 3","email"
"4/25/2026","7985858","Product","Change in Smell","10% Magnesium Body Lotion - 300ml","Mcaf398","AB039","Pikndel","4_Apr'26","4_Apr Week 4","whatsapp"
"4/25/2026","N/A","Product","Reacted-Skin Irritation","Coffee Body Scrub - 100 g","MCaf40","MCBS-860","","4_Apr'26","4_Apr Week 4","whatsapp"
"3/31/2026","7894464","Product","Reacted-Skin Irritation","Blueberry Breeze Body Scrub - 175g","MCaf285_WB","B132","Shadowfax","3_Mar'26","3_Mar Week 5","email"
"4/25/2026","8116775","Product","Change in Smell","Brightening Face Wash - 1% Kojic Acid & Glutathione","MCaf299","SMC260028","DELHIVERY","4_Apr'26","4_Apr Week 4","whatsapp"
"4/26/2026","8100131","Product","Reacted-Skin Irritation","Exfoliating Caramel Crunch Body Wash - 300 ml","Mcaf397_WB","","Shadowfax","4_Apr'26","4_Apr Week 4","whatsapp"
"4/28/2026","8109745","Product","Reacted-Acne/Pimples","By the Blues Brightening Perfume Body Lotion - 300ml","MCaf401","ENGA6016","DELHIVERY","4_Apr'26","4_Apr Week 4","whatsapp"
"4/28/2026","N/A","Product","Disatisfied-Smell","By the Blues Brightening Perfume Body Lotion - 300ml","MCaf401","","","4_Apr'26","4_Apr Week 4","whatsapp"
"4/27/2026","SO27801","Product","Product Not Effective","Slow Kiss Perfume for Men - Aromatic Fresh - 100ml","MCaf351","BMST-002","","4_Apr'26","4_Apr Week 4","email"
"4/27/2026","8098639","Product","Texture Issue","Anti-Ageing Night Cream with Black Tea Complex - 50 ml","MCaf259","AMBNC-002","Shadowfax","4_Apr'26","4_Apr Week 4","whatsapp"
"4/28/2026","8136183","Product","Change in Smell","Sweet Escape Perfume Body Lotion - 300ml","MCaf370","ENGE5017","DELHIVERY","4_Apr'26","4_Apr Week 4","whatsapp"
"4/25/2026","8137531","Product","Disatisfied-Smell","Exfoliating Caramel Crunch Body Wash - 300 ml","Mcaf397_WB","","Pikndel","4_Apr'26","4_Apr Week 4","email"
"4/28/2026","8059500","Product","Texture Issue","Anti-Ageing Night Cream with Black Tea Complex - 50 ml","MCaf259","","Shadowfax","4_Apr'26","4_Apr Week 4","whatsapp"
"4/29/2026","8109499","Product","Product Not Effective","Guava Tini De-Tan Body Wash - 300 ml","Mcaf396_WB","","Pidge","4_Apr'26","4_Apr Week 5","whatsapp"
"4/29/2026","8155262","Product","Reacted-Skin Irritation","Coffee Under Eye Cream - 15 ml","15MCaf62","","ElasticRun","4_Apr'26","4_Apr Week 5","whatsapp"
"4/30/2026","7885902","Product","Product Not Effective","Exfoliating Caramel Crunch Body Wash - 300 ml","Mcaf397_WB","","","4_Apr'26","4_Apr Week 5","whatsapp"
"4/30/2026","Fien1439070","Product","Product Not Effective","By the Blues Brightening Perfume Body Lotion - 300ml","MCaf401","ENGA6042","Shadowfax","4_Apr'26","4_Apr Week 5","email"
"4/29/2026","8139133","Product","Change in color","Green Tea & 15% Vitamin C Face Serum - 30 ml","MCaf189","MGV-018","Xpressbees","4_Apr'26","4_Apr Week 5","whatsapp"
"4/29/2026","8130284","Product","Disatisfied-Smell","11% AHA BHA Strawberry Body Lotion for Skin Smoothening","MCaf402","BNGH6001","Shadowfax","4_Apr'26","4_Apr Week 5","whatsapp"
"5/1/2026","8164388","Product","Disatisfied-Smell","11% AHA BHA Strawberry Body Lotion for Skin Smoothening","MCaf402","BNGH6005","Shadowfax","5_May'26","5_May Week 1","whatsapp"
"5/2/2026","8163649","Product","Disatisfied-Smell","11% AHA BHA Strawberry Body Lotion for Skin Smoothening","MCaf402","BNGH6001","DELHIVERY","5_May'26","5_May Week 1","whatsapp"
"5/2/2026","8133154","Product","Reacted-Skin Irritation","Take A Dip Triple-Action Deo Body Wash 250ml","Mcaf408_WB","","DELHIVERY","5_May'26","5_May Week 1","whatsapp"
"4/30/2026","8160025","Product","Texture Issue","Coffee Face Mask - 100 gm","MCaf46","","DELHIVERY","4_Apr'26","4_Apr Week 5","whatsapp"
"4/28/2026","N/A","Product","Product Not Effective","Exfoliating Caramel Crunch Body Wash - 300 ml","Mcaf397_WB","MCCB-009","","4_Apr'26","4_Apr Week 4","email"
"5/3/2026","8100131","Product","Reacted-Skin Irritation","Summer Breeze Perfume Body Lotion - 300ml","MCaf371","","Shadowfax","5_May'26","5_May Week 1","whatsapp"
"5/3/2026","ECOMMERCE","Product","Disatisfied-Smell","Sweet Escape Perfume Body Lotion - 300ml","MCaf370","","Shadowfax","5_May'26","5_May Week 1","whatsapp"
"5/3/2026","8100131_1","Product","Reacted-Skin Irritation","Guava Tini De-Tan Body Wash - 300 ml","Mcaf396_WB","","Shadowfax","5_May'26","5_May Week 1","whatsapp"
"5/3/2026","OD337344916690554100","Product","Product Not Effective","High Shine Perfector Hair Spray","Mcaf406","","","5_May'26","5_May Week 1","instagram"
"5/4/2026","8157451","Product","Product Not Effective","By the Blues Brightening Perfume Body Lotion - 300ml","MCaf401","","Shadowfax","5_May'26","5_May Week 1","instagram"
"5/3/2026","8100131_1","Product","Reacted-Skin Irritation","Guava Tini De-Tan Body Wash - 300 ml","Mcaf396_WB","","Shadowfax","5_May'26","5_May Week 1","whatsapp"
"5/4/2026","8202549","Product","Change in Smell","Summer Breeze Perfume Body Lotion - 300ml","MCaf371","ENGF6009","Shadowfax","5_May'26","5_May Week 1","email"
"5/5/2026","8037603","Product","Reacted-Acne/Pimples","Brightening Face Wash - 1% Kojic Acid & Glutathione","MCaf299","SMC250110","DELHIVERY","5_May'26","5_May Week 1","whatsapp"
"5/4/2026","8206227","Product","Change in Smell","Sweet Escape Perfume Body Lotion - 600ml","600MCaf370","AMSEL-187","Shadowfax","5_May'26","5_May Week 1","whatsapp"
"5/5/2026","8222651","Product","Change in consistency","11% AHA BHA Strawberry Body Lotion for Skin Smoothening","MCaf402","BNGH6003","DELHIVERY","5_May'26","5_May Week 1","whatsapp"
"5/4/2026","Fien1537170","Product","Product Not Effective","Perfume Gift Set for Men Curated by Women - 20 ml x 4","MGKIT64_SWM","","","5_May'26","5_May Week 1","whatsapp"
"5/4/2026","ECOMMERCE","Product","Change in Smell","Sweet Escape Perfume Body Lotion - 300ml","MCaf370","","Shadowfax","5_May'26","5_May Week 1","whatsapp"
"5/6/2026","8210283","Product","Product Not Effective","1% Kojic Acid & Glutathione Guava Fizz Soap - 300g (3x100g)","3MCaf394","","DELHIVERY","5_May'26","5_May Week 1","email"
"5/6/2026","N/A","Product","Product Not Effective","Sweet Escape Perfume Body Lotion - 300ml","MCaf370","","","5_May'26","5_May Week 1","instagram"
"5/5/2026","8112202","Product","Reacted-Skin Irritation","Island Fresh Triple Action Deo Body Wash","Mcaf409_WB","AMIDW011","Shadowfax","5_May'26","5_May Week 1","email"
"5/5/2026","7982365","Product","Reacted-Acne/Pimples","Brightening Face Wash - 1% Kojic Acid & Glutathione","MCaf299","SMC260051","Shadowfax","5_May'26","5_May Week 1","whatsapp"
"5/4/2026","ECOMMERCE","Product","Reacted-Skin Irritation","By the Blues Brightening Perfume Body Lotion - 300ml","MCaf401","ENGA6006","","5_May'26","5_May Week 1","instagram"
"5/6/2026","8186760","Product","Disatisfied-Smell","Sweet Escape Perfume Body Lotion - 300ml","MCaf370","","Shadowfax","5_May'26","5_May Week 1","email"
"5/6/2026","N/A","Product","Product Not Effective","Guava Tini De-Tan Body Wash - 300 ml","Mcaf396_WB","","","5_May'26","5_May Week 1","whatsapp"
"5/7/2026","8042817","Product","Reacted-Skin Irritation","Guava Tini De-Tan Body Wash - 300 ml","Mcaf396_WB","","DELHIVERY","5_May'26","5_May Week 1","whatsapp"
"5/2/2026","7999407","Product","Reacted-Skin Irritation","Take A Dip Triple-Action Deo Body Wash 250ml","Mcaf408_WB","AMTDW-237","Shadowfax","5_May'26","5_May Week 1","email"
"5/6/2026","8136865","Product","Change in Smell","Sun Glaze Mist Face Sunscreen SPF 50 PA++++ Spray- 100ml","MCaf364","PTE2501","DELHIVERY","5_May'26","5_May Week 1","whatsapp"
"5/7/2026","8044251","Product","Product Not Effective","Exfoliating Caramel Crunch Body Wash - 300 ml","Mcaf397_WB","DNGC6019","DELHIVERY","5_May'26","5_May Week 1","whatsapp"
"5/6/2026","8112202","Product","Reacted-Skin Irritation","Island Fresh Triple Action Deo Body Wash","Mcaf409_WB","AMIDW-011","Shadowfax","5_May'26","5_May Week 1","email"
"5/7/2026","8217977","Product","Texture Issue","Shimmer Body Butter with Cocoa Butter - 150 g","MCaf234_WB","","DELHIVERY","5_May'26","5_May Week 1","whatsapp"
"5/6/2026","8210229","Product","Change in Smell","11% AHA BHA Strawberry Body Lotion for Skin Smoothening","MCaf402","BNGH6002","ElasticRun","5_May'26","5_May Week 1","whatsapp"
"5/8/2026","8094468","Product","Product Not Effective","Guava Tini De-Tan Body Wash - 300 ml","Mcaf396_WB","AMGTB-249","Shadowfax","5_May'26","5_May Week 2","whatsapp"
"5/4/2026","6528730","Product","Product Not Effective","Coffee Body Scrub - 100 g","MCaf40","","DELHIVERY","5_May'26","5_May Week 1","email"
"5/8/2026","8145691","Product","Product Not Effective","Guava Tini De-Tan Body Wash - 300 ml","Mcaf396_WB","AMGTB-170","Shadowfax","5_May'26","5_May Week 2","whatsapp"
"5/9/2026","8215937","Product","Reacted-Skin Irritation","Summer Breeze Perfume Body Lotion - 300ml","MCaf371","ENGF6007","DELHIVERY","5_May'26","5_May Week 2","whatsapp"
"5/4/2026","8188976","Product","Change in consistency","Guava Tini De-Tan Body Wash - 300 ml","Mcaf396_WB","AMGTB-275","Shadowfax","5_May'26","5_May Week 1","email"
"5/5/2026","8212069","Product","Disatisfied-Smell","By the Blues Brightening Perfume Body Lotion - 300ml","MCaf401","ENGA6024","Shadowfax","5_May'26","5_May Week 1","email"
"4/10/2026","ECOMMERCE","Product","Burning Sensation","Super Glow Flash Facial 25% AHA+BHA+PHA Face Mask - 50gm","mcaf375","NAK5109F","","4_Apr'26","4_Apr Week 2","email"
"5/11/2026","8094544","Product","Disatisfied-Smell","Guava Tini De-Tan Body Wash - 300 ml","Mcaf396_WB","","DELHIVERY","5_May'26","5_May Week 2","whatsapp"
"5/8/2026","8203869","Product","Product Not Effective","Midnight in Bombay Perfume for Men & Women - Woody Gourmand - 100ml","MCaf392","BMBT-004","DELHIVERY","5_May'26","5_May Week 2","email"
"4/30/2026","8127368","Product","Reacted-Skin Irritation","Blueberry Blast Body Wash - 300 ml","MCaf280_WB","PT5L001","DELHIVERY","4_Apr'26","4_Apr Week 5","instagram"
"5/9/2026","8270660","Product","Disatisfied-Smell","Choco Body Butter - 250g","MCaf48","","Pikndel","5_May'26","5_May Week 2","instagram"
"5/12/2026","8225991_1","Product","Disatisfied-Smell","Magnetic Perfume for Men - Aquatic - 100ml","MCaf352","","DELHIVERY","5_May'26","5_May Week 2","whatsapp"
"5/6/2026","8188255","Product","Disatisfied-Smell","By the Blues Brightening Perfume Body Lotion - 300ml","MCaf401","ENGA6026","Xpressbees","5_May'26","5_May Week 1","email"
"5/13/2026","8229341","Product","Disatisfied-Smell","10% Magnesium Body Lotion - 300ml","Mcaf398","","","5_May'26","5_May Week 2","instagram"
"5/13/2026","Fien1438050","Product","Change in Smell","By the Blues Brightening Perfume Body Lotion - 300ml","MCaf401","","","5_May'26","5_May Week 2","whatsapp"
"5/12/2026","8212713","Product","Reacted-Skin Irritation","Daily Glow Green Tea Sunscreen SPF 50 PA++++ with Niacinamide - 50 ml","MCaf220_F","NAK6051G","DELHIVERY","5_May'26","5_May Week 2","email"
"5/13/2026","8161983","Product","Product Not Effective","Advanced Hair Fall Control CaffexilÂ® Shampoo with Rosemary-250 ML","MCaf272_WB","","DELHIVERY","5_May'26","5_May Week 2","email"
"5/13/2026","8161983","Product","Product Not Effective","Advanced Hair Fall Control Caffexil?? Conditioner with Keratin-250 ML","MCaf273_WB","","","5_May'26","5_May Week 2","whatsapp"
"5/13/2026","8229341","Product","Disatisfied-Smell","10% Magnesium Body Lotion - 300ml","Mcaf398","","DELHIVERY","5_May'26","5_May Week 2","email"
"5/13/2026","8215937","Product","Reacted-Skin Irritation","Summer Breeze Perfume Body Lotion - 300ml","MCaf371","ENGF6007","","5_May'26","5_May Week 2","whatsapp"
"5/11/2026","N/A","Product","Reacted-Skin Irritation","Sun Bath SPF Body Sunscreen 80+ PA ++++ Spray - 100ml","MCaf365","","","5_May'26","5_May Week 2","instagram"
"5/8/2026","8210283","Product","Product Not Effective","Coffee Body Scrub - 100 g","MCaf40","","DELHIVERY","5_May'26","5_May Week 2","email"
"4/19/2026","7940925","Product","Burning Sensation","Super Glow Flash Facial 25% AHA+BHA+PHA Face Mask - 50gm","mcaf375","","Shadowfax","4_Apr'26","4_Apr Week 3","email"
"5/12/2026","N/A","Product","Product Not Effective","Guava Tini De-Tan Body Wash - 300 ml","Mcaf396_WB","","","5_May'26","5_May Week 2","instagram"
"5/13/2026","8231877","Product","Reacted-Skin Irritation","Brightening Body Wash | 5% Niacinamide & Raspberry Extracts (300ml)","MCaf383_WB","","Delhivery","5_May'26","5_May Week 2","whatsapp"
"5/13/2026","8283383","Product","Disatisfied-Smell","Sweet Escape Perfume Body Lotion - 300ml","MCaf370","","Shadowfax","5_May'26","5_May Week 2","whatsapp"
"5/9/2026","7710329","Product","Reacted-Skin Irritation","Sun Bath SPF Body Sunscreen 80+ PA ++++ Spray - 100ml","MCaf365","","DELHIVERY","5_May'26","5_May Week 2","whatsapp"
"5/12/2026","8270564","Product","Reacted-Skin Irritation","Water Light Gel Oil-free Coffee Moisturizer","MCaf83_N","SMC260056","DELHIVERY","5_May'26","5_May Week 2","email"
"5/15/2026","7710329","Product","Reacted-Skin Irritation","Sun Bath SPF Body Sunscreen 80+ PA ++++ Spray - 100ml","MCaf365","","DELHIVERY","5_May'26","5_May Week 3","whatsapp"
"5/15/2026","8298160","Product","Disatisfied-Smell","Super Glow Flash Facial 25% AHA+BHA+PHA Face Mask - 50gm","mcaf375","NAK6006F","Xpressbees","5_May'26","5_May Week 3","whatsapp"
"5/15/2026","8277976","Product","Change in Smell","Take A Dip Triple-Action Deo Body Wash 250ml","Mcaf408_WB","","","5_May'26","5_May Week 3","whatsapp"
"5/15/2026","8256175","Product","Disatisfied-Smell","Take A Dip Triple-Action Deo Body Wash 250ml","Mcaf408_WB","","DELHIVERY","5_May'26","5_May Week 3","whatsapp"
"5/16/2026","8297662","Product","Texture Issue","Coffee Body Scrub - 100 g","MCaf40","","","5_May'26","5_May Week 3","whatsapp"
"5/15/2026","Fien1667400","Product","Burning Sensation","High Shine Perfector Hair Spray","Mcaf406","","Xpressbees","5_May'26","5_May Week 3","whatsapp"
"5/16/2026","N/A","Product","Reacted-Skin Irritation","Sun Bath SPF Body Sunscreen 80+ PA ++++ Spray - 100ml","MCaf365","","","5_May'26","5_May Week 3","whatsapp"
"5/18/2026","8300057","Product","Disatisfied-Smell","Summer Breeze Perfume Body Lotion - 300ml","MCaf371","","Xpressbees","5_May'26","5_May Week 3","whatsapp"
"5/18/2026","8346029","Product","Disatisfied-Smell","Sweet Escape Perfume Body Lotion - 300ml","MCaf370","","DELHIVERY","5_May'26","5_May Week 3","whatsapp"
"5/19/2026","ECOMMERCE","Product","Product Not Effective","Coffee Body Scrub - 100 g","MCaf40","","","5_May'26","5_May Week 3","whatsapp"
"5/19/2026","8342585","Product","Others","Pore Cleanse Coffee Cookie Detan Face Mask - 100gm","MCaf388","BB789","DELHIVERY","5_May'26","5_May Week 3","whatsapp"
"5/19/2026","8275759","Product","Reacted-Skin Irritation","Take A Dip Triple-Action Deo Body Wash 250ml","Mcaf408_WB","","DELHIVERY","5_May'26","5_May Week 3","whatsapp"
"5/17/2026","8169825","Product","Change in consistency","Sweet Escape Perfume Body Lotion - 300ml","MCaf370","AMSEL-337","DELHIVERY","5_May'26","5_May Week 3","email"
"5/19/2026","8334393","Product","Disatisfied-Smell","Summer Breeze Perfume Body Lotion - 300ml","MCaf371","ENGF6021","DELHIVERY","5_May'26","5_May Week 3","whatsapp"
"5/15/2026","8283202","Product","Disatisfied-Smell","Blueberry Breeze Body Scrub - 175g","MCaf285_WB","B147","Xpressbees","5_May'26","5_May Week 3","email"
"5/18/2026","8329023","Product","Burning Sensation","Guava Tini De-Tan Body Wash - 300 ml","Mcaf396_WB","","","5_May'26","5_May Week 3","whatsapp"
"5/18/2026","8330921","Product","Disatisfied-Smell","Sweet Escape Perfume Body Lotion - 300ml","MCaf370","","DELHIVERY","5_May'26","5_May Week 3","whatsapp"
"5/18/2026","8323921","Product","Change in Smell","Blueberry Breeze Body Scrub - 175g","MCaf285_WB","B149","Delhivery","5_May'26","5_May Week 3","whatsapp"
"5/2/2026","6869205","Product","Disatisfied-Smell","Exfoliating Caramel Crunch Body Wash - 300 ml","Mcaf397_WB","MCCB-038","DTDC","5_May'26","5_May Week 1","email"
"5/19/2026","8197280","Product","Disatisfied-Smell","Brightening Raspberry SPF 50 PA+++ Body Sunscreen Lotion - 200 ml","MCaf385","NAK5123R","Shadowfax","5_May'26","5_May Week 3","whatsapp"
"5/20/2026","8224427","Product","Disatisfied-Smell","Coffee Face Wash 50 ml","50MCaf41_WB_F","","Shadowfax","5_May'26","5_May Week 3","whatsapp"
"5/20/2026","8328259","Product","Reacted-Skin Irritation","Coffee Hydrogel Under Eye Patches with Caffeine & HA - 15 Pairs","15MCaf177","UE250266","Delhivery","5_May'26","5_May Week 3","whatsapp"
"5/19/2026","8340497","Product","Disatisfied-Smell","Perfume Gift Set for Men Curated by Women - 20 ml x 4","MGKIT64_SWM","","DELHIVERY","5_May'26","5_May Week 3","email"
"5/20/2026","8345757","Product","Disatisfied-Smell","By the Blues Brightening Perfume Body Lotion - 300ml","MCaf401","","DELHIVERY","5_May'26","5_May Week 3","whatsapp"
"5/19/2026","8333097","Product","Disatisfied-Smell","By the Blues Brightening Perfume Body Lotion - 300ml","MCaf401","","Shadowfax","5_May'26","5_May Week 3","email"
"5/20/2026","8372535","Product","Disatisfied-Smell","Take A Dip Triple-Action Deo Body Wash 250ml","Mcaf408_WB","","Pikndel","5_May'26","5_May Week 3","email"
"5/20/2026","8300057","Product","Disatisfied-Smell","Summer Breeze Perfume Body Lotion - 300ml","MCaf371","","Xpressbees","5_May'26","5_May Week 3","whatsapp"
"5/20/2026","8373856","Product","Disatisfied-Smell","Sweet Escape Perfume Body Lotion - 300ml","MCaf370","","Shadowfax","5_May'26","5_May Week 3","whatsapp"
"5/19/2026","8274153","Product","Reacted-Skin Irritation","Super Glow Flash Facial 25% AHA+BHA+PHA Face Mask - 50gm","mcaf375","","DELHIVERY","5_May'26","5_May Week 3","whatsapp"
"5/21/2026","8305155","Product","Reacted-Skin Irritation","By the Blues Brightening Perfume Body Lotion - 300ml","MCaf401","","ElasticRun","5_May'26","5_May Week 3","whatsapp"
"5/21/2026","8320681","Product","Disatisfied-Smell","Summer Breeze Perfume Body Lotion - 300ml","MCaf371","","DELHIVERY","5_May'26","5_May Week 3","whatsapp"
"5/21/2026","8333097","Product","Disatisfied-Smell","By the Blues Brightening Perfume Body Lotion - 300ml","MCaf401","","Shadowfax","5_May'26","5_May Week 3","email"
"5/19/2026","8354393","Product","Reacted-Skin Irritation","Sweet Escape Perfume Body Lotion - 300ml","MCaf370","AMSEL-368","Shadowfax","5_May'26","5_May Week 3","email"
"5/21/2026","8375415","Product","Reacted-Skin Irritation","Island Fresh Triple Action Deo Body Wash","Mcaf409_WB","","Shadowfax","5_May'26","5_May Week 3","whatsapp"
"5/20/2026","8339624","Product","Disatisfied-Smell","Summer Breeze Perfume Body Lotion - 300ml","MCaf371","ENGF6022","DELHIVERY","5_May'26","5_May Week 3","whatsapp"
"5/21/2026","8305322","Product","Product Not Effective","Take A Dip Triple-Action Deo Body Wash 250ml","Mcaf408_WB","","Xpressbees","5_May'26","5_May Week 3","whatsapp"
"5/21/2026","8278371","Product","Product Not Effective","Brightening Raspberry SPF 50 PA+++ Body Sunscreen Lotion - 200 ml","MCaf385","","Shadowfax","5_May'26","5_May Week 3","whatsapp"
"5/21/2026","8264446","Product","Product Not Effective","By the Blues Brightening Perfume Body Lotion - 300ml","MCaf401","ENGA6033","DELHIVERY","5_May'26","5_May Week 3","whatsapp"
"5/21/2026","N/A","Product","Disatisfied-Smell","Choco Body Butter - 250g","MCaf48","","","5_May'26","5_May Week 3","instagram"
"5/20/2026","8366521","Product","Change in Smell","Brightening Raspberry SPF 50 PA+++ Body Sunscreen Lotion - 200 ml","MCaf385","NAK5124R","ElasticRun","5_May'26","5_May Week 3","whatsapp"
"5/21/2026","8346432","Product","Disatisfied-Smell","Guava Tini De-Tan Body Wash - 300 ml","Mcaf396_WB","AMGTB-271","DELHIVERY","5_May'26","5_May Week 3","whatsapp"
"5/20/2026","8305322","Product","Product Not Effective","Take A Dip Triple-Action Deo Body Wash 250ml","Mcaf408_WB","","Xpressbees","5_May'26","5_May Week 3","whatsapp"
"5/21/2026","8195074","Product","Disatisfied-Smell","Sweet Escape Perfume Body Lotion - 300ml","MCaf370","AMSEL-326","Shadowfax","5_May'26","5_May Week 3","whatsapp"
"5/21/2026","8371496","Product","Disatisfied-Smell","Sweet Escape Perfume Body Lotion - 300ml","MCaf370","AMSEL-374","DELHIVERY","5_May'26","5_May Week 3","whatsapp"
"5/21/2026","8264446","Product","Product Not Effective","By the Blues Brightening Perfume Body Lotion - 300ml","MCaf401","ENGA6033","DELHIVERY","5_May'26","5_May Week 3","whatsapp"
"5/21/2026","ECOMMERCE","Product","Disatisfied-Smell","Choco Body Butter - 250g","MCaf48","","","5_May'26","5_May Week 3","instagram"
"5/21/2026","8209215","Product","Disatisfied-Smell","Summer Breeze Perfume Body Lotion - 300ml","MCaf371","ENGF6007","Shadowfax","5_May'26","5_May Week 3","whatsapp"
"5/20/2026","8314398","Product","Reacted-Skin Irritation","Sweet Escape Perfume Body Lotion - 300ml","MCaf370","AMSEL-377","DELHIVERY","5_May'26","5_May Week 3","whatsapp"
"5/22/2026","8366474","Product","Disatisfied-Smell","Take A Dip Triple-Action Deo Body Wash 250ml","Mcaf408_WB","","DELHIVERY","5_May'26","5_May Week 4","whatsapp"
"5/22/2026","8241583","Product","Product Not Effective","High Shine Perfector Hair Spray","Mcaf406","","DELHIVERY","5_May'26","5_May Week 4","whatsapp"
"5/22/2026","8344744","Product","Reacted-Skin Irritation","Choco Body Butter - 250g","MCaf48","","DELHIVERY","5_May'26","5_May Week 4","email"
"5/22/2026","8333097","Product","Disatisfied-Smell","By the Blues Brightening Perfume Body Lotion - 300ml","MCaf401","","Shadowfax","5_May'26","5_May Week 4","email"
"5/22/2026","8365854","Product","Reacted-Skin Irritation","Super Glow Flash Facial 25% AHA+BHA+PHA Face Mask - 50gm","mcaf375","","Shadowfax","5_May'26","5_May Week 4","whatsapp"
"5/21/2026","8377561","Product","Presence of foreign particles(Hair/glass/pins)","Shimmer Body Butter with Cocoa Butter - 150 g","MCaf234_WB","","DELHIVERY","5_May'26","5_May Week 3","whatsapp"
"5/22/2026","8365854","Product","Reacted-Skin Irritation","Super Glow Flash Facial 25% AHA+BHA+PHA Face Mask - 50gm","mcaf375","","Shadowfax","5_May'26","5_May Week 4","whatsapp"
"5/21/2026","8357927","Product","Texture Issue","Guava Tini De-Tan Body Wash - 300 ml","Mcaf396_WB","","DTDC","5_May'26","5_May Week 3","whatsapp"
"5/21/2026","ECOMMERCE","Product","Texture Issue","Coffee Body Scrub - 100 g","MCaf40","","","5_May'26","5_May Week 3","email"
"5/21/2026","8333097","Product","Disatisfied-Smell","By the Blues Brightening Perfume Body Lotion - 300ml","MCaf401","","Shadowfax","5_May'26","5_May Week 3","email"
"5/13/2026","7695010","Product","Product Not Effective","Guava Tini De-Tan Body Wash - 300 ml","Mcaf396_WB","AMGTB-159","","5_May'26","5_May Week 2","email"
"5/23/2026","8380112","Product","Disatisfied-Smell","Summer Breeze Perfume Body Lotion - 300ml","MCaf371","","DELHIVERY","5_May'26","5_May Week 4","whatsapp"
"5/23/2026","8332949","Product","Change in Smell","Sweet Escape Perfume Body Lotion - 300ml","MCaf370","AMSEL-419","DELHIVERY","5_May'26","5_May Week 4","whatsapp"
"5/23/2026","8096477","Product","Texture Issue","Anti-Ageing Night Cream with Black Tea Complex - 50 ml","MCaf259","","ElasticRun","5_May'26","5_May Week 4","whatsapp"
"5/23/2026","8351691","Product","Disatisfied-Smell","Sweet Escape Perfume Body Lotion - 300ml","MCaf370","","DELHIVERY","5_May'26","5_May Week 4","email"
"5/22/2026","8351437","Product","Disatisfied-Smell","Summer Breeze Perfume Body Lotion - 300ml","MCaf371","","DELHIVERY","5_May'26","5_May Week 4","whatsapp"
"5/22/2026","8233821","Product","Product Not Effective","Super Glow Flash Facial 25% AHA+BHA+PHA Face Mask - 50gm","mcaf375","NAK6006F","DELHIVERY","5_May'26","5_May Week 4","whatsapp"
"5/22/2026","8312464","Product","Disatisfied-Smell","11% AHA BHA Strawberry Body Lotion for Skin Smoothening","MCaf402","BNGH6001","Shadowfax","5_May'26","5_May Week 4","whatsapp"
"5/16/2026","8299265","Product","Reacted-Acne/Pimples","Sweet Escape Perfume Body Lotion - 300ml","MCaf370","","Pikndel","5_May'26","5_May Week 3","email"
"5/26/2026","8376281","Product","Product Not Effective","Sweet Escape Perfume Body Lotion - 300ml","MCaf370","","Xpressbees","5_May'26","5_May Week 4","instagram"
"5/25/2026","8247611","Product","Product Not Effective","High Shine Perfector Hair Spray","Mcaf406","ANAK6048","DELHIVERY","5_May'26","5_May Week 4","whatsapp"
"5/26/2026","8317364","Product","Product Not Effective","Guava Tini De-Tan Body Wash - 300 ml","Mcaf396_WB","AMGTB-01","Shadowfax","5_May'26","5_May Week 4","whatsapp"
"5/26/2026","8318491","Product","Disatisfied-Smell","Guava Tini De-Tan Body Wash - 300 ml","Mcaf396_WB","","DELHIVERY","5_May'26","5_May Week 4","whatsapp"
"5/25/2026","8247139","Product","Others","Sweet Escape Perfume Body Lotion - 300ml","MCaf370","","Xpressbees","5_May'26","5_May Week 4","whatsapp"
"5/25/2026","ECOMMERCE","Product","Disatisfied-Smell","Sweet Escape Perfume Body Lotion - 300ml","MCaf370","","","5_May'26","5_May Week 4","instagram"
"5/25/2026","8170177","Product","Reacted-Skin Irritation","Super Glow Flash Facial 25% AHA+BHA+PHA Face Mask - 50gm","mcaf375","","DELHIVERY","5_May'26","5_May Week 4","whatsapp"
"5/25/2026","8340839","Product","Disatisfied-Smell","Caramel Eclairs Coffee Body Scrub","Mcaf407","","DELHIVERY","5_May'26","5_May Week 4","whatsapp"
"5/25/2026","8352945","Product","Disatisfied-Smell","Summer Breeze Perfume Body Lotion - 300ml","MCaf371","","Shadowfax","5_May'26","5_May Week 4","whatsapp"
"5/25/2026","8381080","Product","Change in Smell","Brightening Body Wash | 5% Niacinamide & Raspberry Extracts (300ml)","MCaf383_WB","","DELHIVERY","5_May'26","5_May Week 4","whatsapp"
"5/24/2026","8315393","Product","Change in Smell","High Shine Perfector Hair Spray","Mcaf406","ANAK6060","DELHIVERY","5_May'26","5_May Week 4","whatsapp"
"5/24/2026","8378413","Product","Reacted-Skin Irritation","Pore Cleanse Coffee Cookie Detan Face Mask - 100gm","MCaf388","BB789","Pikndel","5_May'26","5_May Week 4","whatsapp"
"5/25/2026","8379933","Product","Disatisfied-Smell","Choco Body Butter - 250g","MCaf48","","Xpressbees","5_May'26","5_May Week 4","email"
"5/24/2026","7715532","Product","Others","Brightening Sunscreen for Dark Spots - SPF 50 PA ++++","MCaf302","","Delhivery","5_May'26","5_May Week 4","whatsapp"
"5/24/2026","8349465","Product","Disatisfied-Smell","Sweet Escape Perfume Body Lotion - 300ml","MCaf370","AMSEL-368","Shadowfax","5_May'26","5_May Week 4","whatsapp"
"5/24/2026","8390457","Product","Disatisfied-Smell","Island Fresh Triple Action Deo Body Wash","Mcaf409_WB","","DELHIVERY","5_May'26","5_May Week 4","whatsapp"
"5/26/2026","7815099","Product","Texture Issue","Exfoliating Caramel Crunch Body Wash - 300 ml","Mcaf397_WB","AMCCB-083","Shadowfax","5_May'26","5_May Week 4","whatsapp"
"5/27/2026","8401355","Product","Disatisfied-Smell","Summer Breeze Perfume Body Lotion - 300ml","MCaf371","","DELHIVERY","5_May'26","5_May Week 4","whatsapp"
"5/27/2026","8187419","Product","Reacted-Skin Irritation","Take A Dip Triple-Action Deo Body Wash 250ml","Mcaf408_WB","AMTDW-054","","5_May'26","5_May Week 4","whatsapp"
"5/27/2026","8377561","Product","Presence of foreign particles(Hair/glass/pins)","Shimmer Body Butter with Cocoa Butter - 150 g","MCaf234_WB","","DELHIVERY","5_May'26","5_May Week 4","whatsapp"
"5/27/2026","8317273","Product","Reacted-Acne/Pimples","2% Salicylic Acid Serum-Acne Pads with Matcha Tea - 40 N","40MCaf272","","DELHIVERY","5_May'26","5_May Week 4","whatsapp"
"5/24/2026","7875846","Product","Texture Issue","Velvet Blur Matte Liquid Lipstick - Passionate Crimson","MCaf304","MC0502","DELHIVERY","5_May'26","5_May Week 4","email"
"5/26/2026","8382595","Product","Reacted-Skin Irritation","Super Glow Flash Facial 25% AHA+BHA+PHA Face Mask - 50gm","mcaf375","NAK6018F","Shadowfax","5_May'26","5_May Week 4","whatsapp"
"5/26/2026","6a157d6b24e236ff4b769403","Product","Product Not Effective","Guava Tini De-Tan Body Wash - 300 ml","Mcaf396_WB","AMGTB-263","","5_May'26","5_May Week 4","email"
"5/26/2026","8369924","Product","Product Not Effective","Sweet Escape Perfume Body Lotion - 300ml","MCaf370","","Xpressbees","5_May'26","5_May Week 4","whatsapp"
"5/26/2026","8397935","Product","Reacted-Skin Irritation","By the Blues Brightening Perfume Body Lotion - 300ml","MCaf401","ENGA6044","Shadowfax","5_May'26","5_May Week 4","whatsapp"
"5/28/2026","N/A","Product","Reacted-Skin Irritation","Sweet Escape Perfume Body Lotion - 300ml","MCaf370","","","5_May'26","5_May Week 4","whatsapp"
"5/28/2026","8416299","Product","Others","Advanced Hair Fall Control CaffexilÂ® Shampoo with Rosemary-250 ML","MCaf272_WB","","Shadowfax","5_May'26","5_May Week 4","whatsapp"
"5/28/2026","8408374","Product","Texture Issue","Exfoliating Caramel Crunch Body Wash - 300 ml","Mcaf397_WB","","","5_May'26","5_May Week 4","whatsapp"
"5/27/2026","8332971","Product","Reacted-Acne/Pimples","Brightening Sunscreen for Dark Spots - SPF 50 PA ++++","MCaf302","","DELHIVERY","5_May'26","5_May Week 4","whatsapp"
"5/28/2026","ECOMMERCE","Product","Product Not Effective","By the Blues Brightening Perfume Body Lotion - 300ml","MCaf401","","","5_May'26","5_May Week 4","email"
"5/27/2026","ECOMMERCE","Product","Disatisfied-Smell","Slow Kiss Perfume for Men - Aromatic Fresh - 100ml","MCaf351","","","5_May'26","5_May Week 4","whatsapp"
"5/28/2026","8345967","Product","Product Not Effective","Midnight in Bombay Perfume for Men & Women - Woody Gourmand - 100ml","MCaf392","","DELHIVERY","5_May'26","5_May Week 4","whatsapp"
"5/28/2026","8390747","Product","Product Not Effective","High Shine Perfector Hair Spray","Mcaf406","ANAK6060","","5_May'26","5_May Week 4","whatsapp"
"5/29/2026","8420439","Product","Reacted-Skin Irritation","Guava Tini De-Tan Body Wash - 300 ml","Mcaf396_WB","","Shadowfax","5_May'26","5_May Week 5","whatsapp"
"5/29/2026","MCaf8221374_1","Product","Disatisfied-Smell","Sweet Escape Perfume Body Lotion - 300ml","MCaf370","ENGE5028","","5_May'26","5_May Week 5","whatsapp"
"5/28/2026","ECOMMERCE","Product","Product Not Effective","Guava Tini De-Tan Body Wash - 300 ml","Mcaf396_WB","","","5_May'26","5_May Week 4","whatsapp"
"5/30/2026","7752725","Product","Reacted-Acne/Pimples","Green Tea & 15% Vitamin C Face Serum - 30 ml","MCaf189","M6U-035","Delhivery","5_May'26","5_May Week 5","whatsapp"
"5/27/2026","8394114","Product","Others","Guava Tini De-Tan Body Wash - 300 ml","Mcaf396_WB","","DELHIVERY","5_May'26","5_May Week 4","email"
"5/30/2026","8402399","Product","Reacted-Acne/Pimples","Brightening Face Wash - 1% Kojic Acid & Glutathione","MCaf299","SMC250110","Delhivery","5_May'26","5_May Week 5","whatsapp"
"5/29/2026","8408374","Product","Change in consistency","Exfoliating Caramel Crunch Body Wash - 300 ml","Mcaf397_WB","","DELHIVERY","5_May'26","5_May Week 5","whatsapp"
"5/30/2026","8395547","Product","Product Not Effective","Guava Tini De-Tan Body Wash - 300 ml","Mcaf396_WB","","DELHIVERY","5_May'26","5_May Week 5","whatsapp"
"5/24/2026","8064751","Product","Others","Summer Breeze Perfume Body Lotion - 300ml","MCaf371","BB008","DELHIVERY","5_May'26","5_May Week 4","email"
"5/29/2026","8416299","Product","Product Not Effective","Advanced Hair Fall Control CaffexilÂ® Shampoo with Rosemary-250 ML","MCaf272_WB","","Shadowfax","5_May'26","5_May Week 5","whatsapp"
"6/1/2026","8313514","Product","Disatisfied-Smell","Exfoliating Caramel Crunch Body Wash - 300 ml","Mcaf397_WB","","Shadowfax","6_Jun'26","6_Jun Week 1","whatsapp"
"6/1/2026","8459456","Product","Disatisfied-Smell","Sweet Escape Perfume Body Lotion - 300ml","MCaf370","","Shadowfax","6_Jun'26","6_Jun Week 1","whatsapp"
"6/1/2026","8463732","Product","Disatisfied-Smell","11% AHA BHA Strawberry Body Lotion for Skin Smoothening","MCaf402","","","6_Jun'26","6_Jun Week 1","whatsapp"
"6/1/2026","Fien1802440","Product","Disatisfied-Smell","Summer Breeze Perfume Body Lotion - 300ml","MCaf371","","ElasticRun","6_Jun'26","6_Jun Week 1","whatsapp"
"6/1/2026","8282042","Product","Disatisfied-Smell","Brightening Sunscreen for Dark Spots - SPF 50 PA ++++","MCaf302","","DELHIVERY","6_Jun'26","6_Jun Week 1","whatsapp"
"6/1/2026","8406827","Product","Burning Sensation","Green Tea & 15% Vitamin C Face Serum - 30 ml","MCaf189","MGV-036","DELHIVERY","6_Jun'26","6_Jun Week 1","whatsapp"
"5/30/2026","8458088","Product","Texture Issue","Caramel Eclairs Coffee Body Scrub","Mcaf407","AMCES-005","Pikndel","5_May'26","5_May Week 5","whatsapp"
"5/31/2026","8439855","Product","Disatisfied-Smell","Blueberry Blast Body Wash - 300 ml","MCaf280_WB","PT6C006","DELHIVERY","5_May'26","5_May Week 5","whatsapp"
"6/1/2026","8393808","Product","Disatisfied-Smell","Summer Breeze Perfume Body Lotion - 300ml","MCaf371","ENGF6014","Shadowfax","6_Jun'26","6_Jun Week 1","whatsapp"
"5/29/2026","8447318","Product","Reacted-Skin Irritation","Summer Breeze Perfume Body Lotion - 300ml","MCaf371","BB027","Shadowfax","5_May'26","5_May Week 5","whatsapp"
"5/31/2026","6a1b363b551188a5284abfa7","Product","Disatisfied-Smell","Sweet Escape Perfume Body Lotion - 300ml","MCaf370","AMSEL-387","","5_May'26","5_May Week 5","email"
"5/30/2026","8433606","Product","Reacted-Skin Irritation","Green Tea & 15% Vitamin C Face Serum - 30 ml","MCaf189","","Shadowfax","5_May'26","5_May Week 5","whatsapp"
"5/31/2026","8395585","Product","Reacted-Skin Irritation","Brightening Sunscreen for Dark Spots - SPF 50 PA ++++","MCaf302","","DELHIVERY","5_May'26","5_May Week 5","whatsapp"
"5/31/2026","8427395","Product","Disatisfied-Smell","Summer Breeze Perfume Body Lotion - 300ml","MCaf371","","DELHIVERY","5_May'26","5_May Week 5","whatsapp"
"6/1/2026","8382474","Product","Reacted-Skin Irritation","Brightening Body Wash | 5% Niacinamide & Raspberry Extracts (300ml)","MCaf383_WB","","Xpressbees","6_Jun'26","6_Jun Week 1","whatsapp"
"6/2/2026","SO2979","Product","Burning Sensation","10% Magnesium Body Lotion - 300ml","Mcaf398","","","6_Jun'26","6_Jun Week 1","whatsapp"
"6/2/2026","8384832","Product","Others","Coffee Hydrogel Under Eye Patches with Caffeine & HA - 15 Pairs","15MCaf177","UE250317","Shadowfax","6_Jun'26","6_Jun Week 1","whatsapp"
"6/2/2026","8325010","Product","Reacted-Acne/Pimples","2% Salicylic Acid Niacinamide & Matcha Tea Face Wash - 100 ml","MCaf270","MMFW-024","DELHIVERY","6_Jun'26","6_Jun Week 1","whatsapp"
"6/2/2026","8425261","Product","Disatisfied-Smell","Summer Breeze Perfume Body Lotion - 300ml","MCaf371","ENGF601F","DELHIVERY","6_Jun'26","6_Jun Week 1","email"
"5/31/2026","8425261","Product","Disatisfied-Smell","Summer Breeze Perfume Body Lotion - 300ml","MCaf371","ENGF601F","DELHIVERY","5_May'26","5_May Week 5","email"
"6/1/2026","8404503","Product","Product Spillage","Sweet Escape Perfume Body Lotion - 300ml","MCaf370","","ElasticRun","6_Jun'26","6_Jun Week 1","whatsapp"
"6/1/2026","8427901","Product","Disatisfied-Smell","Sweet Escape Perfume Body Lotion - 300ml","MCaf370","AMSEL-370","Shadowfax","6_Jun'26","6_Jun Week 1","instagram"
"6/1/2026","8347350","Product","Product Not Effective","Take A Dip Triple-Action Deo Body Wash 250ml","Mcaf408_WB","","Shadowfax","6_Jun'26","6_Jun Week 1","whatsapp"
"6/2/2026","8285294","Product","Disatisfied-Smell","Sweet Escape Perfume Body Lotion - 300ml","MCaf370","AMSEL-352","DELHIVERY","6_Jun'26","6_Jun Week 1","whatsapp"
"6/2/2026","8471692","Product","Disatisfied-Smell","Summer Breeze Perfume Body Lotion - 300ml","MCaf371","ENGF6025","Shadowfax","6_Jun'26","6_Jun Week 1","whatsapp"
"6/2/2026","8306787","Product","Disatisfied-Smell","Summer Breeze Perfume Body Lotion - 300ml","MCaf371","ENAK6064P","DELHIVERY","6_Jun'26","6_Jun Week 1","whatsapp"
"6/2/2026","8389110","Product","Product Not Effective","Take A Dip Triple-Action Deo Body Wash 250ml","Mcaf408_WB","AMTDW-084","DELHIVERY","6_Jun'26","6_Jun Week 1","whatsapp"
"6/1/2026","8468068","Product","Product Not Effective","Summer Breeze Perfume Body Lotion - 300ml","MCaf371","ENGF6021","Pikndel","6_Jun'26","6_Jun Week 1","whatsapp"
"6/3/2026","8463566","Product","Change in consistency","Coffee Body Scrub - 100 g","MCaf40","MCBS-1059","DELHIVERY","6_Jun'26","6_Jun Week 1","email"
"6/3/2026","8403043","Product","Disatisfied-Smell","Take A Dip Triple-Action Deo Body Wash 250ml","Mcaf408_WB","AMTDW-095","DELHIVERY","6_Jun'26","6_Jun Week 1","whatsapp"
"6/3/2026","8478560","Product","Reacted-Skin Irritation","Super Glow Flash Facial 25% AHA+BHA+PHA Face Mask - 50gm","mcaf375","NAK6017F","ElasticRun","6_Jun'26","6_Jun Week 1","whatsapp"
"6/3/2026","8312872","Product","Others","Coffee Body Wash with Almonds -200ml","MCaf208_WB","","ElasticRun","6_Jun'26","6_Jun Week 1","whatsapp"
"6/3/2026","8399295","Product","Disatisfied-Smell","Take A Dip Triple-Action Deo Body Wash 250ml","Mcaf408_WB","AMTDW-084","Shadowfax","6_Jun'26","6_Jun Week 1","whatsapp"
"6/3/2026","8420776","Product","Disatisfied-Smell","11% AHA BHA Strawberry Body Lotion for Skin Smoothening","MCaf402","","Shadowfax","6_Jun'26","6_Jun Week 1","email"
"6/3/2026","8423886","Product","Reacted-Skin Irritation","By the Blues Brightening Perfume Body Lotion - 300ml","MCaf401","ENGA6032","DELHIVERY","6_Jun'26","6_Jun Week 1","whatsapp"
"6/2/2026","8472847","Product","Product Not Effective","Brightening Face Wash - 1% Kojic Acid & Glutathione","MCaf299","","Shadowfax","6_Jun'26","6_Jun Week 1","whatsapp"
"6/3/2026","8424950","Product","Disatisfied-Smell","Summer Breeze Perfume Body Lotion - 300ml","MCaf371","BB017","DELHIVERY","6_Jun'26","6_Jun Week 1","whatsapp"
"6/1/2026","8445837","Product","Disatisfied-Smell","Anti-Ageing Night Cream with Black Tea Complex - 50 ml","MCaf259","","Pikndel","6_Jun'26","6_Jun Week 1","whatsapp"
"6/2/2026","8408508","Product","Reacted-Acne/Pimples","Detan & Oil Control Coffee Sunscreen SPF 50 PA++++ 50 ml","mcaf145_N","","DELHIVERY","6_Jun'26","6_Jun Week 1","whatsapp"
"6/2/2026","8467989","Product","Reacted-Skin Irritation","Guava Tini De-Tan Body Wash - 300 ml","Mcaf396_WB","","Shadowfax","6_Jun'26","6_Jun Week 1","whatsapp"
"6/2/2026","8327218","Product","Product Not Effective","Guava Tini De-Tan Body Wash - 300 ml","Mcaf396_WB","AMGTB-186","Pikndel","6_Jun'26","6_Jun Week 1","whatsapp"
"6/2/2026","8453233","Product","Others","Brightening Body Wash | 5% Niacinamide & Raspberry Extracts (300ml)","MCaf383_WB","","DELHIVERY","6_Jun'26","6_Jun Week 1","whatsapp"
"6/3/2026","8285424","Product","Product Not Effective","Guava Tini De-Tan Body Wash - 300 ml","Mcaf396_WB","AMGTB-295","DELHIVERY","6_Jun'26","6_Jun Week 1","whatsapp"
"6/2/2026","8315420","Product","Product Not Effective","Take A Dip Triple-Action Deo Body Wash 250ml","Mcaf408_WB","AMTDW-066","DELHIVERY","6_Jun'26","6_Jun Week 1","whatsapp"
"6/3/2026","8426821","Product","Disatisfied-Smell","Summer Breeze Perfume Body Lotion - 300ml","MCaf371","ENGF6011","Xpressbees","6_Jun'26","6_Jun Week 1","whatsapp"
"6/4/2026","8309952","Product","Reacted-Acne/Pimples","Brightening Face Wash - 1% Kojic Acid & Glutathione","MCaf299","","Shadowfax","6_Jun'26","6_Jun Week 1","whatsapp"
"6/2/2026","8439641","Product","Product Not Effective","Guava Tini De-Tan Body Wash - 300 ml","Mcaf396_WB","AMGTB -312","DELHIVERY","6_Jun'26","6_Jun Week 1","whatsapp"
"6/4/2026","8507849","Product","Disatisfied-Smell","Take A Dip Triple-Action Deo Body Wash 250ml","Mcaf408_WB","","Shadowfax","6_Jun'26","6_Jun Week 1","whatsapp"
"5/31/2026","8424882","Product","Reacted-Skin Irritation","Brightening Raspberry SPF 50 PA+++ Body Sunscreen Lotion - 200 ml","MCaf385","","ElasticRun","5_May'26","5_May Week 5","whatsapp"
"6/4/2026","8180587","Product","Others","Coffee Face Wash - 100 ml","MCaf41","","Delhivery","6_Jun'26","6_Jun Week 1","whatsapp"
"6/3/2026","8418758","Product","Reacted-Skin Irritation","Super Glow Flash Facial 25% AHA+BHA+PHA Face Mask - 50gm","mcaf375","","DELHIVERY","6_Jun'26","6_Jun Week 1","whatsapp"
"6/4/2026","8337930","Product","Disatisfied-Smell","Perfume Gift Set for Men Curated by Women - 20 ml x 4","MGKIT64_SWM","","Shadowfax","6_Jun'26","6_Jun Week 1","whatsapp"
"6/3/2026","8353241","Product","Product Not Effective","Summer Breeze Perfume Body Lotion - 300ml","MCaf371","","DELHIVERY","6_Jun'26","6_Jun Week 1","whatsapp"
"6/5/2026","8419953","Product","Reacted-Skin Irritation","Coffee Body Scrub - 100 g","MCaf40","MCBS-1005","Shadowfax","6_Jun'26","6_Jun Week 1","whatsapp"
"6/5/2026","8549149","Product","Disatisfied-Smell","Summer Breeze Perfume Body Lotion - 300ml","MCaf371","","","6_Jun'26","6_Jun Week 1","whatsapp"
"6/5/2026","8530289","Product","Change in Smell","Choco Body Butter - 250g","MCaf48","CBB-176","SHIPROCKET_PEP","6_Jun'26","6_Jun Week 1","whatsapp"
"6/5/2026","8498621","Product","Disatisfied-Smell","11% AHA BHA Strawberry Body Lotion for Skin Smoothening","MCaf402","BNGH6001","Xpressbees","6_Jun'26","6_Jun Week 1","whatsapp"
"6/5/2026","8124399","Product","Reacted-Acne/Pimples","Brightening Face Wash - 1% Kojic Acid & Glutathione","MCaf299","SMC250110","","6_Jun'26","6_Jun Week 1","whatsapp"
"6/2/2026","8506712","Product","Reacted-Skin Irritation","Guava Tini De-Tan Body Wash - 300 ml","Mcaf396_WB","DNGC6019","DELHIVERY","6_Jun'26","6_Jun Week 1","whatsapp"
"6/5/2026","8529535","Product","Disatisfied-Smell","Unisex Perfume Gift Kit - 20ml x 4","MGKIT62_ACG","B.MAG-002","Shadowfax","6_Jun'26","6_Jun Week 1","email"
"6/6/2026","8536609","Product","Disatisfied-Smell","Summer Breeze Perfume Body Lotion - 300ml","MCaf371","","Shadowfax","6_Jun'26","6_Jun Week 1","whatsapp"
"6/2/2026","8063944","Product","Product Not Effective","High Shine Glossing Shampoo","Mcaf404","BC26C075","Shadowfax","6_Jun'26","6_Jun Week 1","whatsapp"
"6/1/2026","8405639","Product","Disatisfied-Smell","Sweet Escape Perfume Body Lotion - 300ml","MCaf370","","Shadowfax","6_Jun'26","6_Jun Week 1","whatsapp"
"6/5/2026","8496132","Product","Product Not Effective","High Shine Perfector Hair Spray","Mcaf406","","DELHIVERY","6_Jun'26","6_Jun Week 1","whatsapp"
"6/6/2026","8426211","Product","Product Not Effective","Sweet Escape Perfume Body Lotion - 300ml","MCaf370","AMSEL-349","DELHIVERY","6_Jun'26","6_Jun Week 1","whatsapp"
"6/6/2026","8476862","Product","Change in consistency","Coffee Body Scrub - 100 g","MCaf40","MCBS-889","DELHIVERY","6_Jun'26","6_Jun Week 1","whatsapp"
"6/5/2026","8533462","Product","Disatisfied-Smell","Brightening Body Wash | 5% Niacinamide & Raspberry Extracts (300ml)","MCaf383_WB","","","6_Jun'26","6_Jun Week 1","whatsapp"
"6/6/2026","8418758","Product","Reacted-Skin Irritation","Super Glow Flash Facial 25% AHA+BHA+PHA Face Mask - 50gm","mcaf375","","DELHIVERY","6_Jun'26","6_Jun Week 1","whatsapp"
"6/5/2026","8533462","Product","Disatisfied-Smell","Brightening Body Wash | 5% Niacinamide & Raspberry Extracts (300ml)","MCaf383_WB","","Shadowfax","6_Jun'26","6_Jun Week 1","instagram"
"6/5/2026","8419953","Product","Reacted-Skin Irritation","Coffee Body Scrub - 100 g","MCaf40","MCBS-1005","Shadowfax","6_Jun'26","6_Jun Week 1","whatsapp"
"6/5/2026","8549149","Product","Disatisfied-Smell","Caramel Eclairs Coffee Body Scrub","Mcaf407","","","6_Jun'26","6_Jun Week 1","whatsapp"
"6/5/2026","8530289","Product","Change in consistency","Choco Body Butter - 250g","MCaf48","CBB-176","SHIPROCKET_PEP","6_Jun'26","6_Jun Week 1","whatsapp"
"6/5/2026","8498621","Product","Disatisfied-Smell","11% AHA BHA Strawberry Body Lotion for Skin Smoothening","MCaf402","BNGH6001","Xpressbees","6_Jun'26","6_Jun Week 1","whatsapp"
"6/5/2026","8124399","Product","Product Not Effective","Brightening Face Wash - 1% Kojic Acid & Glutathione","MCaf299","","","6_Jun'26","6_Jun Week 1","whatsapp"
"6/2/2026","8506712","Product","Reacted-Skin Irritation","Guava Tini De-Tan Body Wash - 300 ml","Mcaf396_WB","DNGC6019","DELHIVERY","6_Jun'26","6_Jun Week 1","whatsapp"
"6/5/2026","8529535","Product","Disatisfied-Smell","Unisex Perfume Gift Kit - 20ml x 4","MGKIT62_ACG","","Shadowfax","6_Jun'26","6_Jun Week 1","email"
"6/8/2026","8331739","Product","Product Not Effective","Caramel Eclairs Coffee Body Scrub","Mcaf407","","DELHIVERY","6_Jun'26","6_Jun Week 2","whatsapp"
"6/8/2026","8330852","Product","Disatisfied-Smell","Sweet Escape Perfume Body Lotion - 300ml","MCaf370","","","6_Jun'26","6_Jun Week 2","whatsapp"
"6/7/2026","8336512","Product","Reacted-Skin Irritation","Guava Tini De-Tan Body Wash - 300 ml","Mcaf396_WB","AMGTB-319","DELHIVERY","6_Jun'26","6_Jun Week 1","whatsapp"
"6/8/2026","8546106","Product","Disatisfied-Smell","10% Magnesium Body Lotion - 300ml","Mcaf398","","Shadowfax","6_Jun'26","6_Jun Week 2","whatsapp"
"6/8/2026","8425861","Product","Product Not Effective","Take A Dip Triple-Action Deo Body Wash 250ml","Mcaf408_WB","","DELHIVERY","6_Jun'26","6_Jun Week 2","whatsapp"
"6/8/2026","8454609","Product","Reacted-Skin Irritation","Take A Dip Triple-Action Deo Body Wash 250ml","Mcaf408_WB","AMTDW-097","Xpressbees","6_Jun'26","6_Jun Week 2","email"
"6/7/2026","8546310","Product","Others","Brightening Face Wash - 1% Kojic Acid & Glutathione","MCaf299","","Shadowfax","6_Jun'26","6_Jun Week 1","whatsapp"
"6/8/2026","Fien1778350","Product","Disatisfied-Smell","Perfume Gift Set for Men Curated by Women - 20 ml x 4","MGKIT64_SWM","","DELHIVERY","6_Jun'26","6_Jun Week 2","email"
"6/6/2026","5111714","Product","Change in color","Sun Bath SPF Body Sunscreen 80+ PA ++++ Spray - 100ml","MCaf365","","Xpressbees","6_Jun'26","6_Jun Week 1","email"
"6/5/2026","8482707","Product","Disatisfied-Smell","Coffee Body Scrub - 100 g","MCaf40","MCBS-1046","DELHIVERY","6_Jun'26","6_Jun Week 1","whatsapp"
"6/5/2026","8426821","Product","Disatisfied-Smell","By the Blues Brightening Perfume Body Lotion - 300ml","MCaf401","","Xpressbees","6_Jun'26","6_Jun Week 1","whatsapp"
"6/7/2026","8500258","Product","Disatisfied-Smell","Take A Dip Triple-Action Deo Body Wash 250ml","Mcaf408_WB","AMTDW-097","Shadowfax","6_Jun'26","6_Jun Week 1","whatsapp"
"6/6/2026","8492313","Product","Disatisfied-Smell","By the Blues Brightening Perfume Body Lotion - 300ml","MCaf401","","Shadowfax","6_Jun'26","6_Jun Week 1","email"
"6/7/2026","8446193","Product","Texture Issue","Velvet Blur Matte Liquid Lipstick - Passionate Crimson","MCaf304","MC0502","DELHIVERY","6_Jun'26","6_Jun Week 1","email"
"6/8/2026","8447347","Product","Product Not Effective","Take A Dip Triple-Action Deo Body Wash 250ml","Mcaf408_WB","AMTDW-082","Xpressbees","6_Jun'26","6_Jun Week 2","whatsapp"
"6/4/2026","7075481","Product","Change in Smell","Anti-Ageing Night Cream with Black Tea Complex - 50 ml","MCaf259","","","6_Jun'26","6_Jun Week 1","email"
"6/3/2026","8440803","Product","Product Not Effective","Anti-Ageing Night Cream with Black Tea Complex - 50 ml","MCaf259","","Shadowfax","6_Jun'26","6_Jun Week 1","whatsapp"
"6/9/2026","8438009","Product","Product Not Effective","By the Blues Brightening Perfume Body Lotion - 300ml","MCaf401","","Shadowfax","6_Jun'26","6_Jun Week 2","whatsapp"
"6/9/2026","8439641","Product","Disatisfied-Smell","Sweet Escape Perfume Body Lotion - 300ml","MCaf370","","DELHIVERY","6_Jun'26","6_Jun Week 2","whatsapp"
"6/9/2026","8361594","Product","Product Not Effective","Guava Tini De-Tan Body Wash - 300 ml","Mcaf396_WB","","DELHIVERY","6_Jun'26","6_Jun Week 2","whatsapp"
"6/9/2026","8553247","Product","Product Not Effective","Guava Tini De-Tan Body Wash - 300 ml","Mcaf396_WB","","DELHIVERY","6_Jun'26","6_Jun Week 2","whatsapp"
"6/9/2026","8551218","Product","Others","Vanilla Muse Perfume for Women - Sweet Vanilla - 100ml","MCaf353","","DELHIVERY","6_Jun'26","6_Jun Week 2","whatsapp"
"6/8/2026","8547927","Product","Disatisfied-Smell","11% AHA BHA Strawberry Body Lotion for Skin Smoothening","MCaf402","","DELHIVERY","6_Jun'26","6_Jun Week 2","whatsapp"
"6/9/2026","8337263","Product","Texture Issue","Take A Dip Triple-Action Deo Body Wash 250ml","Mcaf408_WB","","DELHIVERY","6_Jun'26","6_Jun Week 2","whatsapp"
"6/9/2026","8524245","Product","Product Not Effective","Guava Tini De-Tan Body Wash - 300 ml","Mcaf396_WB","","","6_Jun'26","6_Jun Week 2","whatsapp"
"6/7/2026","8337263","Product","Texture Issue","Take A Dip Triple-Action Deo Body Wash 250ml","Mcaf408_WB","AMTDW-060","DELHIVERY","6_Jun'26","6_Jun Week 1","whatsapp"
"6/9/2026","Fien1778350","Product","Disatisfied-Smell","Perfume Gift Set for Men Curated by Women - 20 ml x 4","MGKIT64_SWM","","DELHIVERY","6_Jun'26","6_Jun Week 2","email"
"6/8/2026","8537456","Product","Disatisfied-Smell","Caramel Eclairs Coffee Body Scrub","Mcaf407","","DELHIVERY","6_Jun'26","6_Jun Week 2","whatsapp"
"6/10/2026","8396989","Product","Product Not Effective","Sweet Escape Perfume Body Lotion - 300ml","MCaf370","","Shadowfax","6_Jun'26","6_Jun Week 2","whatsapp"
"6/10/2026","8428760","Product","Reacted-Acne/Pimples","Coffee Face Wash 50 ml","50MCaf41_WB_F","","DELHIVERY","6_Jun'26","6_Jun Week 2","whatsapp"
"6/6/2026","8531739","Product","Reacted-Skin Irritation","Super Glow Flash Facial 25% AHA+BHA+PHA Face Mask - 50gm","mcaf375","NAK5136F","Pikndel","6_Jun'26","6_Jun Week 1","whatsapp"
"6/10/2026","8569289","Product","Others","Velvet Blur Matte Liquid Lipstick - Passionate Crimson","MCaf304","MCO502","DELHIVERY","6_Jun'26","6_Jun Week 2","whatsapp"
"6/9/2026","8389530","Product","Reacted-Skin Irritation","Brightening Raspberry SPF 50 PA+++ Body Sunscreen Lotion - 200 ml","MCaf385","","Delhivery","6_Jun'26","6_Jun Week 2","whatsapp"
"6/10/2026","8577787","Product","Change in consistency","Coffee Body Scrub - 100 g","MCaf40","","Xpressbees","6_Jun'26","6_Jun Week 2","whatsapp"
"6/10/2026","8351691","Product","Disatisfied-Smell","Sweet Escape Perfume Body Lotion - 300ml","MCaf370","","DELHIVERY","6_Jun'26","6_Jun Week 2","whatsapp"
"6/10/2026","8502140","Product","Product Not Effective","Guava Tini De-Tan Body Wash - 300 ml","Mcaf396_WB","","Shadowfax","6_Jun'26","6_Jun Week 2","whatsapp"
"6/10/2026","8434701","Product","Product Not Effective","By the Blues Brightening Perfume Body Lotion - 300ml","MCaf401","","DELHIVERY","6_Jun'26","6_Jun Week 2","instagram"
"6/10/2026","8598417","Product","Reacted-Skin Irritation","By the Blues Brightening Perfume Body Lotion - 300ml","MCaf401","","ElasticRun","6_Jun'26","6_Jun Week 2","whatsapp"
"6/5/2026","8546631","Product","Reacted-Skin Irritation","Guava Tini De-Tan Body Wash - 300 ml","Mcaf396_WB","","Xpressbees","6_Jun'26","6_Jun Week 1","whatsapp"
"6/9/2026","6a2814f44c34d8aa99e87e06","Product","Product Not Effective","Guava Tini De-Tan Body Wash - 300 ml","Mcaf396_WB","","","6_Jun'26","6_Jun Week 2","instagram"
"6/10/2026","8460645","Product","Reacted-Acne/Pimples","2% Salicylic Acid Niacinamide & Matcha Tea Face Wash - 100 ml","MCaf270","","DELHIVERY","6_Jun'26","6_Jun Week 2","whatsapp"
"6/9/2026","8124399","Product","Product Not Effective","Brightening Face Wash - 1% Kojic Acid & Glutathione","MCaf299","","","6_Jun'26","6_Jun Week 2","whatsapp"
"6/9/2026","8546806","Product","Product Not Effective","Advanced Hair Fall Control CaffexilÂ® Shampoo with Rosemary-250 ML","MCaf272_WB","","DELHIVERY","6_Jun'26","6_Jun Week 2","whatsapp"
"6/10/2026","8579202","Product","Disatisfied-Smell","11% AHA BHA Strawberry Body Lotion for Skin Smoothening","MCaf402","","DELHIVERY","6_Jun'26","6_Jun Week 2","whatsapp"
"6/10/2026","8567440","Product","Others","Exfoliating Coffee Bathing Soap Trio - Value Pack - 75 g x 3","CMB217","","Shadowfax","6_Jun'26","6_Jun Week 2","whatsapp"
"6/10/2026","8576539","Product","Texture Issue","Take A Dip Triple-Action Deo Body Wash 250ml","Mcaf408_WB","","Shadowfax","6_Jun'26","6_Jun Week 2","whatsapp"
"6/10/2026","8104003","Product","Disatisfied-Smell","Summer Breeze Perfume Body Lotion - 300ml","MCaf371","","","6_Jun'26","6_Jun Week 2","email"
"6/10/2026","8425861","Product","Product Not Effective","Take A Dip Triple-Action Deo Body Wash 250ml","Mcaf408_WB","AMTDW-090","DELHIVERY","6_Jun'26","6_Jun Week 2","whatsapp"
"6/10/2026","8552641","Product","Product Not Effective","Take A Dip Triple-Action Deo Body Wash 250ml","Mcaf408_WB","","DELHIVERY","6_Jun'26","6_Jun Week 2","whatsapp"
"6/10/2026","8546999","Product","Reacted-Skin Irritation","Guava Tini De-Tan Body Wash - 300 ml","Mcaf396_WB","","DELHIVERY","6_Jun'26","6_Jun Week 2","email"
"6/9/2026","8559925","Product","Reacted-Skin Irritation","Guava Tini De-Tan Body Wash - 300 ml","Mcaf396_WB","AMGTB-317","DELHIVERY","6_Jun'26","6_Jun Week 2","email"
"6/7/2026","8571253","Product","Disatisfied-Smell","Summer Breeze Perfume Body Lotion - 300ml","MCaf371","","Shadowfax","6_Jun'26","6_Jun Week 1","whatsapp"
"6/4/2026","8511726","Product","Reacted-Acne/Pimples","Coffee Face Wash 50 ml","50MCaf41_WB_F","","DELHIVERY","6_Jun'26","6_Jun Week 1","email"
"6/7/2026","8585175","Product","Product Not Effective","High Shine Perfector Hair Spray","Mcaf406","","Shadowfax","6_Jun'26","6_Jun Week 1","whatsapp"
"6/11/2026","7860184","Product","Others","Sun Bath SPF Body Sunscreen 80+ PA ++++ Spray - 100ml","MCaf365","","Xpressbees","6_Jun'26","6_Jun Week 2","whatsapp"
"6/11/2026","N/A","Product","Disatisfied-Smell","Take A Dip Triple-Action Deo Body Wash 250ml","Mcaf408_WB","","","6_Jun'26","6_Jun Week 2","whatsapp"
"6/11/2026","8474407","Product","Product Not Effective","1% Kojic Acid & Glutathione Guava Fizz Soap - 300g (3x100g)","3MCaf394","","DELHIVERY","6_Jun'26","6_Jun Week 2","whatsapp"
"6/11/2026","8491412","Product","Disatisfied-Smell","Slow Kiss Perfume for Men - Aromatic Fresh - 100ml","MCaf351","","DELHIVERY","6_Jun'26","6_Jun Week 2","whatsapp"
"6/11/2026","8438577","Product","Change in Smell","Take A Dip Triple-Action Deo Body Wash 250ml","Mcaf408_WB","AMTDW-101","DELHIVERY","6_Jun'26","6_Jun Week 2","email"
"6/10/2026","8452573","Product","Change in Smell","Choco Body Butter - 250g","MCaf48","","Xpressbees","6_Jun'26","6_Jun Week 2","whatsapp"
"6/11/2026","8389530","Product","Reacted-Acne/Pimples","Brightening Raspberry SPF 50 PA+++ Body Sunscreen Lotion - 200 ml","MCaf385","NAK6031R","DELHIVERY","6_Jun'26","6_Jun Week 2","whatsapp"
"6/11/2026","8340839","Product","Disatisfied-Smell","Caramel Eclairs Coffee Body Scrub","Mcaf407","","Shadowfax","6_Jun'26","6_Jun Week 2","whatsapp"
"6/11/2026","8522206","Product","Disatisfied-Smell","Summer Breeze Perfume Body Lotion - 300ml","MCaf371","ENGF6008","DTDC","6_Jun'26","6_Jun Week 2","email"
"6/10/2026","8596812","Product","Reacted-Skin Irritation","By the Blues Brightening Perfume Body Lotion - 300ml","MCaf401","","Shadowfax","6_Jun'26","6_Jun Week 2","whatsapp"
"6/9/2026","8558586","Product","Product Not Effective","Take A Dip Triple-Action Deo Body Wash 250ml","Mcaf408_WB","","Shadowfax","6_Jun'26","6_Jun Week 2","whatsapp"
"6/5/2026","8225991","Product","Disatisfied-Smell","Magnetic Perfume for Men - Aquatic - 100ml","MCaf352","","DELHIVERY","6_Jun'26","6_Jun Week 1","whatsapp"
"6/8/2026","N/A","Product","Product Not Effective","Guava Tini De-Tan Body Wash - 300 ml","Mcaf396_WB","","","6_Jun'26","6_Jun Week 2","whatsapp"
"6/10/2026","8491412","Product","Product Not Effective","Slow Kiss Perfume for Men - Aromatic Fresh - 100ml","MCaf351","","DELHIVERY","6_Jun'26","6_Jun Week 2","email"
"6/11/2026","Fien1952710","Product","Product Not Effective","Take A Dip Triple-Action Deo Body Wash 250ml","Mcaf408_WB","","Shadowfax","6_Jun'26","6_Jun Week 2","whatsapp"
"6/11/2026","8383488","Product","Others","Exfoliating Caramel Crunch Body Wash - 300 ml","Mcaf397_WB","","Xpressbees","6_Jun'26","6_Jun Week 2","whatsapp"
"6/10/2026","8391102","Product","Disatisfied-Smell","Bite of Desire Perfume for Women- Vanilla & Lavender - 100ml","MCaf393","","DELHIVERY","6_Jun'26","6_Jun Week 2","email"
"6/10/2026","8581005","Product","Product Not Effective","Guava Tini De-Tan Body Wash - 300 ml","Mcaf396_WB","","DELHIVERY","6_Jun'26","6_Jun Week 2","whatsapp"
"6/10/2026","8513637","Product","Product Not Effective","Island Fresh Triple Action Deo Body Wash","Mcaf409_WB","","Shadowfax","6_Jun'26","6_Jun Week 2","whatsapp"
"6/7/2026","8545128","Product","Product Not Effective","Guava Tini De-Tan Body Wash - 300 ml","Mcaf396_WB","","Shadowfax","6_Jun'26","6_Jun Week 1","whatsapp"
"6/11/2026","8418126","Product","Reacted-Acne/Pimples","Coffee Face Wash - 100 ml","MCaf41","","Shadowfax","6_Jun'26","6_Jun Week 2","whatsapp"
"6/4/2026","8506884","Product","Disatisfied-Smell","By the Blues Brightening Perfume Body Lotion - 300ml","MCaf401","ENGA6052","DELHIVERY","6_Jun'26","6_Jun Week 1","whatsapp"
"4/23/2026","8124399","Product","Reacted-Acne/Pimples","Brightening Face Wash - 1% Kojic Acid & Glutathione","MCaf299","SMC250026","Shadowfax","4_Apr'26","4_Apr Week 4","email"
"6/11/2026","8490713","Product","Disatisfied-Smell","Summer Breeze Perfume Body Lotion - 300ml","MCaf371","","DELHIVERY","6_Jun'26","6_Jun Week 2","whatsapp"
"6/6/2026","8485121","Product","Product Not Effective","Summer Breeze Perfume Body Lotion - 300ml","MCaf371","ENGF6025","DELHIVERY","6_Jun'26","6_Jun Week 1","whatsapp"
"6/11/2026","8566341","Product","Product Not Effective","By the Blues Brightening Perfume Body Lotion - 300ml","MCaf401","","DELHIVERY","6_Jun'26","6_Jun Week 2","whatsapp"
"6/11/2026","8571253","Product","Disatisfied-Smell","Summer Breeze Perfume Body Lotion - 300ml","MCaf371","","Shadowfax","6_Jun'26","6_Jun Week 2","whatsapp"
"6/12/2026","8386197","Product","Reacted-Acne/Pimples","Take A Dip Triple-Action Deo Body Wash 250ml","Mcaf408_WB","","DELHIVERY","6_Jun'26","6_Jun Week 2","whatsapp"
"6/11/2026","8529385","Product","Disatisfied-Smell","Guava Tini De-Tan Body Wash - 300 ml","Mcaf396_WB","","Shadowfax","6_Jun'26","6_Jun Week 2","whatsapp"
"6/12/2026","8566117","Product","Reacted-Skin Irritation","Sweet Escape Perfume Body Lotion - 300ml","MCaf370","","Shadowfax","6_Jun'26","6_Jun Week 2","whatsapp"
"6/12/2026","8510144","Product","Product Not Effective","Pore Cleanse Coffee Cookie Detan Face Mask - 100gm","MCaf388","","Pikndel","6_Jun'26","6_Jun Week 2","whatsapp"
"6/11/2026","8508627","Product","Others","Sun Bath SPF Body Sunscreen 80+ PA ++++ Spray - 100ml","MCaf365","","Xpressbees","6_Jun'26","6_Jun Week 2","whatsapp"
"6/12/2026","Fien1919920","Product","Change in Smell","Take A Dip Triple-Action Deo Body Wash 250ml","Mcaf408_WB","","DELHIVERY","6_Jun'26","6_Jun Week 2","whatsapp"
"6/11/2026","8438577","Product","Presence of foreign particles(Hair/glass/pins)","High Shine Glossing Shampoo","Mcaf404","","DELHIVERY","6_Jun'26","6_Jun Week 2","email"
"6/5/2026","8502587","Product","Product Not Effective","Guava Tini De-Tan Body Wash - 300 ml","Mcaf396_WB","","DELHIVERY","6_Jun'26","6_Jun Week 1","whatsapp"
"5/5/2026","8124399","Product","Product Not Effective","Brightening Face Wash - 1% Kojic Acid & Glutathione","MCaf299","","Shadowfax","5_May'26","5_May Week 1","email"
"6/13/2026","8412300","Product","Product Not Effective","Take A Dip Triple-Action Deo Body Wash 250ml","Mcaf408_WB","","ElasticRun","6_Jun'26","6_Jun Week 2","whatsapp"
"6/13/2026","8550636","Product","Disatisfied-Smell","Slow Kiss Perfume for Men - Aromatic Fresh - 100ml","MCaf351","","Shadowfax","6_Jun'26","6_Jun Week 2","whatsapp"
"6/13/2026","8589789","Product","Product Not Effective","Summer Breeze Perfume Body Lotion - 300ml","MCaf371","","Pikndel","6_Jun'26","6_Jun Week 2","whatsapp"
"6/13/2026","8409300","Product","Product Not Effective","Pore Cleanse Coffee Cookie Detan Face Mask - 100gm","MCaf388","","DELHIVERY","6_Jun'26","6_Jun Week 2","whatsapp"
"6/13/2026","8505767","Product","Disatisfied-Smell","Take A Dip Triple-Action Deo Body Wash 250ml","Mcaf408_WB","","DELHIVERY","6_Jun'26","6_Jun Week 2","whatsapp"
"6/13/2026","8589081","Product","Reacted-Skin Irritation","Super Glow Flash Facial 25% AHA+BHA+PHA Face Mask - 50gm","mcaf375","","","6_Jun'26","6_Jun Week 2","whatsapp"
"6/13/2026","8610128","Product","Change in Smell","By the Blues Brightening Perfume Body Lotion - 300ml","MCaf401","","DELHIVERY","6_Jun'26","6_Jun Week 2","whatsapp"
"6/12/2026","8589081","Product","Reacted-Skin Irritation","Super Glow Flash Facial 25% AHA+BHA+PHA Face Mask - 50gm","mcaf375","","DELHIVERY","6_Jun'26","6_Jun Week 2","whatsapp"
"6/13/2026","8555205","Product","Disatisfied-Smell","Take A Dip Triple-Action Deo Body Wash 250ml","Mcaf408_WB","","DELHIVERY","6_Jun'26","6_Jun Week 2","whatsapp"
"6/8/2026","7996919","Product","Product Not Effective","Guava Tini De-Tan Body Wash - 300 ml","Mcaf396_WB","","","6_Jun'26","6_Jun Week 2","email"
"6/13/2026","8464077","Product","Disatisfied-Smell","Sweet Escape Perfume Body Lotion - 300ml","MCaf370","","Shadowfax","6_Jun'26","6_Jun Week 2","instagram"
"6/5/2026","8522595","Product","Reacted-Acne/Pimples","Daily Glow Green Tea Sunscreen SPF 50 PA++++ with Niacinamide - 50 ml","MCaf220_F","","DELHIVERY","6_Jun'26","6_Jun Week 1","whatsapp"
"6/13/2026","8511425","Product","Disatisfied-Smell","Summer Breeze Perfume Body Lotion - 300ml","MCaf371","","ElasticRun","6_Jun'26","6_Jun Week 2","whatsapp"
"6/13/2026","8565426","Product","Reacted-Skin Irritation","Coffee Under Eye Cream - 15 ml","15MCaf62","","Shadowfax","6_Jun'26","6_Jun Week 2","whatsapp"
"6/13/2026","8565969","Product","Others","Take A Dip Triple-Action Deo Body Wash 250ml","Mcaf408_WB","","","6_Jun'26","6_Jun Week 2","whatsapp"
"6/13/2026","8516354","Product","Reacted-Acne/Pimples","Coffee Face Wash- 75 ml","MCaf84","","Pikndel","6_Jun'26","6_Jun Week 2","whatsapp"
"6/12/2026","8574578","Product","Reacted-Acne/Pimples","Take A Dip Triple-Action Deo Body Wash 250ml","Mcaf408_WB","","","6_Jun'26","6_Jun Week 2","whatsapp"
"6/13/2026","8479126","Product","Reacted-Acne/Pimples","Pore Cleanse Coffee Cookie Detan Face Mask - 100gm","MCaf388","BB789","DELHIVERY","6_Jun'26","6_Jun Week 2","whatsapp"
"6/11/2026","8095077","Product","Product Not Effective","Advanced Hair Fall Control Caffexil?? Conditioner with Keratin-250 ML","MCaf273_WB","","DELHIVERY","6_Jun'26","6_Jun Week 2","email"
"6/13/2026","8522206","Product","Disatisfied-Smell","Summer Breeze Perfume Body Lotion - 300ml","MCaf371","ENGF6008","DTDC","6_Jun'26","6_Jun Week 2","email"
"6/13/2026","8522206","Product","Disatisfied-Smell","Summer Breeze Perfume Body Lotion - 300ml","MCaf371","ENGF6008","DTDC","6_Jun'26","6_Jun Week 2","email"
"6/13/2026","8506712","Product","Reacted-Skin Irritation","Exfoliating Caramel Crunch Body Wash - 300 ml","Mcaf397_WB","","DELHIVERY","6_Jun'26","6_Jun Week 2","whatsapp"
"6/13/2026","8494677","Product","Product Not Effective","High Shine Perfector Hair Spray","Mcaf406","","DELHIVERY","6_Jun'26","6_Jun Week 2","whatsapp"
"6/13/2026","6909fe4e376ee1c8d22aca97","Product","Reacted-Skin Irritation","Brightening Sunscreen for Dark Spots - SPF 50 PA ++++","MCaf302","","","6_Jun'26","6_Jun Week 2","whatsapp"
"6/15/2026","6a289f75444782b8766a450b","Product","Product Not Effective","Guava Tini De-Tan Body Wash - 300 ml","Mcaf396_WB","","","6_Jun'26","6_Jun Week 3","whatsapp"
"6/15/2026","Fien2015350","Product","Disatisfied-Smell","Magnetic Perfume for Men - Aquatic - 100ml","MCaf352","","Shadowfax","6_Jun'26","6_Jun Week 3","whatsapp"
"6/15/2026","8589497","Product","Product Not Effective","By the Blues Brightening Perfume Body Lotion - 300ml","MCaf401","","ElasticRun","6_Jun'26","6_Jun Week 3","whatsapp"
"6/15/2026","8541319","Product","Reacted-Skin Irritation","Guava Tini De-Tan Body Wash - 300 ml","Mcaf396_WB","","DELHIVERY","6_Jun'26","6_Jun Week 3","whatsapp"
"6/11/2026","8592065","Product","Reacted-Skin Irritation","By the Blues Brightening Perfume Body Lotion - 300ml","MCaf401","","Xpressbees","6_Jun'26","6_Jun Week 2","whatsapp"
"6/15/2026","8325010","Product","Reacted-Skin Irritation","2% Salicylic Acid Niacinamide & Matcha Tea Face Wash - 100 ml","MCaf270","MMFW-024","","6_Jun'26","6_Jun Week 3","whatsapp"
"6/11/2026","8571960","Product","Disatisfied-Smell","Coffee Face Wash 50 ml","50MCaf41_WB_F","","DELHIVERY","6_Jun'26","6_Jun Week 2","whatsapp"
"6/14/2026","8610128","Product","Disatisfied-Smell","By the Blues Brightening Perfume Body Lotion - 300ml","MCaf401","","Delhivery","6_Jun'26","6_Jun Week 2","whatsapp"
"6/14/2026","8610024","Product","Product Not Effective","Take A Dip Triple-Action Deo Body Wash 250ml","Mcaf408_WB","","DELHIVERY","6_Jun'26","6_Jun Week 2","whatsapp"
"6/15/2026","8522595","Product","Reacted-Acne/Pimples","Daily Glow Green Tea Sunscreen SPF 50 PA++++ with Niacinamide - 50 ml","MCaf220_F","","DELHIVERY","6_Jun'26","6_Jun Week 3","whatsapp"
"6/4/2026","8406259","Product","Disatisfied-Smell","Anti-Ageing Night Cream with Black Tea Complex - 50 ml","MCaf259","AMBNC-002","ElasticRun","6_Jun'26","6_Jun Week 1","whatsapp"
"6/15/2026","8411155","Product","Product Not Effective","High Shine Glossing Shampoo","Mcaf404","","Shadowfax","6_Jun'26","6_Jun Week 3","whatsapp"
"6/15/2026","8540303","Product","Reacted-Skin Irritation","Take A Dip Triple-Action Deo Body Wash 250ml","Mcaf408_WB","","ElasticRun","6_Jun'26","6_Jun Week 3","whatsapp"
"6/14/2026","8545811","Product","Product Not Effective","Brightening Raspberry SPF 50 PA+++ Body Sunscreen Lotion - 200 ml","MCaf385","","DELHIVERY","6_Jun'26","6_Jun Week 2","whatsapp"
"6/14/2026","8542122","Product","Product Not Effective","Take A Dip Triple-Action Deo Body Wash 250ml","Mcaf408_WB","","Shadowfax","6_Jun'26","6_Jun Week 2","whatsapp"
"6/14/2026","8505001","Product","Disatisfied-Smell","Summer Breeze Perfume Body Lotion - 300ml","MCaf371","","DELHIVERY","6_Jun'26","6_Jun Week 2","whatsapp"
"6/14/2026","7700976","Product","Product Not Effective","Guava Tini De-Tan Body Wash - 300 ml","Mcaf396_WB","","DELHIVERY","6_Jun'26","6_Jun Week 2","instagram"
"6/14/2026","8561749","Product","Disatisfied-Smell","Island Fresh Triple Action Deo Body Wash","Mcaf409_WB","","ElasticRun","6_Jun'26","6_Jun Week 2","email"
"6/12/2026","8588983","Product","Texture Issue","Sweet Escape Perfume Body Lotion - 300ml","MCaf370","","DELHIVERY","6_Jun'26","6_Jun Week 2","whatsapp"
"6/14/2026","8424783","Product","Product Not Effective","High Shine Perfector Hair Spray","Mcaf406","","ElasticRun","6_Jun'26","6_Jun Week 2","whatsapp"
"6/16/2026","8583886","Product","Disatisfied-Smell","By the Blues Brightening Perfume Body Lotion - 300ml","MCaf401","","DELHIVERY","6_Jun'26","6_Jun Week 3","whatsapp"
"6/7/2026","8435805","Product","Product Not Effective","Guava Tini De-Tan Body Wash - 300 ml","Mcaf396_WB","","DELHIVERY","6_Jun'26","6_Jun Week 1","whatsapp"
"6/16/2026","8591040","Product","Disatisfied-Smell","10% Magnesium Body Lotion - 300ml","Mcaf398","AB005","DELHIVERY","6_Jun'26","6_Jun Week 3","email"
"6/12/2026","8596812","Product","Product Not Effective","Exfoliating Caramel Crunch Body Wash - 300 ml","Mcaf397_WB","","Shadowfax","6_Jun'26","6_Jun Week 2","whatsapp"
"6/15/2026","8595514","Product","Change in Smell","Anti-Ageing Night Cream with Black Tea Complex - 50 ml","MCaf259","","Xpressbees","6_Jun'26","6_Jun Week 3","whatsapp"
"6/14/2026","8506884","Product","Reacted-Skin Irritation","By the Blues Brightening Perfume Body Lotion - 300ml","MCaf401","","Shadowfax","6_Jun'26","6_Jun Week 2","whatsapp"
"6/16/2026","8288873","Product","Product Not Effective","Advanced Hair Fall Control Caffexil?? Conditioner with Keratin-250 ML","MCaf273_WB","","DELHIVERY","6_Jun'26","6_Jun Week 3","whatsapp"
"6/16/2026","8483182","Product","Product Not Effective","High Shine Perfector Hair Spray","Mcaf406","","Shadowfax","6_Jun'26","6_Jun Week 3","whatsapp"
"6/16/2026","ECOMMERCE","Product","Texture Issue","Green Tea Hydrogel Under Eye Patches with 1% Caffeine (15 Pairs)","15MCaf225","","","6_Jun'26","6_Jun Week 3","instagram"
"6/7/2026","8573591","Product","Reacted-Skin Irritation","Guava Tini De-Tan Body Wash - 300 ml","Mcaf396_WB","","DELHIVERY","6_Jun'26","6_Jun Week 1","whatsapp"
"6/9/2026","8550753","Product","Product Not Effective","Coffee Body Scrub - 100 g","MCaf40","","Shadowfax","6_Jun'26","6_Jun Week 2","whatsapp"
"6/16/2026","8600855","Product","Reacted-Acne/Pimples","2% Salicylic Acid Niacinamide & Matcha Tea Face Wash - 100 ml","MCaf270","","DELHIVERY","6_Jun'26","6_Jun Week 3","whatsapp"
"6/16/2026","8405856","Product","Product Not Effective","Advanced Hair Fall Control CaffexilÂ® Shampoo with Rosemary-250 ML","MCaf272_WB","","ElasticRun","6_Jun'26","6_Jun Week 3","whatsapp"
"6/15/2026","8553150","Product","Product Not Effective","Guava Tini De-Tan Body Wash - 300 ml","Mcaf396_WB","","DELHIVERY","6_Jun'26","6_Jun Week 3","email"
"6/15/2026","Fien1971020","Product","Disatisfied-Smell","Take A Dip Triple-Action Deo Body Wash 250ml","Mcaf408_WB","","Shadowfax","6_Jun'26","6_Jun Week 3","whatsapp"
"6/15/2026","8443339","Product","Texture Issue","Exfoliating Caramel Crunch Body Wash - 300 ml","Mcaf397_WB","","DELHIVERY","6_Jun'26","6_Jun Week 3","whatsapp"
"6/15/2026","8523742","Product","Product Not Effective","Sweet Escape Perfume Body Lotion - 300ml","MCaf370","","DELHIVERY","6_Jun'26","6_Jun Week 3","whatsapp"
"6/15/2026","8414066","Product","Disatisfied-Smell","Caramel Eclairs Coffee Body Scrub","Mcaf407","","DELHIVERY","6_Jun'26","6_Jun Week 3","whatsapp"
"6/15/2026","8446975","Product","Product Not Effective","High Shine Perfector Hair Spray","Mcaf406","","Shadowfax","6_Jun'26","6_Jun Week 3","whatsapp"
"6/15/2026","8621575","Product","Disatisfied-Smell","Sweet Escape Perfume Body Lotion - 300ml","MCaf370","ENGE6004","DELHIVERY","6_Jun'26","6_Jun Week 3","email"
"6/17/2026","8574231","Product","Disatisfied-Smell","Summer Breeze Perfume Body Lotion - 300ml","MCaf371","","DELHIVERY","6_Jun'26","6_Jun Week 3","whatsapp"
"6/17/2026","6a3272b8b02348808c757177","Product","Product Not Effective","Take A Dip Triple-Action Deo Body Wash 250ml","Mcaf408_WB","B0124","","6_Jun'26","6_Jun Week 3","email"
"6/16/2026","8626271","Product","Disatisfied-Smell","By the Blues Brightening Perfume Body Lotion - 300ml","MCaf401","","DELHIVERY","6_Jun'26","6_Jun Week 3","whatsapp"
"6/17/2026","6a3272b8b02348808c757177","Product","Disatisfied-Smell","Take A Dip Triple-Action Deo Body Wash 250ml","Mcaf408_WB","","","6_Jun'26","6_Jun Week 3","email"
"6/17/2026","8609643","Product","Others","Velvet Blur Matte Liquid Lipstick - Passionate Crimson","MCaf304","","DELHIVERY","6_Jun'26","6_Jun Week 3","whatsapp"
"6/6/2026","8498560","Product","Texture Issue","Coffee Body Scrub - 100 g","MCaf40","MCBS-1056","DELHIVERY","6_Jun'26","6_Jun Week 1","whatsapp"
"6/16/2026","8619096","Product","Disatisfied-Smell","Summer Breeze Perfume Body Lotion - 300ml","MCaf371","","Xpressbees","6_Jun'26","6_Jun Week 3","whatsapp"
"6/17/2026","8591040","Product","Disatisfied-Smell","10% Magnesium Body Lotion - 300ml","Mcaf398","","DELHIVERY","6_Jun'26","6_Jun Week 3","whatsapp"
"6/17/2026","8619917","Product","Change in consistency","Green Tea & 15% Vitamin C Face Serum - 30 ml","MCaf189","","DELHIVERY","6_Jun'26","6_Jun Week 3","whatsapp"
"6/17/2026","8521003","Product","Change in Smell","Sweet Escape Perfume Body Lotion - 300ml","MCaf370","","DELHIVERY","6_Jun'26","6_Jun Week 3","whatsapp"
"6/16/2026","8417448","Product","Product Not Effective","Guava Tini De-Tan Body Wash - 300 ml","Mcaf396_WB","","DELHIVERY","6_Jun'26","6_Jun Week 3","whatsapp"
"6/16/2026","8575502","Product","Reacted-Skin Irritation","Guava Tini De-Tan Body Wash - 300 ml","Mcaf396_WB","","Shadowfax","6_Jun'26","6_Jun Week 3","whatsapp"
"6/16/2026","8632863","Product","Disatisfied-Smell","Sweet Escape Perfume Body Lotion - 300ml","MCaf370","","ElasticRun","6_Jun'26","6_Jun Week 3","email"
"6/16/2026","8630920","Product","Disatisfied-Smell","Rush Perfume Gift Set for Women - 20ml x 4","MGKIT65_RUSH","","DELHIVERY","6_Jun'26","6_Jun Week 3","whatsapp"
"6/16/2026","8591040","Product","Disatisfied-Smell","10% Magnesium Body Lotion - 300ml","Mcaf398","","DELHIVERY","6_Jun'26","6_Jun Week 3","email"
"6/9/2026","8455411","Product","Product Not Effective","By the Blues Brightening Perfume Body Lotion - 300ml","MCaf401","","DELHIVERY","6_Jun'26","6_Jun Week 2","whatsapp"
"6/15/2026","8564894","Product","Disatisfied-Smell","Choco Body Butter - 250g","MCaf48","","DELHIVERY","6_Jun'26","6_Jun Week 3","whatsapp"
"6/18/2026","8490371","Product","Change in color","Super Glow Flash Facial 25% AHA+BHA+PHA Face Mask - 50gm","mcaf375","","SHIPROCKET_PEP","6_Jun'26","6_Jun Week 3","whatsapp"
"6/9/2026","8439641","Product","Reacted-Skin Irritation","Guava Tini De-Tan Body Wash - 300 ml","Mcaf396_WB","","DELHIVERY","6_Jun'26","6_Jun Week 2","whatsapp"
"6/5/2026","8310025","Product","Product Not Effective","High Shine Intensifier Conditioner","Mcaf405","","Shadowfax","6_Jun'26","6_Jun Week 1","email"
"6/14/2026","7517345","Product","Formation of Fungus","Coffee Body Scrub - 100 g","MCaf40","","DELHIVERY","6_Jun'26","6_Jun Week 2","whatsapp"
"6/10/2026","8549611","Product","Product Not Effective","High Shine Glossing Shampoo","Mcaf404","","DELHIVERY","6_Jun'26","6_Jun Week 2","whatsapp"
"6/9/2026","8518743","Product","Product Not Effective","Sweet Escape Perfume Body Lotion - 300ml","MCaf370","","DELHIVERY","6_Jun'26","6_Jun Week 2","whatsapp"
"6/17/2026","8093810","Product","Reacted-Skin Irritation","Green Tea Oil-Free Moisturizer with 5% Niacinamide - 30 ml","30MCAF221","","DELHIVERY","6_Jun'26","6_Jun Week 3","whatsapp"
"6/18/2026","8547918","Product","Product Not Effective","By the Blues Brightening Perfume Body Lotion - 300ml","MCaf401","","DELHIVERY","6_Jun'26","6_Jun Week 3","whatsapp"
"6/18/2026","8621575","Product","Disatisfied-Smell","Sweet Escape Perfume Body Lotion - 300ml","MCaf370","ENGE6004","DELHIVERY","6_Jun'26","6_Jun Week 3","email"
"6/15/2026","8592026","Product","Reacted-Skin Irritation","Guava Tini De-Tan Body Wash - 300 ml","Mcaf396_WB","","Xpressbees","6_Jun'26","6_Jun Week 3","whatsapp"
"6/18/2026","8621575","Product","Disatisfied-Smell","Sweet Escape Perfume Body Lotion - 300ml","MCaf370","ENGE6004","DELHIVERY","6_Jun'26","6_Jun Week 3","email"
"6/7/2026","8592230","Product","Product Not Effective","007 Perfume for Men - Oriental Oud - 100ml","MCaf349","","ElasticRun","6_Jun'26","6_Jun Week 1","whatsapp"
"6/19/2026","8639489","Product","Presence of foreign particles(Hair/glass/pins)","Moisturizing & Creamy Coffee Body Scrub with Berries - 200g","MCaf199","MCSB-005","DELHIVERY","6_Jun'26","6_Jun Week 3","whatsapp"
"6/16/2026","8638907","Product","Reacted-Skin Irritation","Super Glow Flash Facial 25% AHA+BHA+PHA Face Mask - 50gm","mcaf375","","DELHIVERY","6_Jun'26","6_Jun Week 3","whatsapp"
"6/19/2026","SO31098","Product","Texture Issue","Coffee Body Scrub - 100 g","MCaf40","","","6_Jun'26","6_Jun Week 3","whatsapp"
"6/18/2026","8652253","Product","Disatisfied-Smell","Summer Breeze Perfume Body Lotion - 300ml","MCaf371","","DELHIVERY","6_Jun'26","6_Jun Week 3","whatsapp"
"6/18/2026","8511316","Product","Others","Brightening Raspberry SPF 50 PA+++ Body Sunscreen Lotion - 200 ml","MCaf385","","Xpressbees","6_Jun'26","6_Jun Week 3","whatsapp"
"6/19/2026","8652659","Product","Disatisfied-Smell","Take A Dip Triple-Action Deo Body Wash 250ml","Mcaf408_WB","","Xpressbees","6_Jun'26","6_Jun Week 3","whatsapp"
"6/20/2026","8661945","Product","Disatisfied-Smell","By the Blues Brightening Perfume Body Lotion - 300ml","MCaf401","","DELHIVERY","6_Jun'26","6_Jun Week 3","instagram"
"6/19/2026","8531626","Product","Reacted-Skin Irritation","By the Blues Brightening Perfume Body Lotion - 80ml","MCFMUWB0401F0080","","","6_Jun'26","6_Jun Week 3","whatsapp"
"6/19/2026","8620376","Product","Disatisfied-Smell","Summer Breeze Perfume Body Lotion - 300ml","MCaf371","","DELHIVERY","6_Jun'26","6_Jun Week 3","email"
"6/20/2026","8483182","Product","Product Not Effective","High Shine Perfector Hair Spray","Mcaf406","","Shadowfax","6_Jun'26","6_Jun Week 3","whatsapp"
"6/20/2026","8586866","Product","Reacted-Skin Irritation","Take A Dip Triple-Action Deo Body Wash 250ml","Mcaf408_WB","","DELHIVERY","6_Jun'26","6_Jun Week 3","whatsapp"
"6/20/2026","7622415","Product","Disatisfied-Smell","Exfoliating Coffee Bathing Soap Trio - Value Pack - 75 g x 3","CMB217","","ElasticRun","6_Jun'26","6_Jun Week 3","whatsapp"
"6/19/2026","8654211","Product","Disatisfied-Smell","Sweet Escape Perfume Body Lotion - 300ml","MCaf370","","","6_Jun'26","6_Jun Week 3","whatsapp"
"6/19/2026","8254153","Product","Disatisfied-Smell","Lip Juice Tinted Lip Balm - Berry Blush - 10g","MCaf341","","DELHIVERY","6_Jun'26","6_Jun Week 3","instagram"
"6/20/2026","8596167","Product","Disatisfied-Smell","Take A Dip Triple-Action Deo Body Wash 250ml","Mcaf408_WB","","DELHIVERY","6_Jun'26","6_Jun Week 3","whatsapp"
"6/20/2026","8616251","Product","Disatisfied-Smell","Summer Breeze Perfume Body Lotion - 300ml","MCaf371","","Xpressbees","6_Jun'26","6_Jun Week 3","whatsapp"
"6/19/2026","ECOMMERCE","Product","Disatisfied-Smell","Take A Dip Triple-Action Deo Body Wash 250ml","Mcaf408_WB","","","6_Jun'26","6_Jun Week 3","email"
"6/20/2026","8439659","Product","Product Not Effective","Guava Tini De-Tan Body Wash - 300 ml","Mcaf396_WB","","DELHIVERY","6_Jun'26","6_Jun Week 3","whatsapp"
"6/22/2026","8628663","Product","Product Not Effective","Take A Dip Triple-Action Deo Body Wash 250ml","Mcaf408_WB","","","6_Jun'26","6_Jun Week 4","whatsapp"
"6/21/2026","8641314","Product","Disatisfied-Smell","Sweet Escape Perfume Body Lotion - 300ml","MCaf370","","DELHIVERY","6_Jun'26","6_Jun Week 3","whatsapp"
"6/21/2026","8472933","Product","Reacted-Skin Irritation","Brightening Body Wash | 5% Niacinamide & Raspberry Extracts (300ml)","MCaf383_WB","","Shadowfax","6_Jun'26","6_Jun Week 3","whatsapp"
"6/22/2026","8629465","Product","Others","Blueberry Blast Body Wash - 300 ml","MCaf280_WB","","Shadowfax","6_Jun'26","6_Jun Week 4","whatsapp"
"6/22/2026","8322005","Product","Product Not Effective","Coffee Face Wash - 100 ml","MCaf41","","","6_Jun'26","6_Jun Week 4","whatsapp"
"6/21/2026","8665451","Product","Others","By the Blues Brightening Perfume Body Lotion - 300ml","MCaf401","","Xpressbees","6_Jun'26","6_Jun Week 3","whatsapp"
"6/20/2026","8647993","Product","Disatisfied-Smell","10% Magnesium Body Lotion - 300ml","Mcaf398","","DELHIVERY","6_Jun'26","6_Jun Week 3","whatsapp"
"6/22/2026","8461984","Product","Product Not Effective","Guava Tini De-Tan Body Wash - 300 ml","Mcaf396_WB","","Xpressbees","6_Jun'26","6_Jun Week 4","whatsapp"
"6/22/2026","8646614","Product","Reacted-Skin Irritation","Take A Dip Triple-Action Deo Body Wash 250ml","Mcaf408_WB","AMTDW-123","DELHIVERY","6_Jun'26","6_Jun Week 4","whatsapp"
"6/21/2026","8655905","Product","Disatisfied-Smell","Sweet Escape Perfume Body Lotion - 300ml","MCaf370","","DELHIVERY","6_Jun'26","6_Jun Week 3","whatsapp"
"6/20/2026","Fien2109730","Product","Disatisfied-Smell","Perfume Gift Set for Men Curated by Women - 20 ml x 4","MGKIT64_SWM","","Shadowfax","6_Jun'26","6_Jun Week 3","email"
"6/21/2026","8525439","Product","Product Not Effective","Guava Tini De-Tan Body Wash - 300 ml","Mcaf396_WB","","Shadowfax","6_Jun'26","6_Jun Week 3","whatsapp"
"6/22/2026","8461984","Product","Product Not Effective","Guava Tini De-Tan Body Wash - 300 ml","Mcaf396_WB","","Xpressbees","6_Jun'26","6_Jun Week 4","whatsapp"
"6/19/2026","8371496","Product","Disatisfied-Smell","Sweet Escape Perfume Body Lotion - 300ml","MCaf370","","Delhivery","6_Jun'26","6_Jun Week 3","whatsapp"
"6/21/2026","8626780","Product","Reacted-Skin Irritation","Guava Tini De-Tan Body Wash - 300 ml","Mcaf396_WB","","","6_Jun'26","6_Jun Week 3","instagram"
"6/24/2026","8705918","Product","Fragrance not long-lasting","Sweet Escape Perfume Body Lotion - 600ml","600MCaf370","","DELHIVERY","6_Jun'26","6_Jun Week 4","whatsapp"
"6/24/2026","8536487","Product","Fragrance not long-lasting","Take A Dip Triple-Action Deo Body Wash 250ml","Mcaf408_WB","","Xpressbees","6_Jun'26","6_Jun Week 4","whatsapp"
"6/24/2026","8584503","Product","Fragrance not long-lasting","Exfoliating Caramel Crunch Body Wash - 300 ml","Mcaf397_WB","","ElasticRun","6_Jun'26","6_Jun Week 4","whatsapp"
"6/24/2026","Fien2020190","Product","Disatisfied-Smell","Take A Dip Triple-Action Deo Body Wash 250ml","Mcaf408_WB","","DELHIVERY","6_Jun'26","6_Jun Week 4","whatsapp"
"6/24/2026","8560499","Product","Disatisfied-Smell","Sweet Escape Perfume Body Lotion - 300ml","MCaf370","","Shadowfax","6_Jun'26","6_Jun Week 4","whatsapp"
"6/24/2026","8682349","Product","Disatisfied-Smell","Rush Perfume Gift Set for Women - 20ml x 4","MGKIT65_RUSH","","DELHIVERY","6_Jun'26","6_Jun Week 4","whatsapp"
"6/24/2026","8637845","Product","Fragrance not long-lasting","By the Blues Brightening Perfume Body Lotion - 300ml","MCaf401","","DELHIVERY","6_Jun'26","6_Jun Week 4","whatsapp"
"6/24/2026","8629851","Product","Product Not Effective","By the Blues Brightening Perfume Body Lotion - 300ml","MCaf401","","DELHIVERY","6_Jun'26","6_Jun Week 4","whatsapp"
"6/24/2026","8692909","Product","Product Not Effective","10% Magnesium Body Lotion - 300ml","Mcaf398","","DELHIVERY","6_Jun'26","6_Jun Week 4","email"
"6/24/2026","8533773","Product","Reacted-Acne/Pimples","Brightening Sunscreen for Dark Spots - SPF 50 PA ++++","MCaf302","","Xpressbees","6_Jun'26","6_Jun Week 4","whatsapp"
"6/24/2026","8495687","Product","Product Not Effective","Take A Dip Triple-Action Deo Body Wash 250ml","Mcaf408_WB","","DELHIVERY","6_Jun'26","6_Jun Week 4","whatsapp"
"6/24/2026","8615506","Product","Fragrance not long-lasting","Take A Dip Triple-Action Deo Body Wash 250ml","Mcaf408_WB","","DELHIVERY","6_Jun'26","6_Jun Week 4","whatsapp"
"6/24/2026","8682781","Product","Reacted-Skin Irritation","Take A Dip Triple-Action Deo Body Wash 250ml","Mcaf408_WB","","DELHIVERY","6_Jun'26","6_Jun Week 4","whatsapp"
"6/24/2026","Fien2085760","Product","Product Not Effective","High Shine Perfector Hair Spray","Mcaf406","","Shadowfax","6_Jun'26","6_Jun Week 4","whatsapp"
"6/24/2026","8709849","Product","Disatisfied-Smell","By the Blues Brightening Perfume Body Lotion - 300ml","MCaf401","","Shadowfax","6_Jun'26","6_Jun Week 4","whatsapp"
"6/24/2026","8684607","Product","Disatisfied-Smell","Sweet Escape Perfume Body Lotion - 300ml","MCaf370","","DELHIVERY","6_Jun'26","6_Jun Week 4","whatsapp"
"6/23/2026","8705829","Product","Fragrance not long-lasting","Summer Breeze Perfume Body Lotion - 300ml","MCaf371","","Blitz","6_Jun'26","6_Jun Week 4","whatsapp"
"6/23/2026","8640872","Product","Fragrance not long-lasting","Take A Dip Triple-Action Deo Body Wash 250ml","Mcaf408_WB","","DELHIVERY","6_Jun'26","6_Jun Week 4","whatsapp"
"6/23/2026","8707295","Product","Fragrance not long-lasting","Sweet Escape Perfume Body Lotion - 300ml","MCaf370","","Delhivery","6_Jun'26","6_Jun Week 4","instagram"
"6/23/2026","8654256","Product","Disatisfied-Smell","Brightening Face Wash - 1% Kojic Acid & Glutathione","MCaf299","","Xpressbees","6_Jun'26","6_Jun Week 4","whatsapp"
"6/23/2026","8508059","Product","Fragrance not long-lasting","5% AHA Underarm Roll On with Coffee - 50ml","Mcaf278","","Shadowfax","6_Jun'26","6_Jun Week 4","whatsapp"
"6/23/2026","8705913","Product","Disatisfied-Smell","Coffee Face Wash - 100 ml","MCaf41","","ElasticRun","6_Jun'26","6_Jun Week 4","whatsapp"
"6/23/2026","8694270","Product","Product Not Effective","1% Kojic Acid & Glutathione Guava Fizz Soap - 300g (3x100g)","3MCaf394","","","6_Jun'26","6_Jun Week 4","whatsapp"
"6/23/2026","8694270","Product","Fragrance not long-lasting","By the Blues Brightening Perfume Body Lotion - 300ml","MCaf401","","DELHIVERY","6_Jun'26","6_Jun Week 4","whatsapp"
"6/23/2026","Fien2029780","Product","Reacted-Skin Irritation","By the Blues Brightening Perfume Body Lotion - 300ml","MCaf401","","Shadowfax","6_Jun'26","6_Jun Week 4","email"
"6/23/2026","8634472","Product","Product Not Effective","Island Fresh Triple Action Deo Body Wash","Mcaf409_WB","","Shadowfax","6_Jun'26","6_Jun Week 4","whatsapp"
"6/23/2026","8688431","Product","Disatisfied-Smell","By the Blues Brightening Perfume Body Lotion - 300ml","MCaf401","","DELHIVERY","6_Jun'26","6_Jun Week 4","whatsapp"
"6/23/2026","8523129","Product","Reacted-Acne/Pimples","2% Salicylic Acid Serum-Acne Pads with Matcha Tea - 40 N","40MCaf272","","","6_Jun'26","6_Jun Week 4","whatsapp"
"6/23/2026","8693332","Product","Disatisfied-Smell","Summer Breeze Perfume Body Lotion - 300ml","MCaf371","","Shadowfax","6_Jun'26","6_Jun Week 4","whatsapp"
"6/23/2026","8565014","Product","Disatisfied-Smell","Take A Dip Triple-Action Deo Body Wash 250ml","Mcaf408_WB","","DELHIVERY","6_Jun'26","6_Jun Week 4","whatsapp"
"6/23/2026","8693332","Product","Disatisfied-Smell","Summer Breeze Perfume Body Lotion - 300ml","MCaf371","","Shadowfax","6_Jun'26","6_Jun Week 4","whatsapp"
"6/23/2026","8553421","Product","Product Not Effective","Guava Tini De-Tan Body Wash - 300 ml","Mcaf396_WB","","DELHIVERY","6_Jun'26","6_Jun Week 4","whatsapp"
"6/23/2026","8708548","Product","Reacted-Skin Irritation","Guava Tini De-Tan Body Wash - 300 ml","Mcaf396_WB","","Pikndel","6_Jun'26","6_Jun Week 4","whatsapp"
"6/23/2026","8672709","Product","Disatisfied-Smell","10% Magnesium Body Lotion - 300ml","Mcaf398","","DELHIVERY","6_Jun'26","6_Jun Week 4","whatsapp"
"6/23/2026","8593475","Product","Product Not Effective","Island Fresh Triple Action Deo Body Wash","Mcaf409_WB","","DELHIVERY","6_Jun'26","6_Jun Week 4","instagram"
"6/25/2026","8695174","Product","Fragrance not long-lasting","Take A Dip Triple-Action Deo Body Wash 250ml","Mcaf408_WB","","DTDC","6_Jun'26","6_Jun Week 4","whatsapp"
"6/25/2026","8585337","Product","Fragrance not long-lasting","By the Blues Brightening Perfume Body Lotion - 300ml","MCaf401","","DELHIVERY","6_Jun'26","6_Jun Week 4","whatsapp"
"6/24/2026","8682349","Product","Disatisfied-Smell","Rush Perfume Gift Set for Women - 20ml x 4","MGKIT65_RUSH","","DELHIVERY","6_Jun'26","6_Jun Week 4","whatsapp"
"6/25/2026","8553150","Product","Product Not Effective","Guava Tini De-Tan Body Wash - 300 ml","Mcaf396_WB","","DELHIVERY","6_Jun'26","6_Jun Week 4","whatsapp"
"6/24/2026","8593143","Product","Product Not Effective","High Shine Perfector Hair Spray","Mcaf406","","Shadowfax","6_Jun'26","6_Jun Week 4","whatsapp"
"6/23/2026","8650255","Product","Change in Smell","Brightening Face Wash - 1% Kojic Acid & Glutathione","MCaf299","","DELHIVERY","6_Jun'26","6_Jun Week 4","whatsapp"
"6/25/2026","8692939","Product","Product Not Effective","Take A Dip Triple-Action Deo Body Wash 250ml","Mcaf408_WB","","DELHIVERY","6_Jun'26","6_Jun Week 4","whatsapp"
"6/25/2026","8692314","Product","Reacted-Skin Irritation","Coffee Under Eye Cream - 15 ml","15MCaf62","B6011","Xpressbees","6_Jun'26","6_Jun Week 4","whatsapp"
"6/24/2026","8706923","Product","Texture Issue","Guava Tini De-Tan Body Wash - 300 ml","Mcaf396_WB","","","6_Jun'26","6_Jun Week 4","whatsapp"
"6/25/2026","8532410","Product","Product Not Effective","Guava Tini De-Tan Body Wash - 300 ml","Mcaf396_WB","","DELHIVERY","6_Jun'26","6_Jun Week 4","whatsapp"
"6/24/2026","8603633","Product","Fragrance not long-lasting","Take A Dip Triple-Action Deo Body Wash 250ml","Mcaf408_WB","","","6_Jun'26","6_Jun Week 4","whatsapp"
"6/25/2026","8553512","Product","Product Not Effective","Summer Breeze Perfume Body Lotion - 300ml","MCaf371","","DELHIVERY","6_Jun'26","6_Jun Week 4","whatsapp"
"6/24/2026","8457391","Product","Reacted-Acne/Pimples","Take A Dip Triple-Action Deo Body Wash 250ml","Mcaf408_WB","","DELHIVERY","6_Jun'26","6_Jun Week 4","whatsapp"
"6/25/2026","8553512","Product","Product Not Effective","Summer Breeze Perfume Body Lotion - 300ml","MCaf371","","DELHIVERY","6_Jun'26","6_Jun Week 4","whatsapp"
"6/25/2026","8553512","Product","Product Not Effective","Guava Tini De-Tan Body Wash - 300 ml","Mcaf396_WB","","DELHIVERY","6_Jun'26","6_Jun Week 4","whatsapp"
"6/24/2026","8705918","Product","Fragrance not long-lasting","Sweet Escape Perfume Body Lotion - 600ml","600MCaf370","","DELHIVERY","6_Jun'26","6_Jun Week 4","whatsapp"
"6/26/2026","6a390ee790425b66b24e29c5","Product","Disatisfied-Smell","Take A Dip Triple-Action Deo Body Wash 250ml","Mcaf408_WB","AMTDW-089","","6_Jun'26","6_Jun Week 4","email"
"6/26/2026","8674495","Product","Fragrance not long-lasting","Summer Breeze Perfume Body Lotion - 300ml","MCaf371","","DELHIVERY","6_Jun'26","6_Jun Week 4","whatsapp"
"6/26/2026","8687149","Product","Reacted-Skin Irritation","5% AHA Underarm Roll On with Coffee - 50ml","Mcaf278","","Shadowfax","6_Jun'26","6_Jun Week 4","whatsapp"
"6/26/2026","8699074","Product","Product Not Effective","Take A Dip Triple-Action Deo Body Wash 250ml","Mcaf408_WB","","DELHIVERY","6_Jun'26","6_Jun Week 4","whatsapp"
"6/26/2026","8590387","Product","Reacted-Acne/Pimples","Brightening Sunscreen for Dark Spots - SPF 50 PA ++++","MCaf302","","DELHIVERY","6_Jun'26","6_Jun Week 4","email"
"6/26/2026","8721464","Product","Disatisfied-Smell","By the Blues Brightening Perfume Body Lotion - 300ml","MCaf401","","Shadowfax","6_Jun'26","6_Jun Week 4","whatsapp"
"6/26/2026","8546989","Product","Fragrance not long-lasting","Summer Breeze Perfume Body Lotion - 300ml","MCaf371","","Shadowfax","6_Jun'26","6_Jun Week 4","whatsapp"
"6/25/2026","8716257","Product","Product Not Effective","Take A Dip Triple-Action Deo Body Wash 250ml","Mcaf408_WB","","DELHIVERY","6_Jun'26","6_Jun Week 4","whatsapp"
"6/25/2026","8587903","Product","Reacted-Acne/Pimples","Guava Tini De-Tan Body Wash - 300 ml","Mcaf396_WB","","Shadowfax","6_Jun'26","6_Jun Week 4","whatsapp"
"6/26/2026","8595411","Product","Product Not Effective","Coffee Face Wash - 100 ml","MCaf41","","Shadowfax","6_Jun'26","6_Jun Week 4","whatsapp"
"6/25/2026","8715904","Product","Others","5% AHA Underarm Roll On with Coffee - 50ml","Mcaf278","","DELHIVERY","6_Jun'26","6_Jun Week 4","whatsapp"
"6/25/2026","6a3365bd72eba55ce3a1edfe","Product","Product Not Effective","Guava Tini De-Tan Body Wash - 300 ml","Mcaf396_WB","","","6_Jun'26","6_Jun Week 4","whatsapp"
"6/26/2026","Fien1921460","Product","Fragrance not long-lasting","Take A Dip Triple-Action Deo Body Wash 250ml","Mcaf408_WB","","Xpressbees","6_Jun'26","6_Jun Week 4","whatsapp"
"6/26/2026","8711630","Product","Reacted-Skin Irritation","Guava Tini De-Tan Body Wash - 300 ml","Mcaf396_WB","","Shadowfax","6_Jun'26","6_Jun Week 4","whatsapp"
"6/24/2026","8674058","Product","Change in Smell","Slow Kiss Perfume for Men - Aromatic Fresh - 100ml","MCaf351","","DELHIVERY","6_Jun'26","6_Jun Week 4","email"
"6/28/2026","8676006","Product","Fragrance not long-lasting","007 Perfume for Men - Oriental Oud - 100ml","MCaf349","","Xpressbees","6_Jun'26","6_Jun Week 4","whatsapp"
"6/28/2026","8711924","Product","Fragrance not long-lasting","Take A Dip Triple-Action Deo Body Wash 250ml","Mcaf408_WB","","Blue Dart","6_Jun'26","6_Jun Week 4","whatsapp"
"6/28/2026","8744099","Product","Fragrance not long-lasting","Take A Dip Triple-Action Deo Body Wash 250ml","Mcaf408_WB","","","6_Jun'26","6_Jun Week 4","whatsapp"
"6/27/2026","8599562","Product","Fragrance not long-lasting","Summer Breeze Perfume Body Lotion - 300ml","MCaf371","","DELHIVERY","6_Jun'26","6_Jun Week 4","whatsapp"
"6/27/2026","8547307","Product","Fragrance not long-lasting","By the Blues Brightening Perfume Body Lotion - 300ml","MCaf401","","DELHIVERY","6_Jun'26","6_Jun Week 4","whatsapp"
"6/27/2026","8537499","Product","Disatisfied-Smell","Take A Dip Triple-Action Deo Body Wash 250ml","Mcaf408_WB","","DELHIVERY","6_Jun'26","6_Jun Week 4","whatsapp"
"6/27/2026","8585874","Product","Change in Smell","Green Tea Face Wash with Vitamin C & Hyaluronic Acid - 100 ml","MCaf53","","Xpressbees","6_Jun'26","6_Jun Week 4","whatsapp"
"6/27/2026","6a3fbdb8e10673b62e0986c8","Product","Change in Smell","","","","","6_Jun'26","6_Jun Week 4","email"
"6/27/2026","8700991","Product","Product Not Effective","2% Salicylic Acid Niacinamide & Matcha Tea Face Wash - 100 ml","MCaf270","","Xpressbees","6_Jun'26","6_Jun Week 4","whatsapp"
"6/26/2026","8540836","Product","Others","High Shine Intensifier Conditioner","Mcaf405","","DELHIVERY","6_Jun'26","6_Jun Week 4","whatsapp"
"6/27/2026","8642306","Product","Product Not Effective","Exfoliating Caramel Crunch Body Wash - 300 ml","Mcaf397_WB","","DELHIVERY","6_Jun'26","6_Jun Week 4","whatsapp"
"6/27/2026","8498267","Product","Reacted-Skin Irritation","Super Glow Flash Facial 25% AHA+BHA+PHA Face Mask - 50gm","mcaf375","","Shadowfax","6_Jun'26","6_Jun Week 4","whatsapp"
"6/27/2026","8593370","Product","Product Not Effective","Exfoliating Caramel Crunch Body Wash - 300 ml","Mcaf397_WB","","ElasticRun","6_Jun'26","6_Jun Week 4","whatsapp"
"6/27/2026","8636144","Product","Burning Sensation","Super Glow Flash Facial 25% AHA+BHA+PHA Face Mask - 50gm","mcaf375","NAK6018F","DELHIVERY","6_Jun'26","6_Jun Week 4","whatsapp"
"6/27/2026","8702584","Product","Reacted-Skin Irritation","Brightening Sunscreen for Dark Spots - SPF 50 PA ++++","MCaf302","","Xpressbees","6_Jun'26","6_Jun Week 4","whatsapp"
"6/27/2026","8681263","Product","Reacted-Skin Irritation","Choco Body Butter - 250g","MCaf48","CBB-186","DELHIVERY","6_Jun'26","6_Jun Week 4","whatsapp"
"6/27/2026","8712797","Product","Others","High Shine Glossing Shampoo","Mcaf404","BC26C080","Shadowfax","6_Jun'26","6_Jun Week 4","whatsapp"
"6/26/2026","8454609","Product","Reacted-Skin Irritation","Take A Dip Triple-Action Deo Body Wash 250ml","Mcaf408_WB","","Xpressbees","6_Jun'26","6_Jun Week 4","email"
"6/27/2026","8652057","Product","Product Not Effective","High Shine Intensifier Conditioner","Mcaf405","","Xpressbees","6_Jun'26","6_Jun Week 4","whatsapp"
"6/22/2026","8646614","Product","Reacted-Skin Irritation","Exfoliating Caramel Crunch Body Wash - 300 ml","Mcaf397_WB","DNGC6033","DELHIVERY","6_Jun'26","6_Jun Week 4","whatsapp"
"6/29/2026","8561936","Product","Fragrance not long-lasting","Take A Dip Triple-Action Deo Body Wash 250ml","Mcaf408_WB","","DELHIVERY","6_Jun'26","6_Jun Week 5","whatsapp"
"6/28/2026","8702426","Product","Reacted-Acne/Pimples","Guava Tini De-Tan Body Wash - 300 ml","Mcaf396_WB","AMGTB-361","Shadowfax","6_Jun'26","6_Jun Week 4","whatsapp"
"6/29/2026","8659347","Product","Reacted-Skin Irritation","Guava Tini De-Tan Body Wash - 300 ml","Mcaf396_WB","","DELHIVERY","6_Jun'26","6_Jun Week 5","whatsapp"
"6/29/2026","Fien2112750","Product","Fragrance not long-lasting","Unisex Perfume Gift Kit - 20ml x 4","MGKIT62_ACG","","DELHIVERY","6_Jun'26","6_Jun Week 5","whatsapp"
"6/29/2026","8726499","Product","Others","Pore Clear Coffee Cookie Face Scrub- 100gm","MCaf387","","Shadowfax","6_Jun'26","6_Jun Week 5","whatsapp"
"6/29/2026","8579012","Product","Product Not Effective","High Shine Intensifier Conditioner","Mcaf405","","DELHIVERY","6_Jun'26","6_Jun Week 5","whatsapp"
"6/28/2026","8713982","Product","Product Not Effective","High Shine Perfector Hair Spray","Mcaf406","","Shadowfax","6_Jun'26","6_Jun Week 4","whatsapp"
"6/27/2026","8683242","Product","Change in color","Exfoliating Caramel Crunch Body Wash - 300 ml","Mcaf397_WB","DNGC6033","Shadowfax","6_Jun'26","6_Jun Week 4","whatsapp"
"6/28/2026","8611317","Product","Product Not Effective","Guava Tini De-Tan Body Wash - 300 ml","Mcaf396_WB","","Xpressbees","6_Jun'26","6_Jun Week 4","whatsapp"
"6/29/2026","8682665","Product","Product Not Effective","Brightening Sunscreen for Dark Spots - SPF 50 PA ++++","MCaf302","","Blitz","6_Jun'26","6_Jun Week 5","whatsapp"
"6/28/2026","8661926","Product","Disatisfied-Smell","Summer Breeze Perfume Body Lotion - 300ml","MCaf371","","Blitz","6_Jun'26","6_Jun Week 4","whatsapp"
"6/28/2026","8725053","Product","Disatisfied-Smell","Choco Body Butter - 250g","MCaf48","","DELHIVERY","6_Jun'26","6_Jun Week 4","whatsapp"
"6/28/2026","8661098","Product","Fragrance not long-lasting","Island Fresh Triple Action Deo Body Wash","Mcaf409_WB","","Blue Dart","6_Jun'26","6_Jun Week 4","whatsapp"
"6/30/2026","8708054","Product","Fragrance not long-lasting","Take A Dip Triple-Action Deo Body Wash 250ml","Mcaf408_WB","","DELHIVERY","6_Jun'26","6_Jun Week 5","whatsapp"
"6/30/2026","8708054","Product","Fragrance not long-lasting","Take A Dip Triple-Action Deo Body Wash 250ml","Mcaf408_WB","","DELHIVERY","6_Jun'26","6_Jun Week 5","whatsapp"
"6/30/2026","8707553","Product","Product Not Effective","Guava Tini De-Tan Body Wash - 300 ml","Mcaf396_WB","","DELHIVERY","6_Jun'26","6_Jun Week 5","whatsapp"
"6/30/2026","8625718","Product","Product Not Effective","Pore Cleanse Coffee Cookie Detan Face Mask - 100gm","MCaf388","","Blitz","6_Jun'26","6_Jun Week 5","whatsapp"
"6/30/2026","Fien2253520","Product","Product Not Effective","Take A Dip Triple-Action Deo Body Wash 250ml","Mcaf408_WB","","DELHIVERY","6_Jun'26","6_Jun Week 5","whatsapp"
"6/30/2026","8708168","Product","Fragrance not long-lasting","Summer Breeze Perfume Body Lotion - 300ml","MCaf371","","Xpressbees","6_Jun'26","6_Jun Week 5","whatsapp"
"6/30/2026","8732035","Product","Disatisfied-Smell","Summer Breeze Perfume Body Lotion - 300ml","MCaf371","","Blitz","6_Jun'26","6_Jun Week 5","whatsapp"
"6/30/2026","8730209","Product","Reacted-Skin Irritation","By the Blues Brightening Perfume Body Lotion - 300ml","MCaf401","","DELHIVERY","6_Jun'26","6_Jun Week 5","whatsapp"
"6/30/2026","8694870","Product","Disatisfied-Smell","By the Blues Brightening Perfume Body Lotion - 300ml","MCaf401","","Xpressbees","6_Jun'26","6_Jun Week 5","whatsapp"
"6/30/2026","Fien2264540","Product","Fragrance not long-lasting","By the Blues Brightening Perfume Body Lotion - 300ml","MCaf401","","DELHIVERY","6_Jun'26","6_Jun Week 5","whatsapp"
"6/29/2026","8586674","Product","Reacted-Skin Irritation","Daily Glow Green Tea Sunscreen SPF 50 PA++++ with Niacinamide - 50 ml","MCaf220_F","","Xpressbees","6_Jun'26","6_Jun Week 5","whatsapp"
"6/30/2026","8738829","Product","Disatisfied-Smell","11% AHA BHA Strawberry Body Lotion for Skin Smoothening","MCaf402","","Xpressbees","6_Jun'26","6_Jun Week 5","email"
"6/30/2026","8741593","Product","Reacted-Skin Irritation","Take A Dip Triple-Action Deo Body Wash 250ml","Mcaf408_WB","","","6_Jun'26","6_Jun Week 5","whatsapp"
"6/30/2026","na","Product","Others","","","","","6_Jun'26","6_Jun Week 5","instagram"
"6/28/2026","8571382","Product","Product Not Effective","High Shine Perfector Hair Spray","Mcaf406","","DELHIVERY","6_Jun'26","6_Jun Week 4","whatsapp"
"6/30/2026","8643899","Product","Disatisfied-Smell","By the Blues Brightening Perfume Body Lotion - 300ml","MCaf401","","DELHIVERY","6_Jun'26","6_Jun Week 5","whatsapp"
"6/28/2026","8689146","Product","Product Not Effective","By the Blues Brightening Perfume Body Lotion - 300ml","MCaf401","BB020","DELHIVERY","6_Jun'26","6_Jun Week 4","whatsapp"
"6/30/2026","Fien2047410","Product","Disatisfied-Smell","Take A Dip Triple-Action Deo Body Wash 250ml","Mcaf408_WB","","","6_Jun'26","6_Jun Week 5","whatsapp"
"6/29/2026","8614092","Product","Product Not Effective","1% Kojic Acid & Glutathione Guava Fizz Soap - 300g (3x100g)","3MCaf394","","DELHIVERY","6_Jun'26","6_Jun Week 5","whatsapp"
"6/30/2026","8683371","Product","Disatisfied-Smell","Brightening Face Wash - 1% Kojic Acid & Glutathione","MCaf299","SM0260051","DELHIVERY","6_Jun'26","6_Jun Week 5","whatsapp"
"6/30/2026","8614672","Product","Fragrance not long-lasting","Summer Breeze Perfume Body Lotion - 300ml","MCaf371","","DELHIVERY","6_Jun'26","6_Jun Week 5","whatsapp"
"6/30/2026","8704558","Product","Reacted-Skin Irritation","Exfoliating Caramel Crunch Body Wash - 300 ml","Mcaf397_WB","","","6_Jun'26","6_Jun Week 5","instagram"
"6/30/2026","8700991","Product","Product Not Effective","2% Salicylic Acid Niacinamide & Matcha Tea Face Wash - 100 ml","MCaf270","","Xpressbees","6_Jun'26","6_Jun Week 5","whatsapp"
"6/30/2026","8704558","Product","Reacted-Skin Irritation","Guava Tini De-Tan Body Wash - 300 ml","Mcaf396_WB","","Xpressbees","6_Jun'26","6_Jun Week 5","instagram"
"6/27/2026","8480533","Product","Product Not Effective","Guava Tini De-Tan Body Wash - 300 ml","Mcaf396_WB","","","6_Jun'26","6_Jun Week 4","NPS Calling"
"6/27/2026","8472323","Product","Product Not Effective","Exfoliating Caramel Crunch Body Wash - 300 ml","Mcaf397_WB","","","6_Jun'26","6_Jun Week 4","NPS Calling"
"6/27/2026","8420796","Product","Product Not Effective","Guava Tini De-Tan Body Wash - 300 ml","Mcaf396_WB","","","6_Jun'26","6_Jun Week 4","NPS Calling"
"6/27/2026","8439641","Product","Product Not Effective","Guava Tini De-Tan Body Wash - 300 ml","Mcaf396_WB","","","6_Jun'26","6_Jun Week 4","NPS Calling"
"6/27/2026","8439641","Product","Reacted-Skin Irritation","Sweet Escape Perfume Body Lotion - 300ml","MCaf370","","","6_Jun'26","6_Jun Week 4","NPS Calling"
"6/27/2026","8484478","Product","Disatisfied-Smell","Sweet Escape Perfume Body Lotion - 300ml","MCaf370","","","6_Jun'26","6_Jun Week 4","NPS Calling"
"6/27/2026","8426030","Product","Product Not Effective","Coffee Hydrogel Under Eye Patches with Caffeine & HA - 15 Pairs","15MCaf177","","","6_Jun'26","6_Jun Week 4","NPS Calling"
"6/27/2026","8484502","Product","Fragrance not long-lasting","Take A Dip Triple-Action Deo Body Wash 250ml","Mcaf408_WB","","","6_Jun'26","6_Jun Week 4","NPS Calling"
"6/27/2026","8407554","Product","Product Not Effective","Guava Tini De-Tan Body Wash - 300 ml","Mcaf396_WB","","","6_Jun'26","6_Jun Week 4","NPS Calling"
"6/27/2026","8444014","Product","Reacted-Skin Irritation","Take A Dip Triple-Action Deo Body Wash 250ml","Mcaf408_WB","","","6_Jun'26","6_Jun Week 4","NPS Calling"
"6/27/2026","8441331","Product","Product Not Effective","5% AHA Underarm Roll On with Coffee - 50ml","Mcaf278","","","6_Jun'26","6_Jun Week 4","NPS Calling"
"6/27/2026","8424073","Product","Fragrance not long-lasting","Take A Dip Triple-Action Deo Body Wash 250ml","Mcaf408_WB","","","6_Jun'26","6_Jun Week 4","NPS Calling"
"6/27/2026","8441851","Product","Fragrance not long-lasting","Island Fresh Triple Action Deo Body Wash","Mcaf409_WB","","","6_Jun'26","6_Jun Week 4","NPS Calling"
"6/27/2026","8405856","Product","Product Not Effective","Advanced Hair Fall Control Caffexil?? Conditioner with Keratin-250 ML","MCaf273_WB","","","6_Jun'26","6_Jun Week 4","NPS Calling"
"6/27/2026","8454164","Product","Fragrance not long-lasting","Sweet Escape Perfume Body Lotion - 300ml","MCaf370","","","6_Jun'26","6_Jun Week 4","NPS Calling"
"6/27/2026","8454164","Product","Fragrance not long-lasting","Summer Breeze Perfume Body Lotion - 300ml","MCaf371","","","6_Jun'26","6_Jun Week 4","NPS Calling"
"6/27/2026","8401628","Product","Fragrance not long-lasting","Exfoliating Caramel Crunch Body Wash - 300 ml","Mcaf397_WB","","","6_Jun'26","6_Jun Week 4","NPS Calling"
"6/27/2026","8415103","Product","Fragrance not long-lasting","Take A Dip Triple-Action Deo Body Wash 250ml","Mcaf408_WB","","","6_Jun'26","6_Jun Week 4","NPS Calling"
"6/27/2026","8408781","Product","Product Not Effective","Guava Tini De-Tan Body Wash - 300 ml","Mcaf396_WB","","","6_Jun'26","6_Jun Week 4","NPS Calling"
"6/27/2026","8418031","Product","Product Not Effective","Guava Tini De-Tan Body Wash - 300 ml","Mcaf396_WB","","","6_Jun'26","6_Jun Week 4","NPS Calling"
"6/27/2026","8409300","Product","Product Not Effective","Pore Cleanse Coffee Cookie Detan Face Mask - 100gm","MCaf388","","","6_Jun'26","6_Jun Week 4","NPS Calling"
"6/27/2026","8273029","Product","Reacted-Skin Irritation","Guava Tini De-Tan Body Wash - 300 ml","Mcaf396_WB","","","6_Jun'26","6_Jun Week 4","NPS Calling"
"6/27/2026","8396038","Product","Fragrance not long-lasting","007 Perfume for Men - Oriental Oud - 100ml","MCaf349","","","6_Jun'26","6_Jun Week 4","NPS Calling"
"6/27/2026","8317945","Product","Product Not Effective","High Shine Glossing Shampoo","Mcaf404","","","6_Jun'26","6_Jun Week 4","NPS Calling"
"6/27/2026","8378263","Product","Fragrance not long-lasting","Sweet Escape Perfume Body Lotion - 300ml","MCaf370","","","6_Jun'26","6_Jun Week 4","NPS Calling"
"6/27/2026","Fien1799910","Product","Disatisfied-Smell","Take A Dip Triple-Action Deo Body Wash 250ml","Mcaf408_WB","","","6_Jun'26","6_Jun Week 4","NPS Calling"
"6/27/2026","8398248","Product","Fragrance not long-lasting","Sweet Escape Perfume Body Lotion - 300ml","MCaf370","","","6_Jun'26","6_Jun Week 4","NPS Calling"
"6/27/2026","8398248","Product","Fragrance not long-lasting","Summer Breeze Perfume Body Lotion - 300ml","MCaf371","","","6_Jun'26","6_Jun Week 4","NPS Calling"
"6/27/2026","8376276","Product","Product Not Effective","Green Tea & 15% Vitamin C Face Serum - 30 ml","MCaf189","","","6_Jun'26","6_Jun Week 4","NPS Calling"
"6/29/2026","8396236","Product","Reacted-Skin Irritation","Green Tea Hydrogel Under Eye Patches with 1% Caffeine (15 Pairs)","15MCaf225","","","6_Jun'26","6_Jun Week 5","NPS Calling"
"6/29/2026","8383488","Product","Others","Guava Tini De-Tan Body Wash - 300 ml","Mcaf396_WB","","","6_Jun'26","6_Jun Week 5","NPS Calling"
"6/29/2026","Fien1772730","Product","Disatisfied-Smell","Magnetic Perfume for Men - Aquatic - 100ml","MCaf352","","","6_Jun'26","6_Jun Week 5","NPS Calling"
"6/29/2026","8399192","Product","Product Not Effective","By the Blues Brightening Perfume Body Lotion - 300ml","MCaf401","","","6_Jun'26","6_Jun Week 5","NPS Calling"
"6/29/2026","8592051","Product","Reacted-Skin Irritation","Coffee Hydrogel Under Eye Patches with Caffeine & HA - 15 Pairs","15MCaf177","","","6_Jun'26","6_Jun Week 5","NPS Calling"
"6/29/2026","Fien2053150","Product","Fragrance not long-lasting","Sweet Escape Perfume Body Lotion - 300ml","MCaf370","","","6_Jun'26","6_Jun Week 5","NPS Calling"
"6/29/2026","8556456","Product","Product Not Effective","Brightening Body Wash | 5% Niacinamide & Raspberry Extracts (300ml)","MCaf383_WB","","","6_Jun'26","6_Jun Week 5","NPS Calling"
"6/29/2026","8546989","Product","Fragrance not long-lasting","Summer Breeze Perfume Body Lotion - 300ml","MCaf371","","","6_Jun'26","6_Jun Week 5","NPS Calling"
"6/29/2026","HYPD","Product","Fragrance not long-lasting","Perfume Gift Set for Men Curated by Women - 20 ml x 4","MGKIT64_SWM","","","6_Jun'26","6_Jun Week 5","NPS Calling"
"6/29/2026","8569324","Product","Disatisfied-Smell","Guava Tini De-Tan Body Wash - 300 ml","Mcaf396_WB","","","6_Jun'26","6_Jun Week 5","NPS Calling"
"6/29/2026","Fien2064780","Product","Fragrance not long-lasting","Take A Dip Triple-Action Deo Body Wash 250ml","Mcaf408_WB","","","6_Jun'26","6_Jun Week 5","NPS Calling"
"6/29/2026","Fien2006230","Product","Fragrance not long-lasting","Take A Dip Triple-Action Deo Body Wash 250ml","Mcaf408_WB","","","6_Jun'26","6_Jun Week 5","NPS Calling"
"6/29/2026","Fien2006230","Product","Fragrance not long-lasting","Island Fresh Triple Action Deo Body Wash","Mcaf409_WB","","","6_Jun'26","6_Jun Week 5","NPS Calling"
"6/29/2026","8550843","Product","Fragrance not long-lasting","Sweet Escape Perfume Body Lotion - 300ml","MCaf370","","","6_Jun'26","6_Jun Week 5","NPS Calling"
"6/29/2026","8550843","Product","Fragrance not long-lasting","By the Blues Brightening Perfume Body Lotion - 300ml","MCaf401","","","6_Jun'26","6_Jun Week 5","NPS Calling"
"6/29/2026","Fien2010970","Product","Reacted-Acne/Pimples","Perfume Gift Set for Men Curated by Women - 20 ml x 4","MGKIT64_SWM","","","6_Jun'26","6_Jun Week 5","NPS Calling"
"6/29/2026","8549358","Product","Product Not Effective","1% Kojic Acid & Glutathione Guava Fizz Soap - 300g (3x100g)","3MCaf394","","","6_Jun'26","6_Jun Week 5","NPS Calling"
"6/29/2026","8561428","Product","Fragrance not long-lasting","Sweet Escape Perfume Body Lotion - 300ml","MCaf370","","","6_Jun'26","6_Jun Week 5","NPS Calling"
"6/29/2026","8557374","Product","Product Not Effective","Guava Tini De-Tan Body Wash - 300 ml","Mcaf396_WB","","","6_Jun'26","6_Jun Week 5","NPS Calling"
"6/29/2026","8489383","Product","Fragrance not long-lasting","Take A Dip Triple-Action Deo Body Wash 250ml","Mcaf408_WB","","","6_Jun'26","6_Jun Week 5","NPS Calling"
"6/29/2026","8425008","Product","Fragrance not long-lasting","Take A Dip Triple-Action Deo Body Wash 250ml","Mcaf408_WB","","","6_Jun'26","6_Jun Week 5","NPS Calling"
"6/29/2026","8394998","Product","Product Not Effective","Guava Tini De-Tan Body Wash - 300 ml","Mcaf396_WB","","","6_Jun'26","6_Jun Week 5","NPS Calling"
"6/29/2026","8375956","Product","Reacted-Skin Irritation","","","","","6_Jun'26","6_Jun Week 5","NPS Calling"
"6/29/2026","8316674","Product","Product Not Effective","Take A Dip Triple-Action Deo Body Wash 250ml","Mcaf408_WB","","","6_Jun'26","6_Jun Week 5","NPS Calling"
"6/29/2026","8366567","Product","Disatisfied-Smell","Sweet Escape Perfume Body Lotion - 300ml","MCaf370","","","6_Jun'26","6_Jun Week 5","NPS Calling"
"6/29/2026","8580425","Product","Fragrance not long-lasting","Take A Dip Triple-Action Deo Body Wash 250ml","Mcaf408_WB","","","6_Jun'26","6_Jun Week 5","NPS Calling"
"6/29/2026","8535048","Product","Disatisfied-Smell","Take A Dip Triple-Action Deo Body Wash 250ml","Mcaf408_WB","","","6_Jun'26","6_Jun Week 5","NPS Calling"
"6/29/2026","8439878","Product","Reacted-Skin Irritation","Super Glow Flash Facial 25% AHA+BHA+PHA Face Mask - 50gm","mcaf375","","","6_Jun'26","6_Jun Week 5","NPS Calling"
"6/29/2026","HYPD","Product","Fragrance not long-lasting","Take A Dip Triple-Action Deo Body Wash 250ml","Mcaf408_WB","","","6_Jun'26","6_Jun Week 5","NPS Calling"
"6/29/2026","8611631","Product","Product Not Effective","Daily Glow Green Tea Sunscreen SPF 50 PA++++ with Niacinamide - 50 ml","MCaf220_F","","","6_Jun'26","6_Jun Week 5","NPS Calling"
"6/29/2026","8611317","Product","Product Not Effective","Guava Tini De-Tan Body Wash - 300 ml","Mcaf396_WB","","","6_Jun'26","6_Jun Week 5","NPS Calling"
"6/29/2026","8551782","Product","Fragrance not long-lasting","Take A Dip Triple-Action Deo Body Wash 250ml","Mcaf408_WB","","","6_Jun'26","6_Jun Week 5","NPS Calling"
"6/29/2026","8543050","Product","Fragrance not long-lasting","Take A Dip Triple-Action Deo Body Wash 250ml","Mcaf408_WB","","","6_Jun'26","6_Jun Week 5","NPS Calling"
"6/29/2026","8606662","Product","Fragrance not long-lasting","By the Blues Brightening Perfume Body Lotion - 300ml","MCaf401","","","6_Jun'26","6_Jun Week 5","NPS Calling"
"6/29/2026","8599967","Product","Product Not Effective","Brightening Sunscreen for Dark Spots - SPF 50 PA ++++","MCaf302","","","6_Jun'26","6_Jun Week 5","NPS Calling"
"6/29/2026","8586192","Product","Product Not Effective","Advanced Hair Fall Control CaffexilÂ® Shampoo with Rosemary-250 ML","MCaf272_WB","","","6_Jun'26","6_Jun Week 5","NPS Calling"
"6/29/2026","8579818","Product","Product Not Effective","Guava Tini De-Tan Body Wash - 300 ml","Mcaf396_WB","","","6_Jun'26","6_Jun Week 5","NPS Calling"
"6/29/2026","8536810","Product","Fragrance not long-lasting","Take A Dip Triple-Action Deo Body Wash 250ml","Mcaf408_WB","","","6_Jun'26","6_Jun Week 5","NPS Calling"
"6/29/2026","8562654","Product","Product Not Effective","Guava Tini De-Tan Body Wash - 300 ml","Mcaf396_WB","","","6_Jun'26","6_Jun Week 5","NPS Calling"
"6/29/2026","8585397","Product","Product Not Effective","Coffee Body Scrub - 100 g","MCaf40","","","6_Jun'26","6_Jun Week 5","NPS Calling"
"6/29/2026","8593930","Product","Product Not Effective","Pore Cleanse Coffee Cookie Detan Face Mask - 100gm","MCaf388","","","6_Jun'26","6_Jun Week 5","NPS Calling"
"6/30/2026","8612766","Product","Product Not Effective","Guava Tini De-Tan Body Wash - 300 ml","Mcaf396_WB","","","6_Jun'26","6_Jun Week 5","NPS Calling"
"6/30/2026","Fien2086320","Product","Product Not Effective","High Shine Perfector Hair Spray","Mcaf406","","","6_Jun'26","6_Jun Week 5","NPS Calling"
"6/30/2026","8616905","Product","Disatisfied-Smell","2% Salicylic Acid Niacinamide & Matcha Tea Face Wash - 100 ml","MCaf270","","","6_Jun'26","6_Jun Week 5","NPS Calling"
"6/30/2026","8609221","Product","Fragrance not long-lasting","Exfoliating Caramel Crunch Body Wash - 300 ml","Mcaf397_WB","","","6_Jun'26","6_Jun Week 5","NPS Calling"
"6/30/2026","8608133","Product","Product Not Effective","High Shine Glossing Shampoo","Mcaf404","","","6_Jun'26","6_Jun Week 5","NPS Calling"
"6/30/2026","Fien2054450","Product","Fragrance not long-lasting","Take A Dip Triple-Action Deo Body Wash 250ml","Mcaf408_WB","","","6_Jun'26","6_Jun Week 5","NPS Calling"
"6/30/2026","8534909","Product","Product Not Effective","By the Blues Brightening Perfume Body Lotion - 300ml","MCaf401","","","6_Jun'26","6_Jun Week 5","NPS Calling"
"6/30/2026","8556453","Product","Product Not Effective","Advanced Hair Growth 20% Caffexil?? Hair Serum-30 ML","MCaf274","","","6_Jun'26","6_Jun Week 5","NPS Calling"
"6/30/2026","8584754","Product","Product Not Effective","Guava Tini De-Tan Body Wash - 300 ml","Mcaf396_WB","","","6_Jun'26","6_Jun Week 5","NPS Calling"
"6/28/2026","8586192","Product","Product Not Effective","Advanced Hair Fall Control CaffexilÂ® Shampoo with Rosemary-250 ML","MCaf272_WB","","DELHIVERY","6_Jun'26","6_Jun Week 4","whatsapp"
"6/30/2026","8748831","Product","Disatisfied-Smell","Summer Breeze Perfume Body Lotion - 300ml","MCaf371","","Shadowfax","6_Jun'26","6_Jun Week 5","email"
"6/30/2026","8706602","Product","Others","Brightening Raspberry SPF 50 PA+++ Body Sunscreen Lotion - 200 ml","MCaf385","","DELHIVERY","6_Jun'26","6_Jun Week 5","whatsapp"
"6/30/2026","8617661","Product","Reacted-Skin Irritation","Coffee Face Wash - 100 ml","MCaf41","","DELHIVERY","6_Jun'26","6_Jun Week 5","whatsapp"
"6/30/2026","8708054","Product","Others","Take A Dip Triple-Action Deo Body Wash 250ml","Mcaf408_WB","","DELHIVERY","6_Jun'26","6_Jun Week 5","whatsapp"
"6/27/2026","ECOMMERCE","Product","Fragrance not long-lasting","Take A Dip Triple-Action Deo Body Wash 250ml","Mcaf408_WB","","","6_Jun'26","6_Jun Week 4","email"
"6/30/2026","8544776","Product","Reacted-Skin Irritation","Brightening Raspberry Body Scrub | Vit C Rich - 175g","MCaf382_WB","","DELHIVERY","6_Jun'26","6_Jun Week 5","whatsapp"
"8/1/2025","5823220","Product","Reacted - Skin Irritation/Rashes","","","","DELHIVERY","08_Aug'25","Aug Week 1","Whatsapp"
"8/1/2025","5842453","Product","Change in Smell/Texture/Colour/Consistency","","","","DELHIVERY","08_Aug'25","Aug Week 1","Whatsapp"
"8/1/2025","5876607","Product","Change in Smell/Texture/Colour/Consistency","","","","DELHIVERY","08_Aug'25","Aug Week 1","Whatsapp"
"8/1/2025","5880414","Product","Product Dissatisfied","","","","Shadowfax","08_Aug'25","Aug Week 1","Whatsapp"
"8/1/2025","5606375","Product","Reacted - Acne/Pimples","","","","Shadowfax","08_Aug'25","Aug Week 1","Whatsapp"
"8/1/2025","5885821","Product","Fragrance","","","","Xpressbees","08_Aug'25","Aug Week 1","Whatsapp"
"8/1/2025","5885821","Product","Fragrance","","","","Xpressbees","08_Aug'25","Aug Week 1","Whatsapp"
"8/1/2025","5730583","Product","Reversed after effects","","","","Shadowfax","08_Aug'25","Aug Week 1","Whatsapp"
"8/2/2025","5907301","Product","Texture Issue","","","","Shadowfax","08_Aug'25","Aug Week 1","Whatsapp"
"8/2/2025","5264041","Product","Reversed after effects","","","","Shadowfax","08_Aug'25","Aug Week 1","Whatsapp"
"8/2/2025","5884422","Product","Fragrance","","","","Xpressbees","08_Aug'25","Aug Week 1","Whatsapp"
"8/2/2025","5793812","Product","Fragrance","","","","DELHIVERY","08_Aug'25","Aug Week 1","Whatsapp"
"8/4/2025","5900965","Product","Change in Smell/Texture/Colour/Consistency","","","","Xpressbees","08_Aug'25","Aug Week 1","Whatsapp"
"8/4/2025","5900965","Product","Change in Smell/Texture/Colour/Consistency","","","","Xpressbees","08_Aug'25","Aug Week 1","Whatsapp"
"8/4/2025","5911529","Product","Reacted - Skin Irritation/Rashes","","","","DELHIVERY","08_Aug'25","Aug Week 1","Whatsapp"
"8/4/2025","5907297","Product","Product Dissatisfied","","","","DELHIVERY","08_Aug'25","Aug Week 1","Whatsapp"
"8/4/2025","5916010","Product","Fragrance","","","","Pidge","08_Aug'25","Aug Week 1","Whatsapp"
"8/5/2025","5907301","Product","Texture Issue","","","","Shadowfax","08_Aug'25","Aug Week 1","Whatsapp"
"8/5/2025","5891010","Product","Fragrance","","","","DELHIVERY","08_Aug'25","Aug Week 1","Whatsapp"
"8/5/2025","5853811","Product","Reacted - Skin Irritation/Rashes","","","","Shadowfax","08_Aug'25","Aug Week 1","Whatsapp"
"8/5/2025","N/A","Product","Fragrance","","","","","08_Aug'25","Aug Week 1","Whatsapp"
"8/6/2025","5913491","Product","Fragrance","","","","DELHIVERY","08_Aug'25","Aug Week 1","Whatsapp"
"8/6/2025","5790928","Product","Change in Smell","","","","Xpressbees","08_Aug'25","Aug Week 1","Whatsapp"
"8/7/2025","5944952","Product","Texture Issue","","","","Xpressbees","08_Aug'25","Aug Week 1","Whatsapp"
"8/7/2025","5944952","Product","Texture Issue","","","","Xpressbees","08_Aug'25","Aug Week 1","Whatsapp"
"8/7/2025","5786671","Product","Texture Issue","","","","Xpressbees","08_Aug'25","Aug Week 1","Whatsapp"
"8/7/2025","5957847","Product","Reversed after effects","","","","DELHIVERY","08_Aug'25","Aug Week 1","Whatsapp"
"8/7/2025","5918405","Product","Reacted - Skin Irritation/Rashes","","","","Xpressbees","08_Aug'25","Aug Week 1","Whatsapp"
"8/7/2025","5951270","Product","Reversed after effects","","","","DELHIVERY","08_Aug'25","Aug Week 1","Whatsapp"
"8/7/2025","5935143","Product","Fragrance","","","","Xpressbees","08_Aug'25","Aug Week 1","Whatsapp"
"8/7/2025","5786671","Product","Texture Issue","","","","Xpressbees","08_Aug'25","Aug Week 1","Whatsapp"
"8/8/2025","5891636","Product","Change in Smell/Texture/Colour/Consistency","","","","DELHIVERY","08_Aug'25","Aug Week 2","Whatsapp"
"8/8/2025","5891636","Product","Change in Smell/Texture/Colour/Consistency","","","","DELHIVERY","08_Aug'25","Aug Week 2","Whatsapp"
"8/8/2025","5806068","Product","Product not Effective","","","","Xpressbees","08_Aug'25","Aug Week 2","Email"
"8/10/2025","5821568","Product","Reacted - Acne/Pimples","","","","Xpressbees","08_Aug'25","Aug Week 2","Whatsapp"
"8/10/2025","5794165","Product","Reacted - Skin Irritation/Rashes","","","","DELHIVERY","08_Aug'25","Aug Week 2","Whatsapp"
"8/10/2025","5888085","Product","Reacted - Skin Irritation/Rashes","","","","DELHIVERY","08_Aug'25","Aug Week 2","Whatsapp"
"8/10/2025","5958557","Product","Fragrance","","","","Shadowfax","08_Aug'25","Aug Week 2","Whatsapp"
"8/11/2025","5866028","Product","Reacted - Skin Irritation/Rashes","","","","DELHIVERY","08_Aug'25","Aug Week 2","Whatsapp"
"8/11/2025","5821568","Product","Reacted - Skin Irritation/Rashes","","","","Xpressbees","08_Aug'25","Aug Week 2","Whatsapp"
"8/12/2025","5854276","Product","Change in Smell","","","","DELHIVERY","08_Aug'25","Aug Week 2","Email"
"8/12/2025","4560159","Product","Change in Smell","","","","DELHIVERY","08_Aug'25","Aug Week 2","Whatsapp"
"8/13/2025","5833102","Product","Reacted - Skin Irritation/Rashes","","","","Xpressbees","08_Aug'25","Aug Week 2","Whatsapp"
"8/13/2025","5819782","Product","Fragrance","","","","Shadowfax","08_Aug'25","Aug Week 2","Whatsapp"
"8/13/2025","5900957","Product","Texture Issue","","","","Xpressbees","08_Aug'25","Aug Week 2","Whatsapp"
"8/13/2025","5900957","Product","Texture Issue","","","","Xpressbees","08_Aug'25","Aug Week 2","Whatsapp"
"8/14/2025","5974037","Product","Product dissatisfied","","","","Xpressbees","08_Aug'25","Aug Week 2","Whatsapp"
"8/14/2025","5975750","Product","Product not Effective","","","","Xpressbees","08_Aug'25","Aug Week 2","Whatsapp"
"8/16/2025","5983838","Product","Fragrance","","","","Shadowfax","08_Aug'25","Aug Week 3","Email"
"8/16/2025","5969131","Product","Change in Smell/Texture/Colour/Consistency","","","","DELHIVERY","08_Aug'25","Aug Week 3","Email"
"8/17/2025","5970658","Product","Change in Smell","","","","DELHIVERY","08_Aug'25","Aug Week 3","Whatsapp"
"8/17/2025","5982300","Product","Fragrance","","","","DELHIVERY","08_Aug'25","Aug Week 3","Whatsapp"
"8/17/2025","N/A","Product","Product not Effective","","","","","08_Aug'25","Aug Week 3","Whatsapp"
"8/18/2025","N/A","Product","Product not Effective","","","","","08_Aug'25","Aug Week 3","Whatsapp"
"8/18/2025","5990234","Product","Fragrance","","","","DELHIVERY","08_Aug'25","Aug Week 3","Whatsapp"
"8/18/2025","SO924909","Product","Change in Smell/Texture/Colour/Consistency","","","","","08_Aug'25","Aug Week 3","Whatsapp"
"8/18/2025","5961425","Product","Reacted - Skin Irritation/Rashes","","","","Xpressbees","08_Aug'25","Aug Week 3","Whatsapp"
"8/18/2025","5702591","Product","Change in Smell/Texture/Colour/Consistency","","","","Shadowfax","08_Aug'25","Aug Week 3","Whatsapp"
"8/19/2025","5980651","Product","Reacted - Skin Irritation/Rashes","","","","Xpressbees","08_Aug'25","Aug Week 3","Whatsapp"
"8/19/2025","6010472","Product","Fragrance","","","","Xpressbees","08_Aug'25","Aug Week 3","Email"
"8/19/2025","5977152","Product","Fragrance","","","","DELHIVERY","08_Aug'25","Aug Week 3","Email"
"8/20/2025","ECOMMERCE","Product","Reacted - Skin Irritation/Rashes","Super Glow Flash Facial 25% AHA+BHA+PHA Face Mask - 50gm","mcaf375","","Xpressbees","08_Aug'25","Aug Week 3","Whatsapp"
"8/21/2025","6028285","Product","Fragrance","Summer Breeze Perfume Body Lotion - 300ml","MCaf371","","DELHIVERY","08_Aug'25","Aug Week 3","Email"
"8/21/2025","5898765","Product","Fragrance","Brightening Body Wash | 5% Niacinamide & Raspberry Extracts (300ml)","MCaf383_WB","","DELHIVERY","08_Aug'25","Aug Week 3","Whatsapp"
"8/22/2025","6031369","Product","Fragrance","Sweet Escape Perfume Body Lotion - 300ml","MCaf370","","Xpressbees","08_Aug'25","Aug Week 4","Whatsapp"
"8/25/2025","6054737","Product","Change in Smell/Texture/Colour/Consistency"," Coffee Body Lotion (200 ml)","MCaf59","","DELHIVERY","08_Aug'25","Aug Week 4","Whatsapp"
"8/26/2025","6031871","Product","Reacted - Skin Irritation/Rashes","Coffee Hydrogel Under Eye Patches with Caffeine & HA - 30 Pairs","MCaf177","UE250157","DELHIVERY","08_Aug'25","Aug Week 4","Whatsapp"
"8/26/2025","6021103","Product","Fragrance","Blueberry Swirl Serum In Body Lotion With Niacinamide","MCaf298_WB","","DELHIVERY","08_Aug'25","Aug Week 4","Whatsapp"
"8/26/2025","6048549","Product","Reacted - Skin Irritation/Rashes","Coffee Hydrogel Under Eye Patches with Caffeine & HA - 30 Pairs","MCaf177","","Xpressbees","08_Aug'25","Aug Week 4","Email"
"8/26/2025","6031871","Product","Reacted - Skin Irritation/Rashes","Coffee Hydrogel Under Eye Patches with Caffeine & HA - 30 Pairs","MCaf177","","DELHIVERY","08_Aug'25","Aug Week 4","Whatsapp"
"8/26/2025","6080653","Product","Change in Smell","Exfoliating Caramel Crunch Body Wash - 300 ml","Mcaf397_WB","","DELHIVERY","08_Aug'25","Aug Week 4","Whatsapp"
"8/26/2025","6075894","Product","Change in Smell/Texture/Colour/Consistency","Espresso Coffee Body Wash + Scrub with Natural AHA - 300ml","MCaf107","","Pidge","08_Aug'25","Aug Week 4","Whatsapp"
"8/27/2025","6096097","Product","Quantity is less/ Price High","Choco Body Butter - 250g","MCaf48","","DELHIVERY","08_Aug'25","Aug Week 4","Whatsapp"
"8/27/2025","6088520","Product","Quantity is less/ Price High","Blueberry Swirl Serum In Body Lotion With Niacinamide","MCaf298_WB","","DELHIVERY","08_Aug'25","Aug Week 4","Whatsapp"
"8/27/2025","6031546","Product","Reacted - Skin Irritation/Rashes","Guava Tini De-Tan Body Wash - 300 ml","Mcaf396_WB","","DELHIVERY","08_Aug'25","Aug Week 4","Whatsapp"
"8/28/2025","6035173","Product","Change in Smell/Texture/Colour/Consistency","Glow Boost 5percent Niacinamide & Green Tea Oil Free Moisturizer 50ml","MCaf221_WB","","Xpressbees","08_Aug'25","Aug Week 4","Whatsapp"
"8/28/2025","6004004","Product","Reversed after effects","Advanced Hair Growth 20% Caffexil?? Hair Serum-30 ML","MCaf274","","DELHIVERY","08_Aug'25","Aug Week 4","Whatsapp"
"8/29/2025","6092631","Product","Reversed after effects","Lip Brightening Treatment SPF 50 PA++ with Vitamin C & E","MCaf344","","DELHIVERY","08_Aug'25","Aug Week 5","Email"
"9/1/2025","5928004","Product","Change in Smell","Blueberry Blast Body Wash - 300 ml","MCaf280_WB","PT5C016","DELHIVERY","09_Sep'25","Sep Week 1","Email"
"9/2/2025","6150820","Product","Fragrance","Sweet Escape Perfume Body Lotion - 300ml","MCaf370","","DELHIVERY","09_Sep'25","Sep Week 1","Email"
"9/2/2025","6114218","Product","Change in Smell","Shimmer Body Butter with Cocoa Butter - 150 g","MCaf234_WB","","DELHIVERY","09_Sep'25","Sep Week 1","Email"
"9/3/2025","6078771","Product","Reacted - Skin Irritation/Rashes","Green Tea & 15% Vitamin C Serum","3MCaf189","MGV029","Pidge","09_Sep'25","Sep Week 1","Whatsapp"
"9/3/2025","6130656","Product","Fragrance","10% Magnesium Body Lotion - 300ml","Mcaf398","","DELHIVERY","09_Sep'25","Sep Week 1","Email"
"9/3/2025","6041502","Product","Change in Smell/Texture/Colour/Consistency","Slow Kiss Perfume for Men - Aromatic Fresh - 100ml","MCaf351","","Xpressbees","09_Sep'25","Sep Week 1","Whatsapp"
"9/3/2025","6141140","Product","Fragrance","Sweet Escape Perfume Body Lotion - 300ml","MCaf370","","DELHIVERY","09_Sep'25","Sep Week 1","Whatsapp"
"9/4/2025","6114218","Product","Change in Smell","Shimmer Body Butter with Cocoa Butter - 150 g","MCaf234_WB","","DELHIVERY","09_Sep'25","Sep Week 1","Email"
"9/4/2025","6029193","Product","Change in Smell/Texture/Colour/Consistency","Green Tea Face Wash with Vitamin C & Hyaluronic Acid - 100 ml","MCaf53","","Xpressbees","09_Sep'25","Sep Week 1","Whatsapp"
"9/4/2025","6116615","Product","Change in Smell","Brightening Sunscreen for Dark Spots - SPF 50 PA ++++","MCaf302","","DELHIVERY","09_Sep'25","Sep Week 1","Whatsapp"
"9/4/2025","6163678","Product","Change in Smell","Sweet Escape Perfume Body Lotion - 300ml","MCaf370","BB009","DELHIVERY","09_Sep'25","Sep Week 1","Whatsapp"
"9/4/2025","6154186","Product","Fragrance","Sweet Escape Perfume Body Lotion - 300ml","MCaf370","AMSEL-084","DELHIVERY","09_Sep'25","Sep Week 1","Email"
"9/5/2025","6145517","Product","Fragrance","Sweet Escape Perfume Body Lotion - 300ml","MCaf370","AMSEL-085","DELHIVERY","09_Sep'25","Sep Week 1","Email"
"9/5/2025","6132001","Product","Reacted - Skin Irritation/Rashes","Sweet Escape Perfume Body Lotion - 300ml","MCaf370","AMSEL097","DELHIVERY","09_Sep'25","Sep Week 1","Whatsapp"
"9/5/2025","6169434","Product","Product not Effective","SPF 50 PA++++ Body Shimmer Spray - 100ml","MCaf359","NAK40325","DELHIVERY","09_Sep'25","Sep Week 1","Whatsapp"
"9/5/2025","6181440","Product","Fragrance","Sweet Escape Perfume Body Lotion - 300ml","MCaf370","","DELHIVERY","09_Sep'25","Sep Week 1","Email"
"9/6/2025","6153285","Product","Change in Smell/Texture/Colour/Consistency","Brightening Body Wash | 5% Niacinamide & Raspberry Extracts (300ml)","MCaf383_WB","","DELHIVERY","09_Sep'25","Sep Week 1","Whatsapp"
"9/6/2025","6135391","Product","Change in Smell/Texture/Colour/Consistency","Sweet Escape Perfume Body Lotion - 300ml","MCaf370","AMSEL083","","09_Sep'25","Sep Week 1","Whatsapp"
"9/6/2025","6207538","Product","Change in Smell/Texture/Colour/Consistency","Sweet Escape Perfume Body Lotion - 300ml","MCaf370","","DELHIVERY","09_Sep'25","Sep Week 1","Whatsapp"
"9/6/2025","6192660","Product","Fragrance","Exfoliating Caramel Crunch Body Wash - 300 ml","Mcaf397_WB","MCCB-014","DELHIVERY","09_Sep'25","Sep Week 1","Email"
"9/6/2025","6129264","Product","Change in Smell","Brightening Face Wash - 1% Kojic Acid & Glutathione","MCaf299","","DELHIVERY","09_Sep'25","Sep Week 1","Whatsapp"
"9/7/2025","6092631","Product","Reversed after effects","Lip Brightening Treatment SPF 50 PA++ with Vitamin C & E","MCaf344","","DELHIVERY","09_Sep'25","Sep Week 1","Email"
"9/7/2025","6128397","Product","Change in Smell/Texture/Colour/Consistency","Green Tea Face Wash with Vitamin C & Hyaluronic Acid - 100 ml","MCaf53","","DELHIVERY","09_Sep'25","Sep Week 1","Whatsapp"
"9/7/2025","5954950","Product","Reversed after effects","Summer Breeze Perfume Body Lotion - 300ml","MCaf371","","Xpressbees","09_Sep'25","Sep Week 1","Whatsapp"
"9/7/2025","6167744","Product","Reacted - Skin Irritation/Rashes","Summer Breeze Perfume Body Lotion - 300ml","MCaf371","MSBL103","DELHIVERY","09_Sep'25","Sep Week 1","Whatsapp"
"9/7/2025","6193313","Product","Reacted - Skin Irritation/Rashes","Super Glow Flash Facial 25% AHA+BHA+PHA Face Mask - 50gm","mcaf375","NAK5093F","Pidge","09_Sep'25","Sep Week 1","Whatsapp"
"9/7/2025","6205866","Product","Reversed after effects","Green Tea & Multi-Peptide Face Serum - Skin Tightening with 5 Peptides - 30 ml","MCaf190","B5084","DELHIVERY","09_Sep'25","Sep Week 1","Whatsapp"
"9/7/2025","6200839","Product","Change in Smell/Texture/Colour/Consistency","Guava Tini De-Tan Body Wash - 300 ml","Mcaf396_WB","MGTB020","DELHIVERY","09_Sep'25","Sep Week 1","Whatsapp"
"9/8/2025","6078771","Product","Reacted - Skin Irritation/Rashes","Green Tea & 15% Vitamin C Serum","3MCaf189","MGV029","Pidge","09_Sep'25","Sep Week 2","Whatsapp"
"9/8/2025","6239340","Product","Fragrance","Summer Breeze Perfume Body Lotion - 300ml","MCaf371","","Pidge","09_Sep'25","Sep Week 2","Whatsapp"
"9/8/2025","6208088","Product","Change in Smell","Brightening Face Wash - 1% Kojic Acid & Glutathione","MCaf299","C250045","Pidge","09_Sep'25","Sep Week 2","Whatsapp"
"9/8/2025","6210878","Product","Reacted - Skin Irritation/Rashes","Super Glow Flash Facial 25% AHA+BHA+PHA Face Mask - 50gm","mcaf375","NAK5093F","DELHIVERY","09_Sep'25","Sep Week 2","Whatsapp"
"9/9/2025","6227368","Product","Fragrance","Blueberry Swirl Serum In Body Lotion With Niacinamide","MCaf298_WB","","DELHIVERY","09_Sep'25","Sep Week 2","Whatsapp"
"9/9/2025","6219801","Product","Change in Smell/Texture/Colour/Consistency","Hydra Gloss Lip Oil","MCaf317","","Xpressbees","09_Sep'25","Sep Week 2","Whatsapp"
"9/9/2025","6222542","Product","Reversed after effects","Super Glow Flash Facial 25% AHA+BHA+PHA Face Mask - 50gm","mcaf375","NAK5093F","Xpressbees","09_Sep'25","Sep Week 2","Whatsapp"
"9/9/2025","6258826","Product","Reversed after effects","Coffee Hydrogel Under Eye Patches with Caffeine & HA - 30 Pairs","MCaf177","","Xpressbees","09_Sep'25","Sep Week 2","Whatsapp"
"9/9/2025","6209605","Product","Fragrance","Sweet Escape Perfume Body Lotion - 300ml","MCaf370","","DELHIVERY","09_Sep'25","Sep Week 2","Whatsapp"
"9/9/2025","N/A","Product","Fragrance","Cream Coffee Bathing Soap- 75g","MCaf166","","","09_Sep'25","Sep Week 2","Whatsapp"
"9/9/2025","ECOMMERCE","Product","Change in Smell/Texture/Colour/Consistency","007 Perfume for Men - Oriental Oud - 100ml","MCaf349","","Xpressbees","09_Sep'25","Sep Week 2","Whatsapp"
"9/10/2025","6239552","Product","Reacted - Skin Irritation/Rashes","Super Glow Flash Facial 25% AHA+BHA+PHA Face Mask - 50gm","mcaf375","","Xpressbees","09_Sep'25","Sep Week 2","Whatsapp"
"9/10/2025","N/A","Product","Reacted - Skin Irritation/Rashes","Sweet Escape Perfume Body Lotion - 300ml","MCaf370","AMSEL097","","09_Sep'25","Sep Week 2","Whatsapp"
"9/10/2025","6222542","Product","Reversed after effects","Super Glow Flash Facial 25% AHA+BHA+PHA Face Mask - 50gm","mcaf375","NAK5093F","Xpressbees","09_Sep'25","Sep Week 2","Whatsapp"
"9/10/2025","6207897","Product","Reacted - Skin Irritation/Rashes","Water Light Gel Oil-free Coffee Moisturizer","MCaf83_N","SMC250051","Shadowfax","09_Sep'25","Sep Week 2","Whatsapp"
"9/10/2025","6222542","Product","Reversed after effects","Super Glow Flash Facial 25% AHA+BHA+PHA Face Mask - 50gm","mcaf375","NAK5093F","Xpressbees","09_Sep'25","Sep Week 2","Whatsapp"
"9/10/2025","6225202","Product","Change in Smell/Texture/Colour/Consistency","Sweet Escape Perfume Body Lotion - 300ml","MCaf370","AMSEL121","DELHIVERY","09_Sep'25","Sep Week 2","Whatsapp"
"9/10/2025","6197929","Product","Change in Smell/Texture/Colour/Consistency","Sweet Escape Perfume Body Lotion - 300ml","MCaf370","B003F","DELHIVERY","09_Sep'25","Sep Week 2","Whatsapp"
"9/10/2025","6167744","Product","Reacted - Skin Irritation/Rashes","Summer Breeze Perfume Body Lotion - 300ml","MCaf371","MSBL103","DELHIVERY","09_Sep'25","Sep Week 2","Whatsapp"
"9/11/2025","6239298","Product","Fragrance","Summer Breeze Perfume Body Lotion - 300ml","MCaf371","BB019","Shadowfax","09_Sep'25","Sep Week 2","Whatsapp"
"9/11/2025","6237085","Product","Change in Smell/Texture/Colour/Consistency","Sweet Escape Perfume Body Lotion - 300ml","MCaf370","","DELHIVERY","09_Sep'25","Sep Week 2","Whatsapp"
"9/11/2025","6237085","Product","Change in Smell/Texture/Colour/Consistency","Sweet Escape Perfume Body Lotion - 300ml","MCaf370","","DELHIVERY","09_Sep'25","Sep Week 2","Whatsapp"
"9/11/2025","6275859","Product","Change in Smell/Texture/Colour/Consistency","Coffee Body Scrub with Coconut - 55 g - Natural & Vegan","55MCaf40","MCBS872","Pidge","09_Sep'25","Sep Week 2","Whatsapp"
"9/12/2025","N/A","Product","Reversed after effects","Coffee Hydrogel Under Eye Patches with Caffeine & HA - 30 Pairs","MCaf177","","","09_Sep'25","Sep Week 2","Whatsapp"
"9/12/2025","N/A","Product","Product not Effective","","","","","09_Sep'25","Sep Week 2","Whatsapp"
"9/12/2025","6267560","Product","Fragrance","Cream Coffee Bathing Soap- 75g","MCaf166","","DELHIVERY","09_Sep'25","Sep Week 2","Email"
"9/13/2025","6285760","Product","Reacted - Skin Irritation/Rashes","Pore Clear Coffee Cookie Face Scrub- 100gm","MCaf387","","Shadowfax","09_Sep'25","Sep Week 2","Whatsapp"
"9/13/2025","6248671","Product","Change in Smell","Vanilla Dream Serum Body Lotion SPF 30 PA+++","MCaf296_WB","NAK5078V","Xpressbees","09_Sep'25","Sep Week 2","Whatsapp"
"9/13/2025","6239298","Product","Fragrance","Summer Breeze Perfume Body Lotion - 300ml","MCaf371","BB019","Shadowfax","09_Sep'25","Sep Week 2","Whatsapp"
"9/13/2025","6251335","Product","Change in Smell","Espresso Coffee Body Wash + Scrub with Natural AHA - 300ml","MCaf107","B4180","Xpressbees","09_Sep'25","Sep Week 2","Whatsapp"
"9/13/2025","6253571","Product","Fragrance","Sweet Escape Perfume Body Lotion - 300ml","MCaf370","AMSEL-094","Xpressbees","09_Sep'25","Sep Week 2","Email"
"9/13/2025","6142214","Product","Change in Smell","Pumpkin Spice Latte Body Wash -300 ml","MCaf279_WB","PT48003","DELHIVERY","09_Sep'25","Sep Week 2","Whatsapp"
"9/14/2025","1307325","Product","Reacted - Skin Irritation/Rashes","1% Kojic Acid & Glutathione Guava Fizz Soap - 300g (3x100g)","3MCaf394","","","09_Sep'25","Sep Week 2","Whatsapp"
"9/14/2025","5218089","Product","Texture Issue","Coffee Face Mask - 100 gm","MCaf46","CCM-059","Xpressbees","09_Sep'25","Sep Week 2","Whatsapp"
"9/14/2025","6132152","Product","Change in Smell","Vanilla Dream Deep Moisturizing Body Butter","MCaf346_WB","","DELHIVERY","09_Sep'25","Sep Week 2","Email"
"9/15/2025","6294058","Product","Change in Smell","10% Magnesium Body Lotion - 300ml","Mcaf398","","DELHIVERY","09_Sep'25","Sep Week 3","Email"
"9/15/2025","6280773","Product","Fragrance","Blueberry Breeze Body Scrub - 175g","MCaf285_WB","","DELHIVERY","09_Sep'25","Sep Week 3","Whatsapp"
"9/15/2025","6288133","Product","Reversed after effects","Super Glow Flash Facial 25% AHA+BHA+PHA Face Mask - 50gm","mcaf375","","Shadowfax","09_Sep'25","Sep Week 3","Email"
"9/15/2025","6266003","Product","Reacted - Skin Irritation/Rashes","Guava Tini De-Tan Body Wash - 300 ml","Mcaf396_WB","","Xpressbees","09_Sep'25","Sep Week 3","Email"
"9/16/2025","6294168","Product","Formation of Fungus","Blueberry Swirl Deep Moisturizing Body Butter","MCaf345_WB","","Shadowfax","09_Sep'25","Sep Week 3","Whatsapp"
"9/16/2025","6224623","Product","Reacted - Skin Irritation/Rashes","","","NA","Shadowfax","09_Sep'25","Sep Week 3","Whatsapp"
"9/16/2025","6207897","Product","Reacted - Skin Irritation/Rashes","Water Light Gel Oil-free Coffee Moisturizer","MCaf83_N","SMC250051","Shadowfax","09_Sep'25","Sep Week 3","Whatsapp"
"9/16/2025","6272632","Product","Reversed after effects","5% AHA Underarm Roll On with Coffee - 50ml","MCaf278","","DELHIVERY","09_Sep'25","Sep Week 3","Whatsapp"
"9/17/2025","6191797","Product","Fragrance","","","","DELHIVERY","09_Sep'25","Sep Week 3","Whatsapp"
"9/17/2025","6268363","Product","Fragrance","#N/A","","#N/A","DELHIVERY","09_Sep'25","Sep Week 3","Email"
"9/18/2025","5901468","Product","Product not Effective","Brightening Raspberry Body Scrub | Vit C Rich - 175g","MCaf382_WB","","Xpressbees","09_Sep'25","Sep Week 3","Whatsapp"
"9/18/2025","6073797","Product","Product not Effective","","","","DELHIVERY","09_Sep'25","Sep Week 3","Whatsapp"
"9/20/2025","OFFLINE","Product","Reacted - Skin Irritation/Rashes","Green Tea Face Scrub with Vitamin C & Hyaluronic Acid - 100 gm","MCaf54","","","09_Sep'25","Sep Week 3","Whatsapp"
"9/20/2025","6312850","Product","Fragrance","Lip Juice Tinted Lip Balm - Watermelon POP - 10g","MCaf340","","Xpressbees","09_Sep'25","Sep Week 3","Whatsapp"
"9/20/2025","6328332","Product","Texture Issue","Brightening Body Wash | 5% Niacinamide & Raspberry Extracts (300ml)","MCaf383_WB","","Shadowfax","09_Sep'25","Sep Week 3","Email"
"9/21/2025","5879087","Product","Product not Effective","1% Kojic Acid & Glutathione Guava Fizz Soap - 300g (3x100g)","3MCaf394","A/GF2503","DELHIVERY","09_Sep'25","Sep Week 3","Whatsapp"
"9/22/2025","6181773","Product","Reacted - Skin Irritation/Rashes","Summer Breeze Perfume Body Lotion - 300ml","MCaf371","BB011","DELHIVERY","09_Sep'25","Sep Week 4","Whatsapp"
"9/22/2025","6295542","Product","Texture Issue","Cosmic Craze Holographic Eyeliner - Prism Shift","MCaf348","","Xpressbees","09_Sep'25","Sep Week 4","Email"
"9/23/2025","6274409","Product","Reacted - Skin Irritation/Rashes","Sun Glaze Mist Face Sunscreen SPF 50 PA++++ Spray- 100ml","MCaf364","","Xpressbees","09_Sep'25","Sep Week 4","Whatsapp"
"9/23/2025","6350047","Product","Reacted - Skin Irritation/Rashes","Lip Juice Tinted Lip Balm - Watermelon POP - 10g","MCaf340","","DELHIVERY","09_Sep'25","Sep Week 4","Whatsapp"
"9/23/2025","OFFLINE","Product","Fragrance","","","","","09_Sep'25","Sep Week 4","Whatsapp"
"9/24/2025","6308222","Product","Fragrance","#N/A","","#N/A","Shadowfax","09_Sep'25","Sep Week 4","Whatsapp"
"9/25/2025","6295542","Product","Texture Issue","Cosmic Craze Holographic Eyeliner - Prism Shift","MCaf348","","","09_Sep'25","Sep Week 4","Email"
"9/25/2025","6337431","Product","Change in Smell/Texture/Colour/Consistency","Cosmic Craze Holographic Eyeliner - Prism Shift","MCaf348","","DELHIVERY","09_Sep'25","Sep Week 4","Whatsapp"
"9/25/2025","6360340","Product","Change in Smell/Texture/Colour/Consistency","Brightening Body Wash | 5% Niacinamide & Raspberry Extracts (300ml)","MCaf383_WB","","DELHIVERY","09_Sep'25","Sep Week 4","Whatsapp"
"9/26/2025","6129259","Product","Reacted - Skin Irritation/Rashes","Green Tea & 15% Vitamin C Serum","3MCaf189","MGV-029","DELHIVERY","09_Sep'25","Sep Week 4","Whatsapp"
"9/27/2025","N/A","Product","Reacted - Skin Irritation/Rashes","Brightening Raspberry SPF 50 PA+++ Body Sunscreen Lotion - 200 ml","MCaf385","NAK5061R","","09_Sep'25","Sep Week 4","Whatsapp"
"9/28/2025","5688431","Product","Change in Smell/Texture/Colour/Consistency","Espresso Coffee Body Wash + Scrub with Natural AHA - 300ml","MCaf107","","Xpressbees","09_Sep'25","Sep Week 4","Whatsapp"
"9/29/2025","6315761","Product","Reacted - Skin Irritation/Rashes","Lip Juice Vanilla Cocoa Lip Balm - 10g","MCaf343","","Shadowfax","09_Sep'25","Sep Week 5","Email"
"10/1/2025","6399054","Product","Reacted - Skin Irritation/Rashes","10% Magnesium Body Lotion - 300ml","Mcaf398","","Blue Dart","10_Oct'25","Oct Week 1","Whatsapp"
"10/2/2025","6439419","Product","Reacted - Skin Irritation/Rashes","Exfoliating Caramel Crunch Body Wash - 300 ml","Mcaf397_WB","","DELHIVERY","10_Oct'25","Oct Week 1","Whatsapp"
"10/3/2025","5969095","Product","Others","Brightening Raspberry SPF 50 PA+++ Body Sunscreen Lotion - 200 ml","MCaf385","","DELHIVERY","10_Oct'25","Oct Week 1",""
"10/3/2025","6439419","Product","Reacted - Skin Irritation/Rashes","Exfoliating Caramel Crunch Body Wash - 300 ml","Mcaf397_WB","","DELHIVERY","10_Oct'25","Oct Week 1","Whatsapp"
"10/3/2025","6439419","Product","Reacted - Skin Irritation/Rashes","Exfoliating Caramel Crunch Body Wash - 300 ml","Mcaf397_WB","","DELHIVERY","10_Oct'25","Oct Week 1","Whatsapp"
"10/3/2025","5969095","Product","Others","Brightening Raspberry SPF 50 PA+++ Body Sunscreen Lotion - 200 ml","MCaf385","","DELHIVERY","10_Oct'25","Oct Week 1",""
"10/3/2025","5969095","Product","Others","Brightening Raspberry SPF 50 PA+++ Body Sunscreen Lotion - 200 ml","MCaf385","","DELHIVERY","10_Oct'25","Oct Week 1",""
"10/3/2025","6399054","Product","Reacted - Skin Irritation/Rashes","10% Magnesium Body Lotion - 300ml","Mcaf398","","Shadowfax","10_Oct'25","Oct Week 1","Whatsapp"
"10/4/2025","6413441","Product","Reacted - Skin Rashes","Summer Breeze Perfume Body Lotion - 300ml","MCaf371","BB021","DELHIVERY","10_Oct'25","Oct Week 1","Whatsapp"
"10/4/2025","N/A","Product","Reacted - Skin Irritation","","","","Shadowfax","10_Oct'25","Oct Week 1","Whatsapp"
"10/4/2025","6413441","Product","Reacted - Skin Rashes","Summer Breeze Perfume Body Lotion - 300ml","MCaf371","BB021","DELHIVERY","10_Oct'25","Oct Week 1","Whatsapp"
"10/4/2025","6425700","Product","Reacted - Skin Irritation","By the Blues Brightening Perfume Body Lotion - 300ml","Mcaf401","","DELHIVERY","10_Oct'25","Oct Week 1","Whatsapp"
"10/6/2025","6430273","Product","Reacted - Skin Rashes","Sweet Escape Perfume Body Lotion - 300ml","MCaf370","","DELHIVERY","10_Oct'25","Oct Week 1",""
"10/6/2025","6410688","Product","Change in consisteny","Sun Glaze Mist Face Sunscreen SPF 50 PA++++ Spray- 100ml","MCaf364","","DELHIVERY","10_Oct'25","Oct Week 1","Whatsapp"
"10/6/2025","1309151","Product","Change in Smell","Sweet Escape Perfume Body Lotion - 300ml","MCaf370","","Blue Dart","10_Oct'25","Oct Week 1","Whatsapp"
"10/7/2025","6422952","Product","Reacted - Skin Rashes","Coffee Face Mask - 100 gm","MCaf46","","DELHIVERY","10_Oct'25","Oct Week 1","Whatsapp"
"10/7/2025","6382672","Product","Reacted - Acne/Pimples","Anti-Ageing Night Cream with Black Tea Complex - 50 ml","MCaf259","","Shadowfax","10_Oct'25","Oct Week 1","Email"
"10/7/2025","6424586","Product","Change in Smell","Summer Breeze Perfume Body Lotion - 300ml","MCaf371","","DELHIVERY","10_Oct'25","Oct Week 1","Whatsapp"
"10/8/2025","6395384","Product","Texture Issue","10% Magnesium Body Lotion - 300ml","Mcaf398","","DELHIVERY","10_Oct'25","Oct Week 2","Whatsapp"
"10/9/2025","6254521","Product","Change in Smell","2% Salicylic Acid Niacinamide & Matcha Tea Face Wash - 100 ml","MCaf270","","Xpressbees","10_Oct'25","Oct Week 2",""
"10/9/2025","6486436","Product","Change in Smell","10% Magnesium Body Lotion - 300ml","Mcaf398","","DELHIVERY","10_Oct'25","Oct Week 2","Whatsapp"
"10/9/2025","6482086","Product","Others","Midnight in Bombay","","","Shadowfax","10_Oct'25","Oct Week 2","Whatsapp"
"10/9/2025","Fien224700","Product","Reacted - Skin Irritation","FEIN - Men Written by women","MGKIT64_SWM_S","","","10_Oct'25","Oct Week 2","Whatsapp"
"10/10/2025","6364230","Product","Texture Issue","Brightening Face Wash - 1% Kojic Acid & Glutathione","MCaf299","","Shadowfax","10_Oct'25","Oct Week 2","Whatsapp"
"10/10/2025","6449012","Product","Reacted - Skin Rashes","NA","NA","","DELHIVERY","10_Oct'25","Oct Week 2","Whatsapp"
"10/11/2025","6453904","Product","Texture Issue","Cosmic Craze Holographic Eyeliner - Disco Dreams","MCaf347","","DELHIVERY","10_Oct'25","Oct Week 2","Whatsapp"
"10/11/2025","6449012","Product","Reacted - Skin Rashes","NA","NA","","DELHIVERY","10_Oct'25","Oct Week 2","Whatsapp"
"10/12/2025","6355480","Product","Burning Sensation","Brightening Face Wash - 1% Kojic Acid & Glutathione","MCaf299","","Blue Dart","10_Oct'25","Oct Week 2","Whatsapp"
"10/12/2025","6355480","Product","Burning Sensation","Brightening Face Wash - 1% Kojic Acid & Glutathione","MCaf299","","DELHIVERY","10_Oct'25","Oct Week 2","Whatsapp"
"10/13/2025","6341875","Product","Change in colour","Coffee Face Wash - 15ml","15SMCaf41","","Shadowfax","10_Oct'25","Oct Week 2","Whatsapp"
"10/15/2025","N/A","Product","Others","Sweet Escape Perfume Body Lotion - 300ml","MCaf370","","","10_Oct'25","Oct Week 3","Whatsapp"
"10/16/2025","6501205","Product","Texture Issue","Green Tea Hydrogel Under Eye Patches with 1% Caffeine (15 Pairs)","15MCaf225","","DELHIVERY","10_Oct'25","Oct Week 3","Whatsapp"
"10/17/2025","6302830","Product","Change in colour","Exfoliating Caramel Crunch Body Wash - 300 ml","Mcaf397_WB","","DELHIVERY","10_Oct'25","Oct Week 3","Whatsapp"
"10/18/2025","N/A","Product","Texture Issue","Brightening Face Wash - 1% Kojic Acid & Glutathione","MCaf299","","","10_Oct'25","Oct Week 3","Whatsapp"
"10/19/2025","6529852","Product","Others","By the Blues Brightening Perfume Body Lotion - 300ml","Mcaf401","","DELHIVERY","10_Oct'25","Oct Week 3","Whatsapp"
"10/19/2025","6470481","Product","Change in Smell","Sweet Escape Perfume Body Lotion - 300ml","MCaf370","","DELHIVERY","10_Oct'25","Oct Week 3","Whatsapp"
"10/21/2025","6589687","Product","Burning Sensation","Super Glow Flash Facial 25% AHA+BHA+PHA Face Mask - 50gm","MCaf375","","Shadowfax","10_Oct'25","Oct Week 3","Whatsapp"
"10/22/2025","6521877","Product","Texture Issue","Cosmic Craze Holographic Eyeliner - Prism Shift","MCaf348","","Xpressbees","10_Oct'25","Oct Week 4","Whatsapp"
"10/23/2025","6590458","Product","Others","Sweet Escape Perfume Body Lotion - 300ml","MCaf370","","Xpressbees","10_Oct'25","Oct Week 4","Whatsapp"
"10/24/2025","N/A","Product","Reacted - Skin Irritation","Green Tea Face Serum with Hyaluronic Acid - 40ml","MCaf55","","","10_Oct'25","Oct Week 4","Whatsapp"
"10/24/2025","6514080","Product","Reacted - Skin Rashes","Summer Breeze Perfume Body Lotion - 300ml","MCaf371","","Xpressbees","10_Oct'25","Oct Week 4","Whatsapp"
"10/24/2025","6589687","Product","Reacted - Acne/Pimples","Super Glow Flash Facial 25% AHA+BHA+PHA Face Mask - 50gm","mcaf375","","Shadowfax","10_Oct'25","Oct Week 4","Whatsapp"
"10/26/2025","6216269","Product","Product not Effective","1% Kojic Acid & Glutathione Guava Fizz Soap - 300g (3x100g)","3MCaf394","","DELHIVERY","10_Oct'25","Oct Week 4","Whatsapp"
"10/26/2025","6571400","Product","Others","Sweet Escape Perfume Body Lotion - 300ml","MCaf370","","DELHIVERY","10_Oct'25","Oct Week 4","Whatsapp"
"10/27/2025","6216269","Product","Product not Effective","1% Kojic Acid & Glutathione Guava Fizz Soap - 300g (3x100g)","3MCaf394","","DELHIVERY","10_Oct'25","Oct Week 4","Whatsapp"
"10/27/2025","6558180","Product","Others","Sweet Escape Perfume Body Lotion - 300ml","MCaf370","","DELHIVERY","10_Oct'25","Oct Week 4","Whatsapp"
"10/27/2025","N/A","Product","Texture Issue","Cosmic Craze Holographic Eyeliner - Disco Dreams","MCaf347","","","10_Oct'25","Oct Week 4","Whatsapp"
"10/27/2025","6600011","Product","Product not Effective","Advanced Hair Fall Control CaffexilÂ® Shampoo with Rosemary-250 ML","MCaf272_WB","","DELHIVERY","10_Oct'25","Oct Week 4","Whatsapp"
"10/27/2025","6600011","Product","Product not Effective","Advanced Hair Fall Control Caffexil?? Conditioner with Keratin-250 ML","MCaf273_WB","","DELHIVERY","10_Oct'25","Oct Week 4","Whatsapp"
"10/28/2025","6600699","Product","Others","#N/A","","#N/A","DELHIVERY","10_Oct'25","Oct Week 4","Whatsapp"
"10/28/2025","6541763","Product","Texture Issue","Velvet Blur Matte Liquid Lipstick - Passionate Crimson","MCaf304","","DELHIVERY","10_Oct'25","Oct Week 4","Whatsapp"
"10/28/2025","6553735","Product","Change in Smell","Sweet Escape Perfume Body Lotion - 300ml","MCaf370","","DELHIVERY","10_Oct'25","Oct Week 4","Whatsapp"
"10/29/2025","6436552","Product","Product not Effective","Coffee Complete Skin Care","CMB21","","DELHIVERY","10_Oct'25","Oct Week 5","Whatsapp"
"10/29/2025","6616881","Product","Others","Sweet Escape Perfume Body Lotion - 300ml","MCaf370","","Shadowfax","10_Oct'25","Oct Week 5","Whatsapp"
"10/29/2025","N/A","Product","Reacted - Skin Irritation","2% Salicylic Acid Niacinamide & Matcha Tea Face Wash - 100 ml","MCaf270","","","10_Oct'25","Oct Week 5","Whatsapp"
"10/29/2025","N/A","Product","Reacted - Skin Irritation","Glow Boost 5% Niacinamide & Green Tea Oil Free Moisturizer","MCaf221_WB","","","10_Oct'25","Oct Week 5","Whatsapp"
"10/30/2025","6637502","Product","Change in Smell","Sweet Escape Perfume Body Lotion - 300ml","MCaf370","","Shadowfax","10_Oct'25","Oct Week 5","Whatsapp"
"10/30/2025","6558180","Product","Others","Sweet Escape Perfume Body Lotion - 300ml","MCaf370","","DELHIVERY","10_Oct'25","Oct Week 5","Whatsapp"
"10/30/2025","6602122","Product","Texture Issue","Velvet Blur Matte Liquid Lipstick - Passionate Crimson","MCaf304","","Xpressbees","10_Oct'25","Oct Week 5","Whatsapp"
"10/31/2025","6640937","Product","Others","Summer Breeze Perfume Body Lotion - 300ml","MCaf371","","DELHIVERY","10_Oct'25","Oct Week 5","Whatsapp"
"10/31/2025","6612097","Product","Change in Smell","Choco Body Butter - 250g","MCaf48","","Xpressbees","10_Oct'25","Oct Week 5","Whatsapp"
"11/1/2025","6604187","Product","Texture Issue","Coffee Lip Scrub - 12g","MCaf122","","DELHIVERY","11_Nov'25","Nov Week 1","Email"
"11/1/2025","6639067","Product","Others","Sweet Escape Perfume Body Lotion - 300ml","MCaf370","","Xpressbees","11_Nov'25","Nov Week 1","Whatsapp"
"11/1/2025","6391310","Product","Reacted - Skin Rashes","Super Glow Flash Facial 25% AHA+BHA+PHA Face Mask - 50gm","MCaf375","","DELHIVERY","11_Nov'25","Nov Week 1","Whatsapp"
"11/1/2025","6655114","Product","Others","Sweet Escape Perfume Body Lotion - 300ml","MCaf370","","Shadowfax","11_Nov'25","Nov Week 1","Whatsapp"
"11/2/2025","6417103","Product","Change in Smell","Choco Body Butter - 250g","MCaf48","","DELHIVERY","11_Nov'25","Nov Week 1","Whatsapp"
"11/2/2025","6662242","Product","Others","Coffee Body Wash with Berries - 300ml","300MCaf212_WB","","Shadowfax","11_Nov'25","Nov Week 1","Whatsapp"
"11/3/2025","6684556","Product","Change in Smell","Coffee Body Mask with Niacinamide - 250g","MCaf161","","Shadowfax","11_Nov'25","Nov Week 1","Whatsapp"
"11/3/2025","4342621","Product","Product not Effective","Coffee Under Eye Cream - 15 ml","15MCaf62","","Xpressbees","11_Nov'25","Nov Week 1",""
"11/3/2025","N/A","Product","Formation of Fungus","Coffee Body Scrub - 100 g","MCaf40","","","11_Nov'25","Nov Week 1","Whatsapp"
"11/4/2025","5173099","Product","Product not Effective","2% Salicylic Acid Niacinamide & Matcha Tea Face Wash - 100 ml","MCaf270","","DELHIVERY","11_Nov'25","Nov Week 1",""
"11/4/2025","6671460","Product","Change in Smell","Sweet Escape Perfume Body Lotion - 300ml","MCaf370","","DELHIVERY","11_Nov'25","Nov Week 1","Whatsapp"
"11/4/2025","N/A","Product","Formation of Fungus","Coffee Body Scrub - 100 g","MCaf40","","","11_Nov'25","Nov Week 1","Whatsapp"
"11/4/2025","6654613","Product","Change in Smell","Sweet Escape Perfume Body Lotion - 300ml","MCaf370","","DELHIVERY","11_Nov'25","Nov Week 1","Whatsapp"
"11/4/2025","6430740","Product","Texture Issue","Brightening Sunscreen for Dark Spots - SPF 50 PA ++++","MCaf302","","DELHIVERY","11_Nov'25","Nov Week 1","Whatsapp"
"11/4/2025","6684556","Product","Change in Smell","Coffee Body Mask with Niacinamide - 250g","MCaf161","","Shadowfax","11_Nov'25","Nov Week 1","Whatsapp"
"11/4/2025","N/A","Product","Texture Issue","Velvet Blur Matte Liquid Lipstick - Subtle Sangria","MCaf313","","","11_Nov'25","Nov Week 1","Whatsapp"
"11/4/2025","6647875","Product","Reacted - Skin Irritation","Guava Tini De-Tan Body Wash - 300 ml","Mcaf396_WB","","DELHIVERY","11_Nov'25","Nov Week 1",""
"11/5/2025","6698745","Product","Change in Smell","Fierce Perfume for Men - Citrusy Scent - 100ml","MCaf350        ","","Shadowfax","11_Nov'25","Nov Week 1","Email"
"11/5/2025","6081481","Product","Product not Effective","Exfoliating Caramel Crunch Body Wash - 300 ml","Mcaf397_WB","","DELHIVERY","11_Nov'25","Nov Week 1","Whatsapp"
"11/5/2025","6228595","Product","Product not Effective","Guava Tini De-Tan Body Wash - 300 ml","Mcaf396_WB","","DELHIVERY","11_Nov'25","Nov Week 1",""
"11/5/2025","6502867","Product","Reacted - Skin Irritation","Green Tea & 15% Vitamin C Face Serum - 30 ml","MCaf189","","DELHIVERY","11_Nov'25","Nov Week 1","Whatsapp"
"11/6/2025","6670520","Product","Change in consisteny","10% Magnesium Body Lotion - 300ml","Mcaf398","","Xpressbees","11_Nov'25","Nov Week 1","Whatsapp"
"11/6/2025","6647587","Product","Change in colour","Cream Coffee Bathing Soap- 75g","MCaf166","","Shadowfax","11_Nov'25","Nov Week 1","Whatsapp"
"11/6/2025","6722074","Product","Presence of foreign particles(Hair/glass/pins)","Choco Tinted Lip Balm with Berries - 4.5g","MCaf240","","Shadowfax","11_Nov'25","Nov Week 1","Whatsapp"
"11/6/2025","6673217","Product","Change in colour","Exfoliating Coffee Bathing Soap for Tan Removal - 75g - Natural & 100% Vegan","MCaf165","","","11_Nov'25","Nov Week 1","Whatsapp"
"11/7/2025","6670897","Product","Texture Issue","Rainforest Rinse Shower Marshmallow Jelly Soap - 100gm","MCaf378","","Shadowfax","11_Nov'25","Nov Week 1","Whatsapp"
"11/7/2025","6677885","Product","Reacted - Skin Irritation","Super Glow Flash Facial 25% AHA+BHA+PHA Face Mask - 50gm","MCaf375","","Shadowfax","11_Nov'25","Nov Week 1","Whatsapp"
"11/7/2025","N/A","Product","Reacted - Skin Rashes","Super Glow Flash Facial 25% AHA+BHA+PHA Face Mask - 50gm","MCaf375","","","11_Nov'25","Nov Week 1","Whatsapp"
"11/7/2025","N/A","Product","Reacted - Skin Rashes","Super Glow Flash Facial 25% AHA+BHA+PHA Face Mask - 50gm","MCaf375","","","11_Nov'25","Nov Week 1","Whatsapp"
"11/7/2025","N/A","Product","Reacted - Skin Rashes","Super Glow Flash Facial 25% AHA+BHA+PHA Face Mask - 50gm","MCaf375","","","11_Nov'25","Nov Week 1","Whatsapp"
"11/10/2025","6732923","Product","Others","Sweet Escape Perfume Body Lotion - 300ml","MCaf370","","PurpleDrone","11_Nov'25","Nov Week 2","Whatsapp"
"11/8/2025","6538936","Product","Change in Smell","Super Glow Flash Facial 25% AHA+BHA+PHA Face Mask - 50gm","MCaf375","","Shadowfax","11_Nov'25","Nov Week 2","Whatsapp"
"11/8/2025","6691665","Product","Others","By the Blues Brightening Perfume Body Lotion - 300ml","Mcaf401","","Xpressbees","11_Nov'25","Nov Week 2",""
"11/8/2025","6728869","Product","Others","Summer Breeze Perfume Body Lotion - 300ml","MCaf371","","Xpressbees","11_Nov'25","Nov Week 2","Whatsapp"
"11/8/2025","N/A","Product","Reacted - Skin Irritation","Super Glow Flash Facial 25% AHA+BHA+PHA Face Mask - 50gm","MCaf375","","","11_Nov'25","Nov Week 2","Whatsapp"
"11/8/2025","6685067","Product","Reacted - Skin Rashes","Super Glow Flash Facial 25% AHA+BHA+PHA Face Mask - 50gm","MCaf375","","Shadowfax","11_Nov'25","Nov Week 2","Whatsapp"
"11/9/2025","6663595","Product","Reacted - Skin Irritation","Blueberry Swirl Serum In Body Lotion With Niacinamide","MCaf298_WB","","DELHIVERY","11_Nov'25","Nov Week 2","Whatsapp"
"11/9/2025","6684406","Product","Burning Sensation","","","","Xpressbees","11_Nov'25","Nov Week 2","Whatsapp"
"11/10/2025","N/A","Product","Burning Sensation","2% Salicylic Acid Niacinamide & Matcha Tea Face Wash - 100 ml","MCaf270","","","11_Nov'25","Nov Week 2",""
"11/10/2025","6732923","Product","Others","Sweet Escape Perfume Body Lotion - 300ml","MCaf370","","PurpleDrone","11_Nov'25","Nov Week 2","Whatsapp"
"11/11/2025","6720797","Product","Others","Sweet Escape Perfume Body Lotion - 300ml","MCaf370","","DELHIVERY","11_Nov'25","Nov Week 2","Whatsapp"
"11/11/2025","6752168","Product","Reacted - Skin Irritation","Sweet Escape Perfume Body Lotion - 300ml","MCaf370","","DELHIVERY","11_Nov'25","Nov Week 2","Whatsapp"
"11/11/2025","6391310","Product","Reacted - Skin Irritation","Super Glow Flash Facial 25% AHA+BHA+PHA Face Mask - 50gm","MCaf375","","DELHIVERY","11_Nov'25","Nov Week 2","Whatsapp"
"11/11/2025","N/A","Product","Change in consisteny","2% Salicylic Acid Niacinamide & Matcha Tea Face Wash - 100 ml","MCaf270","","","11_Nov'25","Nov Week 2",""
"11/11/2025","6723013","Product","Reacted - Skin Irritation","Sun Bath SPF Body Sunscreen 80+ PA ++++ Spray - 100ml","MCaf365","","Shadowfax","11_Nov'25","Nov Week 2","Whatsapp"
"11/13/2025","6732923","Product","Others","Sweet Escape Perfume Body Lotion - 300ml","MCaf370","","PurpleDrone","11_Nov'25","Nov Week 2","Whatsapp"
"11/14/2025","6745102","Product","Reacted - Acne/Pimples","Super Glow Flash Facial 25% AHA+BHA+PHA Face Mask - 50gm","MCaf375","","DELHIVERY","11_Nov'25","Nov Week 2","Whatsapp"
"11/14/2025","6653264","Product","Product not Effective","eine  Advanced Hair Fall Control Caffexil® Shampoo","","","Xpressbees","11_Nov'25","Nov Week 2","Whatsapp"
"11/14/2025","6668098","Product","Texture Issue","Cream Coffee Bathing Soap- 75g","MCaf166","","Xpressbees","11_Nov'25","Nov Week 2","Whatsapp"
"11/14/2025","N/A","Product","Product not Effective","1% Kojic Acid & Glutathione Guava Fizz Soap - 300g (3x100g)","3MCaf394","","","11_Nov'25","Nov Week 2","Whatsapp"
"11/14/2025","6722277","Product","Product not Effective","Glow Sun Drops SPF 50 PA++++ Face Sunscreen - 40g","MCaf360","","DELHIVERY","11_Nov'25","Nov Week 2","Whatsapp"
"11/14/2025","6663595","Product","Reacted - Skin Irritation","Blueberry Swirl Serum In Body Lotion With Niacinamide","MCaf298_WB","","DELHIVERY","11_Nov'25","Nov Week 2","Whatsapp"
"11/14/2025","6729110","Product","Reacted - Skin Irritation","10% Magnesium Body Lotion - 300ml","Mcaf398","","","11_Nov'25","Nov Week 2",""
"11/15/2025","ECOMMERCE","Product","Change in Smell","2% Salicylic Acid Niacinamide & Matcha Tea Face Wash - 100 ml","MCaf270","","(blank)","11_Nov'25","Nov Week 3","instagram"
"11/15/2025","6615701","Product","Change in Smell","Brightening Face Wash - 1% Kojic Acid & Glutathione","MCaf299","SMC250085","DELHIVERY","11_Nov'25","Nov Week 3","whatsapp"
"11/16/2025","6761430","Product","Others","Midnight in Bombay","","","DELHIVERY","11_Nov'25","Nov Week 3","whatsapp"
"11/17/2025","6769167","Product","Change in consisteny","Sweet Escape Perfume Body Lotion - 300ml","MCaf370","AMSEL-169","DELHIVERY","11_Nov'25","Nov Week 3","Whatsapp"
"11/17/2025","N/A","Product","Change in Smell","Espresso Coffee Body Wash + Scrub with Natural AHA - 300ml","MCaf107","B5067","","11_Nov'25","Nov Week 3","Whatsapp"
"11/17/2025","ECOMMERCE","Product","Change in Smell","eine Sun Fix Ultra Light 1% Hyaluronic Acid Matcha Tea Sunscreen SPF 50+ & PA++++","","","Xpressbees","11_Nov'25","Nov Week 3","Whatsapp"
"11/17/2025","6761430","Product","Others","Midnight in Bombay","","","DELHIVERY","11_Nov'25","Nov Week 3","Whatsapp"
"11/18/2025","6635717","Product","Reacted - Skin Rashes","Guava Tini De-Tan Body Wash - 300 ml","Mcaf396_WB","","DELHIVERY","11_Nov'25","Nov Week 3","Whatsapp"
"11/18/2025","6677885","Product","Reacted - Skin Irritation","Pore Cleanse Coffee Cookie Detan Face Mask - 100gm","MCaf388","","Shadowfax","11_Nov'25","Nov Week 3","Whatsapp"
"11/20/2025","6796881","Product","Change in Smell","Coffee Body Scrub - 100 g","MCaf40","MCBS-882","Xpressbees","11_Nov'25","Nov Week 3","whatsapp"
"11/20/2025","6845044","Product","Texture Issue","Cosmic Craze Holographic Eyeliner - Disco Dreams","MCaf347","","ElasticRun","11_Nov'25","Nov Week 3","email"
"11/19/2025","6800906","Product","Texture Issue","Velvet Blur Matte Liquid Lipstick - Muted Rose","MCaf309","","DELHIVERY","11_Nov'25","Nov Week 3","whatsapp"
"11/19/2025","6831600","Product","Others","By the Blues Brightening Perfume Body Lotion - 300ml","Mcaf401","","Shadowfax","11_Nov'25","Nov Week 3","email"
"11/19/2025","6821594","Product","Others","Summer Breeze Perfume Body Lotion - 300ml","MCaf371","","Shadowfax","11_Nov'25","Nov Week 3","email"
"11/19/2025","6811866","Product","Change in consisteny","Coffee Body Scrub - 100 g","MCaf40","","Xpressbees","11_Nov'25","Nov Week 3","email"
"11/19/2025","6799128","Product","Change in consisteny","Coffee Body Scrub - 100 g","MCaf40","","DELHIVERY","11_Nov'25","Nov Week 3","instagram"
"11/19/2025","6824353","Product","Reacted - Skin Irritation","Coffee Body Scrub - 100 g","MCaf40","MCBS-878","Shadowfax","11_Nov'25","Nov Week 3","whatsapp"
"11/19/2025","4761404","Product","Product not Effective","Coffee Under Eye Cream - 15 ml","15MCaf62","","DELHIVERY","11_Nov'25","Nov Week 3","email"
"11/19/2025","6757848","Product","Reacted - Skin Irritation","Super Glow Flash Facial 25% AHA+BHA+PHA Face Mask - 50gm","MCaf375","","DELHIVERY","11_Nov'25","Nov Week 3","email"
"11/24/2025","6880897","Product","Change in consisteny","Cosmic Craze Holographic Eyeliner - Disco Dreams","MCaf347","","ElasticRun","11_Nov'25","Nov Week 4","whatsapp"
"11/23/2025","6766626","Product","Change in consisteny","Cosmic Craze Holographic Eyeliner - Disco Dreams","MCaf347","","Shadowfax","11_Nov'25","Nov Week 4","whatsapp"
"11/22/2025","6860520","Product","Change in consistency","Velvet Blur Matte Liquid Lipstick - Muted Rose","MCaf309","","DELHIVERY","11_Nov'25","Nov Week 4","whatsapp"
"11/26/2025","6590620","Product","Others","Coffee Body Scrub with Coconut - 55 g - Natural & Vegan","55MCaf40","","DELHIVERY","11_Nov'25","Nov Week 4","whatsapp"
"11/26/2025","6870301","Product","Change in Smell","By the Blues Brightening Perfume Body Lotion - 300ml","Mcaf401","","Xpressbees","11_Nov'25","Nov Week 4","email"
"11/26/2025","6816607","Product","Reacted - Skin Rashes","Exfoliating Caramel Crunch Body Wash - 300 ml","Mcaf397_WB","MCBB-038","DELHIVERY","11_Nov'25","Nov Week 4","whatsapp"
"11/26/2025","6816607","Product","Reacted - Skin Rashes","Exfoliating Caramel Crunch Body Wash - 300 ml","Mcaf397_WB","","DELHIVERY","11_Nov'25","Nov Week 4","whatsapp"
"11/26/2025","6841217","Product","Others","Summer Breeze Perfume Body Lotion - 300ml","MCaf371","","DELHIVERY","11_Nov'25","Nov Week 4","whatsapp"
"11/26/2025","6873790","Product","Reacted - Skin Irritation","Guava Tini De-Tan Body Wash - 300 ml","Mcaf396_WB","MGTB-078","Shadowfax","11_Nov'25","Nov Week 4","whatsapp"
"11/26/2025","6628638","Product","Reacted - Skin Irritation","Coffee Hydrogel Under Eye Patches with Caffeine & HA - 15 Pairs","15MCaf177","","DELHIVERY","11_Nov'25","Nov Week 4","whatsapp"
"11/25/2025","6855641","Product","Others","007 Perfume for Men - Oriental Oud - 100ml","MCaf349","","DELHIVERY","11_Nov'25","Nov Week 4","whatsapp"
"11/25/2025","6886169","Product","Change in Smell","Choco Body Butter - 250g","MCaf48","CBB-171","DELHIVERY","11_Nov'25","Nov Week 4","whatsapp"
"11/25/2025","6808387","Product","Formation of Fungus","Coffee Body Scrub - 100 g","MCaf40","MCBS-872","DELHIVERY","11_Nov'25","Nov Week 4","whatsapp"
"11/24/2025","6854337","Product","Reacted - Skin Rashes","By the Blues Brightening Perfume Body Lotion - 300ml","Mcaf401","DNAK5156U","DELHIVERY","11_Nov'25","Nov Week 4","whatsapp"
"11/23/2025","6870782","Product","Others","By the Blues Brightening Perfume Body Lotion - 300ml","Mcaf401","","Xpressbees","11_Nov'25","Nov Week 4","whatsapp"
"11/23/2025","6516910","Product","Others","By the Blues Brightening Perfume Body Lotion - 300ml","Mcaf401","","Shadowfax","11_Nov'25","Nov Week 4","instagram"
"11/23/2025","6873790","Product","Others","By the Blues Brightening Perfume Body Lotion - 300ml","Mcaf401","","Shadowfax","11_Nov'25","Nov Week 4","whatsapp"
"11/23/2025","6564545","Product","Others","By the Blues Brightening Perfume Body Lotion - 300ml","Mcaf401","","DELHIVERY","11_Nov'25","Nov Week 4","email"
"11/22/2025","6830647","Product","Presence of foreign particles(Hair/glass/pins)","Advanced Hair Growth 20% Caffexil?? Hair Serum-30 ML","MCaf274","","Xpressbees","11_Nov'25","Nov Week 4","whatsapp"
"11/22/2025","6875896","Product","Others","Summer Breeze Perfume Body Lotion - 300ml","MCaf371","","DELHIVERY","11_Nov'25","Nov Week 4","whatsapp"
"11/22/2025","ECOMMERCE","Product","Change in Smell","Summer Breeze Perfume Body Lotion - 300ml","MCaf371","MSBL-107","Xpressbees","11_Nov'25","Nov Week 4","whatsapp"
"11/22/2025","6813325","Product","Others","Fierce Perfume for Men - Citrusy Scent - 100ml","MCaf350        ","","DELHIVERY","11_Nov'25","Nov Week 4","whatsapp"
"11/22/2025","6833125","Product","Others","Sweet Escape Perfume Body Lotion - 300ml","MCaf370","","DELHIVERY","11_Nov'25","Nov Week 4","whatsapp"
"11/29/2025","6871093","Product","Reacted - Skin Irritation","Super Glow Flash Facial 25% AHA+BHA+PHA Face Mask - 50gm","MCaf375","","Xpressbees","11_Nov'25","Nov Week 5","whatsapp"
"11/28/2025","6134303","Product","Reacted - Skin Irritation","Super Glow Flash Facial 25% AHA+BHA+PHA Face Mask - 50gm","MCaf375","","Shadowfax","11_Nov'25","Nov Week 4","instagram"
"11/28/2025","6910424","Product","Others","By the Blues Brightening Perfume Body Lotion - 300ml","Mcaf401","DNAK5155U","Shadowfax","11_Nov'25","Nov Week 4","whatsapp"
"11/27/2025","6901822","Product","Others","Sweet Escape Perfume Body Lotion - 300ml","MCaf370","","ElasticRun","11_Nov'25","Nov Week 4","whatsapp"
"11/27/2025","6895098","Product","Change in Smell","Coffee Body Scrub - 100 g","MCaf40","MCBS-883","DELHIVERY","11_Nov'25","Nov Week 4","whatsapp"
"11/27/2025","6766626","Product","Change in consisteny","Cosmic Craze Holographic Eyeliner - Disco Dreams","MCaf347","","Shadowfax","11_Nov'25","Nov Week 4","whatsapp"
"11/30/2025","6912996","Product","Others","Sweet Escape Perfume Body Lotion - 300ml","MCaf370","","Shadowfax","11_Nov'25","Nov Week 5","whatsapp"
"11/30/2025","6909381","Product","Change in Smell","Sweet Escape Perfume Body Lotion - 300ml","MCaf370","","Xpressbees","11_Nov'25","Nov Week 5","whatsapp"
"11/11/2025","6729159","Product","Reacted - Skin Irritation","CLEAR GLOW Daily Brightening Sunscreen (50ml)","","","DELHIVERY","11_Nov'25","Nov Week 2","email"
"11/27/2025","6757848","Product","Reacted - Skin Irritation","Super Glow Flash Facial Mask","","","DELHIVERY","11_Nov'25","Nov Week 4","email"
"11/29/2025","6812645","Product","Reacted - Skin Irritation","CLEAR GLOW Daily Brightening Sunscreen (50ml)","","","DELHIVERY","11_Nov'25","Nov Week 5","email"
"11/30/2025","6787483","Product","Reacted - Skin Irritation","NA","","","DELHIVERY","11_Nov'25","Nov Week 5","instagram"
"11/30/2025","N/A","Product","Product not Effective","Sweet Escape Perfume Body Lotion","","AMSEL-129","","11_Nov'25","Nov Week 5","email"
"1/1/2025","4546394","Product","Reacted - Skin Irritation/Rashes","NA","","NA","DELHIVERY","01_Jan'25","1_Jan Week 1","Email"
"1/1/2025","N/A","Product","Reacted - Skin Irritation/Rashes","CLEAR GLOW 1% Kojic Acid Alpha Arbutin - Daily Brightening Sunscreen","","SMC240052","","01_Jan'25","1_Jan Week 1","Email"
"1/2/2025","4508760","Product","Change in Smell/Texture/Colour/Consistency","Coffee Body Lotion - Pack of 2","","B3234, B3303","DELHIVERY","01_Jan'25","1_Jan Week 1","Email"
"1/3/2025","4553029","Product","Reacted - Skin Irritation/Rashes","Coffee Powder Sunscreen SPF 50 PA+++ (4 g)","","NA","DELHIVERY","01_Jan'25","1_Jan Week 1","Email"
"1/4/2025","4549405","Product","Reacted - Skin Irritation/Rashes","CLEAR GLOW 1% Kojic Acid Alpha Arbutin - Daily Brightening Sunscreen","","SMC240052","Xpressbees","01_Jan'25","1_Jan Week 1","Email"
"1/4/2025","4319854","Product","Reacted - Skin Irritation/Rashes","Glow Boost 5% Niacinamide & Green Tea Oil Free Moisturizer","","MGMN019","Xpressbees","01_Jan'25","1_Jan Week 1","Email"
"1/4/2025","4556514","Product","Fragrance","NA","","NA","DELHIVERY","01_Jan'25","1_Jan Week 1","Email"
"1/4/2025","4553311","Product","Fragrance","Rush Perfume Gift Set for Women","","B241395","DELHIVERY","01_Jan'25","1_Jan Week 1","Email"
"1/6/2025","4533172","Product","Product Dissatisfied","Sweet Escape Perfume Body Lotion","","MSEL-006","Xpressbees","01_Jan'25","1_Jan Week 1","Email"
"1/6/2025","4519493","Product","Product Dissatisfied","Berries Brightening Coffee Face Scrub","","NA","Xpressbees","01_Jan'25","1_Jan Week 1","Email"
"1/6/2025","4524129","Product","Change in Smell","Blueberry Blast Body Wash (300 ml)","","PT4K007","DELHIVERY","01_Jan'25","1_Jan Week 1","Email"
"1/6/2025","SO922102","Product","Texture Issue","Coffee Body Scrub","","MCBS-771","","01_Jan'25","1_Jan Week 1","Email"
"1/7/2025","4432641","Product","Change in Smell/Texture/Colour/Consistency","Coffee Face Wash","","MCFW48","Xpressbees","01_Jan'25","1_Jan Week 1","Email"
"1/7/2025","4562145","Product","Reacted - Skin Irritation/Rashes","Kombucha Tea Under Eye Cream SPF 30+ PA++++.","","MKUC-001","DELHIVERY","01_Jan'25","1_Jan Week 1","Email"
"1/7/2025","4560364","Product","Change in Smell","Coffee Sugar Body Scrub with Pomegranate","","MSSP19","DELHIVERY","01_Jan'25","1_Jan Week 1","Email"
"1/7/2025","4509262","Product","Reacted - Skin Irritation/Rashes","NA","","","Xpressbees","01_Jan'25","1_Jan Week 1","Email"
"1/7/2025","4533260","Product","Product Dissatisfied","Rush Perfume Gift Set for Women","","","DELHIVERY","01_Jan'25","1_Jan Week 1","Email"
"1/7/2025","4528194","Product","Product Dissatisfied","Coffee Hydrogel Under Eye Patches","","","Xpressbees","01_Jan'25","1_Jan Week 1","Email"
"1/7/2025","4528194","Product","Product Dissatisfied","Coffee Under Eye Cream","","","Xpressbees","01_Jan'25","1_Jan Week 1","Email"
"1/7/2025","4532454","Product","Product Dissatisfied","Rush Perfume Gift Set for Women","","","DELHIVERY","01_Jan'25","1_Jan Week 1","Email"
"1/8/2025","N/A","Product","Change in Smell/Texture/Colour/Consistency","Naked & Rich Choco Body Butter","","NA","","01_Jan'25","1_Jan Week 2","Email"
"1/8/2025","4506227","Product","Product Dissatisfied","Sweet Escape Shower Oil-To-Foam Body Cleanser - 200 ml","","","Xpressbees","01_Jan'25","1_Jan Week 2","Email"
"1/8/2025","N/A","Product","Product Dissatisfied","NA","","NA","","01_Jan'25","1_Jan Week 2","Email"
"1/8/2025","4505319","Product","Product Dissatisfied","Sweet Escape Shower Oil-To-Foam Body Cleanser - 200 ml","","","DELHIVERY","01_Jan'25","1_Jan Week 2","Email"
"1/8/2025","4536600","Product","Product Dissatisfied","Sweet Escape Shower Oil-To-Foam Body Cleanser - 200 ml","","","DELHIVERY","01_Jan'25","1_Jan Week 2","Email"
"1/8/2025","4535052","Product","Product Dissatisfied","FEIN - Men Written by women","","","DELHIVERY","01_Jan'25","1_Jan Week 2","Email"
"1/9/2025","4551182","Product","Texture Issue","Choco Body Lotion - Pack of 2","","NA","Xpressbees","01_Jan'25","1_Jan Week 2","Email"
"1/9/2025","4535150","Product","Product Dissatisfied","Coffee Face Wash","","","Xpressbees","01_Jan'25","1_Jan Week 2","Email"
"1/10/2025","N/A","Product","Fragrance","Blueberry Swirl Deep Moisturizing Body Butter","","NA","","01_Jan'25","1_Jan Week 2","Email"
"1/10/2025","4542129","Product","Product Dissatisfied","Summer Breeze Shower Oil-To-Foam Body Cleanser - 200 ml","","","Xpressbees","01_Jan'25","1_Jan Week 2","Email"
"1/10/2025","4542033","Product","Product Dissatisfied","Blueberry Blast Body Wash (300 ml)","","","Xpressbees","01_Jan'25","1_Jan Week 2","Email"
"1/11/2025","N/A","Product","Product Dissatisfied","FEIN - Men Written by women","","B.MMF-001","","01_Jan'25","1_Jan Week 2","Email"
"1/11/2025","3984443","Product","Product Dissatisfied","2% SALICYLIC ACID Niacinamide & MATCHA TEA FACE WASH","","MMFW-011","Xpressbees","01_Jan'25","1_Jan Week 2","Email"
"1/11/2025","4264566","Product","Product Dissatisfied","Skin Bounce Moisturizing Cream","","B4225","Xpressbees","01_Jan'25","1_Jan Week 2","Email"
"1/11/2025","4503183","Product","Product Dissatisfied","Summer Breeze Perfume Body Lotion","","","Xpressbees","01_Jan'25","1_Jan Week 2","Email"
"1/11/2025","4545271","Product","Product Dissatisfied","2 Step Acne Control Kit","","","DELHIVERY","01_Jan'25","1_Jan Week 2","Email"
"1/11/2025","4517002","Product","Product Dissatisfied","Coffee Face Wash","","","DELHIVERY","01_Jan'25","1_Jan Week 2","Email"
"1/11/2025","4530634","Product","Product Dissatisfied","Detan & Oil Control Coffee Sunscreen (50 ml)","","NA","Xpressbees","01_Jan'25","1_Jan Week 2","Email"
"1/11/2025","4520917","Product","Product Dissatisfied","Coffee Under Eye Cream","","","Xpressbees","01_Jan'25","1_Jan Week 2","Email"
"1/12/2025","4580141","Product","Texture Issue","NA","","NA","Xpressbees","01_Jan'25","1_Jan Week 2","Email"
"1/12/2025","4571340","Product","Texture Issue","Coffee Hydrogel Under Eye Patches","","UE240229","Xpressbees","01_Jan'25","1_Jan Week 2","Email"
"1/12/2025","4558673","Product","Product Dissatisfied","NA","","","DELHIVERY","01_Jan'25","1_Jan Week 2","Email"
"1/12/2025","4532312","Product","Fragrance","FIEN - Cherry Wine","","NA","Ekart","01_Jan'25","1_Jan Week 2","Email"
"1/12/2025","4453306","Product","Product Dissatisfied","CLEAR GLOW 1% Kojic Acid Alpha Arbutin - Daily Brightening Sunscreen","","","DELHIVERY","01_Jan'25","1_Jan Week 2","Email"
"1/12/2025","4453306","Product","Product Dissatisfied","mCaffeine Green Tea Face Serum with Multi-Peptides","","","DELHIVERY","01_Jan'25","1_Jan Week 2","Email"
"1/13/2025","4378002","Product","Product not Effective","Coffee Under Eye Cream","","NA","Xpressbees","01_Jan'25","1_Jan Week 2","Email"
"1/13/2025","4588446","Product","Reacted - Acne/Pimples","Sweet Escape Shower Oil-To-Foam Body Cleanser - 200 ml","","NA","DELHIVERY","01_Jan'25","1_Jan Week 2","Email"
"1/13/2025","4577368","Product","Reacted - Acne/Pimples","Toner Serum- Niacinamide 5% & Coffee (150 ml)","","NA","DELHIVERY","01_Jan'25","1_Jan Week 2","Email"
"1/13/2025","4545745","Product","Product Dissatisfied","Blueberry Swirl Deep Moisturizing Body Butter","","","DELHIVERY","01_Jan'25","1_Jan Week 2","Email"
"1/13/2025","4585707","Product","Fragrance","Rush Perfume Gift Set for Women","","","DELHIVERY","01_Jan'25","1_Jan Week 2","Email"
"1/13/2025","4546450","Product","Product Dissatisfied","TUBING MASCARA Waterproof","","","DELHIVERY","01_Jan'25","1_Jan Week 2","Email"
"1/13/2025","4546524","Product","Product Dissatisfied","Coffee Face Mask","","","DELHIVERY","01_Jan'25","1_Jan Week 2","Email"
"1/13/2025","N/A","Product","Product Dissatisfied","5% AHA Coffee Underarm Roll On (50ml)","","","","01_Jan'25","1_Jan Week 2","Email"
"1/13/2025","N/A","Product","Product Dissatisfied","Blueberry Blast Body Wash (300 ml)","","","","01_Jan'25","1_Jan Week 2","Email"
"1/13/2025","4534890","Product","Product Dissatisfied","Choco Body Lotion - Pack of 2","","","Xpressbees","01_Jan'25","1_Jan Week 2","Email"
"1/14/2025","4512103","Product","Product not Effective","FEIN - Magnetic","","NA","DELHIVERY","01_Jan'25","1_Jan Week 2","Email"
"1/14/2025","4420930","Product","Change in Smell/Texture/Colour/Consistency","Green Tea + Vitamin C Serum 3ml","","MVCM-001","Xpressbees","01_Jan'25","1_Jan Week 2","Email"
"1/14/2025","Myntra","Product","Product Dissatisfied","Coffee Face Scrub with Walnut - 100 g","","NA","","01_Jan'25","1_Jan Week 2","Email"
"1/15/2025","4589110","Product","Texture Issue","mcaffeine Shades Velvet Blur Matte Liquid Lipstick - Subtle Sangria 06","","NA","Xpressbees","01_Jan'25","1_Jan Week 3","Email"
"1/15/2025","4533172","Product","Product Dissatisfied","Summer Breeze Perfume Body Lotion","","MSBL-004","Xpressbees","01_Jan'25","1_Jan Week 3","Email"
"1/16/2025","4564505","Product","Product Dissatisfied","Choco Body Lotion - Pack of 2","","","DELHIVERY","01_Jan'25","1_Jan Week 3","Email"
"1/16/2025","4564505","Product","Product Dissatisfied","Coffee Body Lotion - Pack of 2","","","DELHIVERY","01_Jan'25","1_Jan Week 3","Email"
"1/16/2025","4550411","Product","Product not Effective","FEIN - Vanilla Muse","","","Xpressbees","01_Jan'25","1_Jan Week 3","Email"
"1/17/2025","4597718","Product","Change in Smell","Naked & Rich Choco Body Butter","","CBB-145","DELHIVERY","01_Jan'25","1_Jan Week 3","Email"
"1/17/2025","4590033","Product","Change in Smell/Texture/Colour/Consistency","2% SALICYLIC ACID Niacinamide & MATCHA TEA FACE WASH","","","Xpressbees","01_Jan'25","1_Jan Week 3","Email"
"1/17/2025","3984443","Product","Reacted - Skin Irritation/Rashes","2% SALICYLIC ACID Niacinamide & MATCHA TEA FACE WASH","","MMFW-011","Xpressbees","01_Jan'25","1_Jan Week 3","Email"
"1/18/2025","4264566","Product","Reacted - Skin Irritation/Rashes","Skin Bounce Moisturizing Cream","","B4225","Xpressbees","01_Jan'25","1_Jan Week 3","Email"
"1/18/2025","4574350","Product","Reversed after effects","Latte Coffee Conditioner (250 ml)","","MCLC30","Xpressbees","01_Jan'25","1_Jan Week 3","Email"
"1/18/2025","4575706","Product","Product not Effective","FEIN - Vanilla Muse","","","DELHIVERY","01_Jan'25","1_Jan Week 3","Email"
"1/18/2025","4575706","Product","Product not Effective","FIEN - Cherry Wine","","","DELHIVERY","01_Jan'25","1_Jan Week 3","Email"
"1/19/2025","4597729","Product","Quantity is less/ Price High","mCaffeine Sun Fix Hydra Dew Ultralight Sun Fluid SPF 50 PA++++","","","Xpressbees","01_Jan'25","1_Jan Week 3","Email"
"1/19/2025","4586627","Product","Formation of Fungus","Coffee Body Scrub with Almonds","","MCSA10","Xpressbees","01_Jan'25","1_Jan Week 3","Email"
"1/19/2025","4597446","Product","Product not Effective","FIEN - Cherry Wine","","","DELHIVERY","01_Jan'25","1_Jan Week 3","Email"
"1/19/2025","4575959","Product","Change in Smell/Texture/Colour/Consistency","Choco Body Lotion - Pack of 2","","","DELHIVERY","01_Jan'25","1_Jan Week 3","Email"
"1/21/2025","4541939","Product","Change in Smell/Texture/Colour/Consistency","Coffee Body Polishing Oil","","MCBO-169","DELHIVERY","01_Jan'25","1_Jan Week 3","Email"
"1/22/2025","N/A","Product","Change in Smell/Texture/Colour/Consistency","Hydra Gloss Lip Oil","","B001","","01_Jan'25","1_Jan Week 4","Email"
"1/22/2025","4602804","Product","Product Dissatisfied","Naked Teal Pouch","","","Xpressbees","01_Jan'25","1_Jan Week 4","Email"
"1/22/2025","4429753","Product","Reversed After Effects","Kombucha Tea Under Eye Cream SPF 30+ PA++++.","","","DELHIVERY","01_Jan'25","1_Jan Week 4","Email"
"1/23/2025","3465959","Product","Change in Smell/Texture/Colour/Consistency","Choco Body Lotion - Pack of 2","","B3335","DELHIVERY","01_Jan'25","1_Jan Week 4","Email"
"1/23/2025","4548289","Product","Product Dissatisfied","NA","","","Xpressbees","01_Jan'25","1_Jan Week 4","Email"
"1/23/2025","4604381","Product","Product Dissatisfied","Black Tea Complex™ Night Cream (50 ml)","","","DELHIVERY","01_Jan'25","1_Jan Week 4","Email"
"1/23/2025","4571826","Product","Change in Smell/Texture/Colour/Consistency","Latte Coffee Conditioner (250 ml)","","","Xpressbees","01_Jan'25","1_Jan Week 4","Email"
"1/24/2025","4600479","Product","Reacted - Skin Irritation/Rashes","FEIN - Men Written by women","","","DELHIVERY","01_Jan'25","1_Jan Week 4","Email"
"1/24/2025","4603927","Product","Texture Issue","Choco Body Lotion - Pack of 2","","B3379","DELHIVERY","01_Jan'25","1_Jan Week 4","Email"
"1/24/2025","N/A","Product","Change in Smell/Texture/Colour/Consistency","NA","","","","01_Jan'25","1_Jan Week 4","Email"
"1/24/2025","4580534","Product","Product Dissatisfied","mCaffeine Shades HD Hydra Gloss Lip Oil - pH - Tint Shift 01","","","DELHIVERY","01_Jan'25","1_Jan Week 4","Email"
"1/24/2025","4580624","Product","Product Dissatisfied","mCaffeine Cosmic Craze Holographic Eyeliner Prism Shift","","","Xpressbees","01_Jan'25","1_Jan Week 4","Email"
"1/24/2025","4597896","Product","Change in Smell/Texture/Colour/Consistency","Choco Body Lotion - Pack of 2","","","DELHIVERY","01_Jan'25","1_Jan Week 4","Email"
"1/24/2025","N/A","Product","Change in Smell/Texture/Colour/Consistency","Choco Body Lotion - Pack of 2","","B3335","","01_Jan'25","1_Jan Week 4","Email"
"1/24/2025","N/A","Product","Product Dissatisfied","NA","","","","01_Jan'25","1_Jan Week 4","Email"
"1/25/2025","4614461","Product","Fragrance","NA","","","DELHIVERY","01_Jan'25","1_Jan Week 4","Email"
"1/25/2025","4607194","Product","Change in Smell","Choco Body Lotion - Pack of 2","","B3235","DELHIVERY","01_Jan'25","1_Jan Week 4","Email"
"1/26/2025","N/A","Product","Product Dissatisfied","NA","","","","01_Jan'25","1_Jan Week 4","Email"
"1/26/2025","4333888","Product","Product not Effective","Coffee Under Eye Cream","","B4039","Xpressbees","01_Jan'25","1_Jan Week 4","Email"
"1/27/2025","4605134","Product","Reacted - Skin Irritation/Rashes","Ceramide Intense Barrier Repair Cream","","","DELHIVERY","01_Jan'25","1_Jan Week 4","Email"
"1/27/2025","N/A","Product","Product Dissatisfied","Shimmer Body Butter (150 g)","","","","01_Jan'25","1_Jan Week 4","Email"
"1/27/2025","4031043","Product","Product Dissatisfied","Hydra Gloss Lip Oil","","","DELHIVERY","01_Jan'25","1_Jan Week 4","Email"
"1/27/2025","4546295","Product","Product Dissatisfied","FEIN - Men Written by women","","","Xpressbees","01_Jan'25","1_Jan Week 4","Email"
"1/27/2025","4601307","Product","Formation of Fungus","Hydra Gloss Lip Oil","","","Xpressbees","01_Jan'25","1_Jan Week 4","Email"
"1/27/2025","4548187","Product","Fragrance","Rush Perfume Gift Set for Women","","","Xpressbees","01_Jan'25","1_Jan Week 4","Email"
"1/27/2025","4519423","Product","Product Dissatisfied","NA","","","Xpressbees","01_Jan'25","1_Jan Week 4","Email"
"1/27/2025","4535590","Product","Product Dissatisfied","NA","","","Xpressbees","01_Jan'25","1_Jan Week 4","Email"
"1/27/2025","4552013","Product","Quantity is less/ Price High","NA","","","DELHIVERY","01_Jan'25","1_Jan Week 4","Email"
"1/27/2025","4548017","Product","Product Dissatisfied","Espresso Coffee Body Wash","","","DELHIVERY","01_Jan'25","1_Jan Week 4","Email"
"1/27/2025","4546297","Product","Product Dissatisfied","Rush Perfume Gift Set for Women","","","Xpressbees","01_Jan'25","1_Jan Week 4","Email"
"1/27/2025","4532422","Product","Reacted - Skin Irritation/Rashes","Green Tea + Vitamin C Serum 3ml","","","Xpressbees","01_Jan'25","1_Jan Week 4","Email"
"1/27/2025","4550226","Product","Product Dissatisfied","NA","","","DELHIVERY","01_Jan'25","1_Jan Week 4","Email"
"1/28/2025","N/A","Product","Reversed after effects","NA","","","","01_Jan'25","1_Jan Week 4","Email"
"1/28/2025","4572530","Product","Reacted - Skin Irritation/Rashes","Coffee Face Mask","","","Xpressbees","01_Jan'25","1_Jan Week 4","Email"
"1/28/2025","4572530","Product","Reacted - Skin Irritation/Rashes","Espresso Coffee Body Wash","","","Xpressbees","01_Jan'25","1_Jan Week 4","Email"
"1/28/2025","4079198","Product","Change in Smell/Texture/Colour/Consistency","NA","","","DELHIVERY","01_Jan'25","1_Jan Week 4","Email"
"1/28/2025","4510584","Product","Product Dissatisfied","NA","","","Xpressbees","01_Jan'25","1_Jan Week 4","Email"
"1/28/2025","4555617","Product","Fragrance","Rush Perfume Gift Set for Women","","","DELHIVERY","01_Jan'25","1_Jan Week 4","Email"
"1/28/2025","4629425","Product","Fragrance","FEIN - Vanilla Muse","","","Xpressbees","01_Jan'25","1_Jan Week 4","Email"
"1/29/2025","4633846","Product","Change in Smell/Texture/Colour/Consistency","Green tea body wash with AHA -10%","","","DELHIVERY","01_Jan'25","1_Jan Week 5","Email"
"1/29/2025","4636477","Product","Change in Smell/Texture/Colour/Consistency","Coffee Body Scrub","","","Xpressbees","01_Jan'25","1_Jan Week 5","Email"
"1/29/2025","4626177","Product","Product not Effective","Shimmer Body Butter (150 g)","","","Xpressbees","01_Jan'25","1_Jan Week 5","Email"
"1/29/2025","N/A","Product","Fragrance","NA","","","","01_Jan'25","1_Jan Week 5","Email"
"1/29/2025","4582715","Product","Fragrance","FEIN - Men Written by women","","","Xpressbees","01_Jan'25","1_Jan Week 5","Email"
"1/29/2025","4623936","Product","Product Dissatisfied","NA","","","DELHIVERY","01_Jan'25","1_Jan Week 5","Email"
"1/30/2025","N/A","Product","Change in Smell","NA","","","","01_Jan'25","1_Jan Week 5","Email"
"1/30/2025","4638523","Product","Fragrance","FEIN - Magnetic","","","Xpressbees","01_Jan'25","1_Jan Week 5","Email"
"1/30/2025","4628537","Product","Fragrance","FEIN - Fierce","","MCaf350","DELHIVERY","01_Jan'25","1_Jan Week 5","Email"
"1/30/2025","4642144","Product","Fragrance","FEIN - Fierce","","MCaf350","DELHIVERY","01_Jan'25","1_Jan Week 5","Email"
"1/30/2025","4635195","Product","Reacted - Skin Irritation/Rashes","Coffee Hair Serum (50 ml)","","MCHS-025","DELHIVERY","01_Jan'25","1_Jan Week 5","Email"
"1/30/2025","4626322","Product","Reacted - Skin Irritation/Rashes","NA","","","DELHIVERY","01_Jan'25","1_Jan Week 5","Email"
"1/30/2025","4287920","Product","Reacted - Skin Irritation/Rashes","Coffee Body Wash with Berries","","MCBB-136","Xpressbees","01_Jan'25","1_Jan Week 5","Email"
"1/31/2025","4661194","Product","Fragrance","Blueberry Swirl Serum Body Lotion","","NA","DELHIVERY","01_Jan'25","1_Jan Week 5","Email"
"1/31/2025","4655905","Product","Change in Smell/Texture/Colour/Consistency","Body Exfoliator with AHA- 10% & Green tea (110 ml)","","MGBA-026","DELHIVERY","01_Jan'25","1_Jan Week 5","Email"
"1/31/2025","N/A","Product","Change in Smell/Texture/Colour/Consistency","NA","","","","01_Jan'25","1_Jan Week 5","Email"
"1/31/2025","4653982","Product","Product Dissatisfied","NA","","","DELHIVERY","01_Jan'25","1_Jan Week 5","Email"
"1/31/2025","4660264","Product","Reacted - Skin Irritation/Rashes","Summer Breeze Perfume Body Lotion","","","Xpressbees","01_Jan'25","1_Jan Week 5","Email"
"1/31/2025","NA4659483","Product","Change in Smell/Texture/Colour/Consistency","Coffee Body Scrub","","","","01_Jan'25","1_Jan Week 5","Email"
"2/1/2025","4658648","Product","Change in Smell/Texture/Colour/Consistency","Coffee Body Scrub with Almonds","","MCSA10","DELHIVERY","02_Feb'25","2_Feb Week 1","Email"
"2/1/2025","4647242","Product","Product Dissatisfied","NA","","","DELHIVERY","02_Feb'25","2_Feb Week 1","Email"
"2/1/2025","4664057","Product","Product not Effective","FEIN - Vanilla Muse","","","Xpressbees","02_Feb'25","2_Feb Week 1","Email"
"2/2/2025","4602593","Product","Reacted - Skin Irritation/Rashes","Toner Serum- Vitamin C 1.5% & Green Tea (150 ml)","","","DELHIVERY","02_Feb'25","2_Feb Week 1","Email"
"2/2/2025","4674460","Product","Texture Issue","NA","","","DELHIVERY","02_Feb'25","2_Feb Week 1","Email"
"2/2/2025","4675025","Product","Fragrance","Vanilla Dream Serum Body Lotion SPF 30 PA+++","","","DELHIVERY","02_Feb'25","2_Feb Week 1","Email"
"2/2/2025","N/A","Product","Reacted - Skin Irritation/Rashes","Green Tea + Vitamin C Serum 3ml","","","","02_Feb'25","2_Feb Week 1","Email"
"2/2/2025","4680502","Product","Product Dissatisfied","Vanilla Dream Serum Body Lotion SPF 30 PA+++","","","DELHIVERY","02_Feb'25","2_Feb Week 1","Email"
"2/3/2025","4585453","Product","Reacted - Skin Irritation/Rashes","NA","","","Xpressbees","02_Feb'25","2_Feb Week 1","Email"
"2/3/2025","4683760","Product","Product Dissatisfied","NA","","","Xpressbees","02_Feb'25","2_Feb Week 1","Email"
"2/3/2025","4674508","Product","Product Dissatisfied","NA","","","DELHIVERY","02_Feb'25","2_Feb Week 1","Email"
"2/3/2025","4643147","Product","Product Dissatisfied","NA","","","Xpressbees","02_Feb'25","2_Feb Week 1","Email"
"2/3/2025","4669075","Product","Change in Smell/Texture/Colour/Consistency","Choco Body Lotion - Pack of 2","","B3236","DELHIVERY","02_Feb'25","2_Feb Week 1","Email"
"2/3/2025","4677286","Product","Fragrance","NA","","","DELHIVERY","02_Feb'25","2_Feb Week 1","Email"
"2/4/2025","4685778","Product","Change in Smell","Coffee Shampoo (250 ml)","","","DELHIVERY","02_Feb'25","2_Feb Week 1","Email"
"2/4/2025","4685778","Product","Change in Smell","Coffee Hair Conditioner (250 ml)","","","DELHIVERY","02_Feb'25","2_Feb Week 1","Email"
"2/4/2025","4692925","Product","Product Dissatisfied","Lip Juice Tinted Lip Balm - Watermelon POP","","","Xpressbees","02_Feb'25","2_Feb Week 1","Email"
"2/4/2025","4605312","Product","Texture Issue","Cappuccino Coffee Face Mask (100 gm)","","B6369","DELHIVERY","02_Feb'25","2_Feb Week 1","Email"
"2/4/2025","4605312","Product","Texture Issue","Choco Lip Balm (12gm)","","B012","DELHIVERY","02_Feb'25","2_Feb Week 1","Email"
"2/5/2025","4680502","Product","Reacted - Skin Irritation/Rashes","Vanilla Dream Deep Moisturizing Body Butter","","","DELHIVERY","02_Feb'25","2_Feb Week 1","Email"
"2/5/2025","N/A","Product","Product not Effective","Hydra Rush Body Serum Spray - Crushed Berries","","","","02_Feb'25","2_Feb Week 1","Email"
"2/5/2025","4628882","Product","Product Dissatisfied","NA","","","DELHIVERY","02_Feb'25","2_Feb Week 1","Email"
"2/5/2025","4678199","Product","Product Dissatisfied","Choco Body Lotion - Pack of 2","","B3234","DELHIVERY","02_Feb'25","2_Feb Week 1","Email"
"2/5/2025","N/A","Product","Fragrance","NA","","","","02_Feb'25","2_Feb Week 1","Email"
"2/5/2025","N/A","Product","Fragrance","FEIN - Magnetic","","","","02_Feb'25","2_Feb Week 1","Email"
"2/5/2025","N/A","Product","Fragrance","FEIN - 007","","","","02_Feb'25","2_Feb Week 1","Email"
"2/5/2025","N/A","Product","Fragrance","NA","","","","02_Feb'25","2_Feb Week 1","Email"
"2/5/2025","4672762","Product","Reacted - Skin Irritation/Rashes","Green Tea Night Gel","","","DELHIVERY","02_Feb'25","2_Feb Week 1","Email"
"2/6/2025","4694900","Product","Change in Smell","Naked & Rich Choco Body Butter","","","DELHIVERY","02_Feb'25","2_Feb Week 1","Email"
"2/7/2025","4688190","Product","Change in Smell/Texture/Colour/Consistency","Naked & Rich Choco Body Butter","","","DELHIVERY","02_Feb'25","2_Feb Week 1","Email"
"2/7/2025","4567661","Product","Reacted - Skin Irritation/Rashes","Choco Body Lotion - Pack of 2","","B3252","DELHIVERY","02_Feb'25","2_Feb Week 1","Email"
"2/7/2025","N/A","Product","Product not Effective","Summer Breeze Perfume Body Lotion","","","","02_Feb'25","2_Feb Week 1","Email"
"2/7/2025","4701252","Product","Reacted - Skin Irritation/Rashes","Coffee Under Eye Cream","","B4192","Xpressbees","02_Feb'25","2_Feb Week 1","Email"
"2/7/2025","4674255","Product","Reversed after effects","Glow Sun Drops SPF 50 PA++++","","","DELHIVERY","02_Feb'25","2_Feb Week 1","Email"
"2/7/2025","4590520","Product","Reacted - Skin Irritation/Rashes","Coffee Hydrogel Under Eye Patches","","","DELHIVERY","02_Feb'25","2_Feb Week 1","Email"
"2/7/2025","4660887","Product","Reacted - Acne/Pimples","Coffee Face Scrub with Walnut - 100 g","","MCFS72","DELHIVERY","02_Feb'25","2_Feb Week 1","Email"
"2/8/2025","4638437","Product","Change in Smell/Texture/Colour/Consistency","Coffee Face Wash","","MCFW492","DELHIVERY","02_Feb'25","2_Feb Week 2","Email"
"2/10/2025","4524969","Product","Change in Smell/Texture/Colour/Consistency","Coffee Body Scrub","","","DELHIVERY","02_Feb'25","2_Feb Week 2","Email"
"2/10/2025","4684415","Product","Fragrance","FIEN - Cherry Wine","","","Xpressbees","02_Feb'25","2_Feb Week 2","Email"
"2/10/2025","4684415","Product","Fragrance","FEIN - Magnetic","","","Xpressbees","02_Feb'25","2_Feb Week 2","Email"
"2/10/2025","4697532","Product","Fragrance","FEIN - 007","","","DELHIVERY","02_Feb'25","2_Feb Week 2","Email"
"2/10/2025","4697532","Product","Fragrance","FEIN - Fierce","","MCaf350","DELHIVERY","02_Feb'25","2_Feb Week 2","Email"
"2/10/2025","N/A","Product","Reacted - Skin Irritation/Rashes","NA","","","","02_Feb'25","2_Feb Week 2","Email"
"2/11/2025","3063082","Product","Change in Smell/Texture/Colour/Consistency","Espresso Coffee Body Wash","","B3242","DELHIVERY","02_Feb'25","2_Feb Week 2","Email"
"2/11/2025","4545807","Product","Reacted - Acne/Pimples","Glow Boost 5% Niacinamide & Green Tea Oil Free Moisturizer","","","Xpressbees","02_Feb'25","2_Feb Week 2","Email"
"2/11/2025","4545807","Product","Reacted - Acne/Pimples","Toner Serum- Vitamin C 1.5% & Green Tea (150 ml)","","","Xpressbees","02_Feb'25","2_Feb Week 2","Email"
"2/12/2025","4701312","Product","Product Dissatisfied","NA","","","DELHIVERY","02_Feb'25","2_Feb Week 2","Email"
"2/12/2025","4711287","Product","Change in Smell/Texture/Colour/Consistency","NA","","NA","Xpressbees","02_Feb'25","2_Feb Week 2","Email"
"2/12/2025","N/A","Product","Fragrance","FEIN - Magnetic","","","","02_Feb'25","2_Feb Week 2","Email"
"2/12/2025","4629526","Product","Product Dissatisfied","NA","","","DELHIVERY","02_Feb'25","2_Feb Week 2","Email"
"2/12/2025","4639504","Product","Product Dissatisfied","NA","","","Xpressbees","02_Feb'25","2_Feb Week 2","Email"
"2/12/2025","4629150","Product","Fragrance","NA","","","DELHIVERY","02_Feb'25","2_Feb Week 2","Email"
"2/13/2025","4716438","Product","Fragrance","NA","","","DELHIVERY","02_Feb'25","2_Feb Week 2","Email"
"2/13/2025","4629742","Product","Change in Smell","Super Glow Flash Facial 25% AHA+BHA+PHA Face Mask - 50gm","","","Xpressbees","02_Feb'25","2_Feb Week 2","Email"
"2/13/2025","4616853","Product","Fragrance","Summer Breeze Perfume Body Lotion","","","DELHIVERY","02_Feb'25","2_Feb Week 2","Email"
"2/13/2025","4616853","Product","Texture Issue","Summer Breeze Shower Oil-To-Foam Body Cleanser - 200 ml","","","DELHIVERY","02_Feb'25","2_Feb Week 2","Email"
"2/13/2025","4633261","Product","Product not Effective","Rush Perfume Gift Set for Women","","","DELHIVERY","02_Feb'25","2_Feb Week 2","Email"
"2/13/2025","4625543","Product","Product Dissatisfied","Coffee Face Wash","","","DELHIVERY","02_Feb'25","2_Feb Week 2","Email"
"2/13/2025","4635342","Product","Texture Issue","NA","","","DELHIVERY","02_Feb'25","2_Feb Week 2","Email"
"2/13/2025","4616360","Product","Fragrance","NA","","","DELHIVERY","02_Feb'25","2_Feb Week 2","Email"
"2/13/2025","4616321","Product","Change in Smell/Texture/Colour/Consistency","Coffee Body Scrub","","","DELHIVERY","02_Feb'25","2_Feb Week 2","Email"
"2/13/2025","4621909","Product","Texture Issue","Pomogrante Body Scrub (Tube)","","","DELHIVERY","02_Feb'25","2_Feb Week 2","Email"
"2/13/2025","4610834","Product","Fragrance","FEIN - Men Written by women","","","DELHIVERY","02_Feb'25","2_Feb Week 2","Email"
"2/13/2025","4611047","Product","Product Dissatisfied","NA","","","DELHIVERY","02_Feb'25","2_Feb Week 2","Email"
"2/13/2025","4676503","Product","Product not Effective","NA","","","DELHIVERY","02_Feb'25","2_Feb Week 2","Email"
"2/13/2025","4587874","Product","Product Dissatisfied","NA","","","Xpressbees","02_Feb'25","2_Feb Week 2","Email"
"2/13/2025","N/A","Product","Reacted - Skin Irritation/Rashes","NA","","","","02_Feb'25","2_Feb Week 2","Email"
"2/13/2025","4606660","Product","Reacted - Skin Irritation/Rashes","NA","","","DELHIVERY","02_Feb'25","2_Feb Week 2","Email"
"2/13/2025","4593169","Product","Fragrance","Rush Perfume Gift Set for Women","","","DELHIVERY","02_Feb'25","2_Feb Week 2","Email"
"2/13/2025","4598100","Product","Fragrance","FEIN - Fierce","","MCaf350","DELHIVERY","02_Feb'25","2_Feb Week 2","Email"
"2/14/2025","4723236","Product","Change in Smell/Texture/Colour/Consistency","Choco Body Lotion - Pack of 2","","","Xpressbees","02_Feb'25","2_Feb Week 2","Email"
"2/14/2025","4599203","Product","Change in Smell/Texture/Colour/Consistency","NA","","","Xpressbees","02_Feb'25","2_Feb Week 2","Email"
"2/14/2025","4603461","Product","Product Dissatisfied","mCaffeine Sun Fix Hydra Dew Ultralight Sun Fluid SPF 50 PA++++","","","DELHIVERY","02_Feb'25","2_Feb Week 2","Email"
"2/14/2025","4721933","Product","Change in Smell","Blueberry Swirl Serum Body Lotion","","NA","DELHIVERY","02_Feb'25","2_Feb Week 2","Email"
"2/14/2025","4716833","Product","Reacted - Skin Irritation/Rashes","Super Glow Flash Facial 25% AHA+BHA+PHA Face Mask - 50gm","","","DELHIVERY","02_Feb'25","2_Feb Week 2","Email"
"2/14/2025","4642746","Product","Product Dissatisfied","NA","","","DELHIVERY","02_Feb'25","2_Feb Week 2","Email"
"2/14/2025","4602307","Product","Fragrance","Summer Breeze Perfume Body Lotion","","","DELHIVERY","02_Feb'25","2_Feb Week 2","Email"
"2/14/2025","N/A","Product","Product Suggestion","NA","","","","02_Feb'25","2_Feb Week 2","Email"
"2/14/2025","N/A","Product","Product Suggestion","NA","","","","02_Feb'25","2_Feb Week 2","Email"
"2/14/2025","4718650","Product","Fragrance","FEIN - 007","","","DELHIVERY","02_Feb'25","2_Feb Week 2","Email"
"2/15/2025","Tira","Product","Change in Smell/Texture/Colour/Consistency","Coffee Sugar Body Scrub with Coconut (250 g)","","","","02_Feb'25","2_Feb Week 3","Email"
"2/15/2025","4702017","Product","Reacted - Skin Irritation/Rashes","Green Tea & 15% Vitamin C Face Serum","","","DELHIVERY","02_Feb'25","2_Feb Week 3","Email"
"2/15/2025","4733945","Product","Product Dissatisfied","CLEAR GLOW 1% Kojic Acid Alpha Arbutin - Daily Brightening Sunscreen","","","DELHIVERY","02_Feb'25","2_Feb Week 3","Email"
"2/16/2025","4731102","Product","Fragrance","FEIN - Magnetic","","","DELHIVERY","02_Feb'25","2_Feb Week 3","Email"
"2/16/2025","4714294","Product","Reacted - Skin Irritation/Rashes","Sun Bath SPF 80 + PA++++ Body Sunscreen Spray","","","DELHIVERY","02_Feb'25","2_Feb Week 3","Email"
"2/16/2025","4714618","Product","Reacted - Skin Irritation/Rashes","NA","","","Xpressbees","02_Feb'25","2_Feb Week 3","Email"
"2/16/2025","4527482","Product","Product Dissatisfied","NA","","","DELHIVERY","02_Feb'25","2_Feb Week 3","Email"
"2/17/2025","4747440","Product","Reacted - Skin Irritation/Rashes","FEIN - Vanilla Muse","","B241391","DELHIVERY","02_Feb'25","2_Feb Week 3","Email"
"2/17/2025","4747440","Product","Fragrance","FEIN - Slow Kiss","","B241497","DELHIVERY","02_Feb'25","2_Feb Week 3","Email"
"2/17/2025","N/A","Product","Quantity is less/ Price High","NA","","","","02_Feb'25","2_Feb Week 3","Email"
"2/17/2025","N/A","Product","Product Dissatisfied","Blueberry Swirl Serum Body Lotion","","NA","","02_Feb'25","2_Feb Week 3","Email"
"2/17/2025","N/A","Product","Reacted - Acne/Pimples","Coffee Face Wash","","","","02_Feb'25","2_Feb Week 3","Email"
"2/17/2025","4589741","Product","Fragrance","CLEAR GLOW 1% Kojic Acid Alpha Arbutin - Daily Brightening Sunscreen","","","Xpressbees","02_Feb'25","2_Feb Week 3","Email"
"2/17/2025","N/A","Product","Product Dissatisfied","Ceramide Intense Barrier Repair Cream","","","","02_Feb'25","2_Feb Week 3","Email"
"2/18/2025","4504995","Product","Fragrance","NA","","","Xpressbees","02_Feb'25","2_Feb Week 3","Email"
"2/18/2025","4705101","Product","Reacted - Skin Irritation/Rashes","Green Tea & 15% Vitamin C Face Serum","","","DELHIVERY","02_Feb'25","2_Feb Week 3","Email"
"2/19/2025","4593038","Product","Change in Smell/Texture/Colour/Consistency","Coffee Face Wash","","","DELHIVERY","02_Feb'25","2_Feb Week 3","Email"
"2/19/2025","N/A","Product","Reacted - Skin Irritation/Rashes","NA","","","","02_Feb'25","2_Feb Week 3","Email"
"2/19/2025","4726760","Product","Fragrance","FEIN - Men Written by women","","","Xpressbees","02_Feb'25","2_Feb Week 3","Email"
"2/19/2025","4726760","Product","Fragrance","Rush Perfume Gift Set for Women","","","Xpressbees","02_Feb'25","2_Feb Week 3","Email"
"2/19/2025","N/A","Product","Change in Smell/Texture/Colour/Consistency","Choco Body Lotion - Pack of 2","","B3356","","02_Feb'25","2_Feb Week 3","Email"
"2/19/2025","4744841","Product","Change in Smell/Texture/Colour/Consistency","Brightening Raspberry Rush Serum Body Lotion SPF 50 PA+++","","NAK5005R","DELHIVERY","02_Feb'25","2_Feb Week 3","Email"
"2/19/2025","4739937","Product","Change in Smell/Texture/Colour/Consistency","Coffee Body Polishing Oil","","","DELHIVERY","02_Feb'25","2_Feb Week 3","Email"
"2/19/2025","4739937","Product","Change in Smell/Texture/Colour/Consistency","Coffee Body Lotion - Pack of 2","","","DELHIVERY","02_Feb'25","2_Feb Week 3","Email"
"2/19/2025","4730840","Product","Reacted - Skin Irritation/Rashes","Latte Coffee face wash (Milky brew)","","","DELHIVERY","02_Feb'25","2_Feb Week 3","Email"
"2/20/2025","4761392","Product","Fragrance","Summer Breeze Perfume Body Lotion","","","Xpressbees","02_Feb'25","2_Feb Week 3","Email"
"2/20/2025","4580818","Product","Fragrance","Sweet Escape Perfume Body Lotion","","","DELHIVERY","02_Feb'25","2_Feb Week 3","Email"
"2/20/2025","4755757","Product","Fragrance","Blueberry Blast Body Wash (300 ml)","","","DELHIVERY","02_Feb'25","2_Feb Week 3","Email"
"2/21/2025","4753630","Product","Reacted - Skin Irritation/Rashes","Brightening Raspberry Rush Serum Body Lotion SPF 50 PA+++","","","DELHIVERY","02_Feb'25","2_Feb Week 3","Email"
"2/21/2025","4734484","Product","Texture Issue","Blueberry Swirl Serum Body Lotion","","NA","DELHIVERY","02_Feb'25","2_Feb Week 3","Email"
"2/21/2025","N/A","Product","Reversed after effects","NA","","","","02_Feb'25","2_Feb Week 3","Email"
"2/21/2025","4400803","Product","Reversed after effects","Advanced Hair Fall control CAFEXIL Shampoo","","NA","DELHIVERY","02_Feb'25","2_Feb Week 3","Email"
"2/21/2025","N/A","Product","Product not Effective","FEIN - Slow Kiss","","","","02_Feb'25","2_Feb Week 3","Email"
"2/21/2025","4760044","Product","Fragrance","Blueberry Blast Body Wash (300 ml)","","","DELHIVERY","02_Feb'25","2_Feb Week 3","Email"
"2/22/2025","4689360","Product","Change in Smell/Texture/Colour/Consistency","Body Exfoliator with AHA- 10% & Green tea (110 ml)","","MGBA-026","Xpressbees","02_Feb'25","2_Feb Week 4","Email"
"2/22/2025","4742903","Product","Change in Smell/Texture/Colour/Consistency","Vanilla Dream Serum Body Lotion SPF 30 PA+++","","","Xpressbees","02_Feb'25","2_Feb Week 4","Email"
"2/23/2025","4755779","Product","Fragrance","NA","","","Xpressbees","02_Feb'25","2_Feb Week 4","Email"
"2/24/2025","4767229","Product","Fragrance","FEIN - 007","","","DELHIVERY","02_Feb'25","2_Feb Week 4","Email"
"2/25/2025","N/A","Product","Product Suggestion","NA","","","","02_Feb'25","2_Feb Week 4","Email"
"2/25/2025","N/A","Product","Product Suggestion","NA","","","","02_Feb'25","2_Feb Week 4","Email"
"2/25/2025","N/A","Product","Reversed after effects","NA","","","","02_Feb'25","2_Feb Week 4","Email"
"2/25/2025","4769304","Product","Change in Smell/Texture/Colour/Consistency","Green Tea + Vitamin C Serum 3ml","","","Xpressbees","02_Feb'25","2_Feb Week 4","Email"
"2/25/2025","3465559","Product","Change in Smell/Texture/Colour/Consistency","Coffee Body Butter with Berries (100 g)","","MCBB17","Xpressbees","02_Feb'25","2_Feb Week 4","Email"
"2/25/2025","N/A","Product","Change in Smell/Texture/Colour/Consistency","Coffee Body Lotion - Pack of 2","","","","02_Feb'25","2_Feb Week 4","Email"
"2/26/2025","N/A","Product","Texture Issue","Coffee Body Scrub","","","","02_Feb'25","2_Feb Week 4","Email"
"2/26/2025","N/A","Product","Fragrance","Coffee Body Wash with Berries","","","","02_Feb'25","2_Feb Week 4","Email"
"2/26/2025","4666555","Product","Texture Issue","TUBING MASCARA Waterproof","","","DELHIVERY","02_Feb'25","2_Feb Week 4","Email"
"2/27/2025","N/A","Product","Fragrance","FEIN - Vanilla Muse","","","","02_Feb'25","2_Feb Week 4","Email"
"2/27/2025","4758892","Product","Reacted - Skin Irritation/Rashes","Daily Glow Green Tea Sunscreen SPF 50 PA++++ (50 ml)","","","Xpressbees","02_Feb'25","2_Feb Week 4","Email"
"2/27/2025","N/A","Product","Change in Smell/Texture/Colour/Consistency","Coffee Body Wash with Almonds","","","","02_Feb'25","2_Feb Week 4","Email"
"2/27/2025","N/A","Product","Product Dissatisfied","FEIN - Magnetic","","","","02_Feb'25","2_Feb Week 4","Email"
"2/28/2025","4792661","Product","Texture Issue","mcaffeine Shades Velvet Blur Matte Liquid Lipstick - Muted Rose 02","","","Xpressbees","02_Feb'25","2_Feb Week 4","Email"
"2/28/2025","N/A","Product","Change in Smell","Coffee Body Wash with Berries","","MCBB-144","","02_Feb'25","2_Feb Week 4","Email"
"3/1/2025","4797217","Product","Product Dissatisfied","Green Tea Face Scrub","","NA","DELHIVERY","03_Mar'25","3_Mar Week 1","Email"
"3/1/2025","4736257","Product","Product Dissatisfied","Body Sculpt Shimmer Bronzer","","NA","DELHIVERY","03_Mar'25","3_Mar Week 1","Email"
"3/1/2025","4791376","Product","Fragrance","FEIN - Vanilla Muse","","B241452","Xpressbees","03_Mar'25","3_Mar Week 1","Email"
"3/1/2025","4791376","Product","Fragrance","FIEN - Cherry Wine","","B241450","Xpressbees","03_Mar'25","3_Mar Week 1","Email"
"3/1/2025","4733008","Product","Quantity is less/ Price High","FEIN - Men Written by women","","NA","DELHIVERY","03_Mar'25","3_Mar Week 1","Email"
"3/1/2025","4737015","Product","Product Dissatisfied","Espresso Coffee Body Wash","","NA","Xpressbees","03_Mar'25","3_Mar Week 1","Email"
"3/1/2025","4758497","Product","Reacted - Skin Irritation/Rashes","Coffee Hydrogel Under Eye Patches","","UE240218","Xpressbees","03_Mar'25","3_Mar Week 1","Email"
"3/1/2025","4758497","Product","Reacted - Skin Irritation/Rashes","Brightening Raspberry Body Wash | Vitamin C Rich","","MBRB-006","Xpressbees","03_Mar'25","3_Mar Week 1","Email"
"3/1/2025","4758497","Product","Reacted - Skin Irritation/Rashes","Green Tea & 15% Vitamin C Face Serum","","MGMN-015","Xpressbees","03_Mar'25","3_Mar Week 1","Email"
"3/1/2025","4758497","Product","Reacted - Skin Irritation/Rashes","mCaffeine Sun Fix Hydra Dew Ultralight Sun Fluid SPF 50 PA++++","","HD02","Xpressbees","03_Mar'25","3_Mar Week 1","Email"
"3/1/2025","4758497","Product","Reacted - Skin Irritation/Rashes","Green Tea Oil-Free Moisturizer","","NA","Xpressbees","03_Mar'25","3_Mar Week 1","Email"
"3/1/2025","4783552","Product","Texture Issue","Espresso Coffee Body Wash","","NA","Xpressbees","03_Mar'25","3_Mar Week 1","Email"
"3/2/2025","N/A","Product","Product Dissatisfied","Sweet Escape Shower Oil-To-Foam Body Cleanser - 200 ml","","NA","","03_Mar'25","3_Mar Week 1","Email"
"3/2/2025","4794563","Product","Product Dissatisfied","Naked and Raw Coffee Face Wash 15ML","","NA","Ekart","03_Mar'25","3_Mar Week 1","Email"
"3/2/2025","4794563","Product","Product Dissatisfied","Kombucha Hydra Repair Face Moisturizer with Hyaluronic Acid & Ceramides","","NA","Ekart","03_Mar'25","3_Mar Week 1","Email"
"3/2/2025","4794563","Product","Product Dissatisfied","Super Glow Flash Facial 25% AHA+BHA+PHA Face Mask - 50gm","","NA","Ekart","03_Mar'25","3_Mar Week 1","Email"
"3/2/2025","4794563","Product","Product Dissatisfied","Berries Brightening Coffee Face Scrub","","NA","Ekart","03_Mar'25","3_Mar Week 1","Email"
"3/2/2025","N/A","Product","Reacted - Skin Irritation/Rashes","NA","","NA","","03_Mar'25","3_Mar Week 1","Email"
"3/2/2025","N/A","Product","Product Dissatisfied","Slow Kiss Perfume for Men - Aromatic Fresh - 100ml","","NA","","03_Mar'25","3_Mar Week 1","Email"
"3/2/2025","N/A","Product","Quantity is less/ Price High","FIEN - Cherry Wine","","NA","","03_Mar'25","3_Mar Week 1","Email"
"3/2/2025","4783260","Product","Reacted - Skin Irritation/Rashes","Black Tea Complex™ & Retinol 0.3% Face Serum (20 ml)","","NA","DELHIVERY","03_Mar'25","3_Mar Week 1","Email"
"3/2/2025","4733584","Product","Change in Smell/Texture/Colour/Consistency","FEIN - Vanilla Muse","","NA","DELHIVERY","03_Mar'25","3_Mar Week 1","Email"
"3/2/2025","4739384","Product","Product Dissatisfied","Latte Coffee Face Moisturizer","","NA","Xpressbees","03_Mar'25","3_Mar Week 1","Email"
"3/3/2025","4741511","Product","Product Dissatisfied","Sun Bath SPF 80 + PA++++ Body Sunscreen Spray","","NA","DELHIVERY","03_Mar'25","3_Mar Week 1","Email"
"3/3/2025","4782070","Product","Fragrance","Sweet Escape Perfume Body Lotion","","NA","DELHIVERY","03_Mar'25","3_Mar Week 1","Email"
"3/3/2025","4747659","Product","Product Dissatisfied","Rush Perfume Gift Set for Women","","NA","Xpressbees","03_Mar'25","3_Mar Week 1","Email"
"3/3/2025","4802738","Product","Reacted - Skin Irritation/Rashes","NA","","NA","Xpressbees","03_Mar'25","3_Mar Week 1","Email"
"3/3/2025","4743319","Product","Product Dissatisfied","mCaffeine  Advanced Hair Fall Control Caffexil® Shampoo","","NA","DELHIVERY","03_Mar'25","3_Mar Week 1","Email"
"3/3/2025","4738345","Product","Product Dissatisfied","Coffee Hydrogel Under Eye Patches","","NA","DELHIVERY","03_Mar'25","3_Mar Week 1","Email"
"3/3/2025","4744581","Product","Fragrance","FEIN - Men Written by women","","NA","DELHIVERY","03_Mar'25","3_Mar Week 1","Email"
"3/3/2025","N/A","Product","Product Dissatisfied","Green Tea & 15% Vitamin C Face Serum","","NA","","03_Mar'25","3_Mar Week 1","Email"
"3/3/2025","4758497","Product","Reacted - Skin Irritation/Rashes","Green Tea Oil-Free Moisturizer","","NA","Xpressbees","03_Mar'25","3_Mar Week 1","Email"
"3/3/2025","4758497","Product","Reacted - Skin Irritation/Rashes","mCaffeine Sun Fix Hydra Dew Ultralight Sun Fluid SPF 50 PA++++","","NA","Xpressbees","03_Mar'25","3_Mar Week 1","Email"
"3/3/2025","4758497","Product","Reacted - Skin Irritation/Rashes","Green Tea & 15% Vitamin C Face Serum","","NA","Xpressbees","03_Mar'25","3_Mar Week 1","Email"
"3/3/2025","4758497","Product","Reacted - Skin Irritation/Rashes","Coffee Hydrogel Under Eye Patches","","NA","Xpressbees","03_Mar'25","3_Mar Week 1","Email"
"3/3/2025","4758497","Product","Reacted - Skin Irritation/Rashes","Brightening Raspberry Body Wash | Vitamin C Rich","","NA","Xpressbees","03_Mar'25","3_Mar Week 1","Email"
"3/3/2025","N/A","Product","Product Dissatisfied","Kombucha Eye Patches (15 pairs)","","NA","","03_Mar'25","3_Mar Week 1","Email"
"3/3/2025","N/A","Product","Product Dissatisfied","Naked and Raw Coffee Body Scrub 15g","","NA","","03_Mar'25","3_Mar Week 1","Email"
"3/3/2025","N/A","Product","Product Dissatisfied","Brightening Raspberry Body Wash | Vitamin C Rich","","NA","","03_Mar'25","3_Mar Week 1","Email"
"3/4/2025","N/A","Product","Product not Effective","Skin Bounce Moisturizing Cream","","NA","","03_Mar'25","3_Mar Week 1","Email"
"3/4/2025","4753229","Product","Product Dissatisfied","Coffee Body Wash with Berries","","NA","DELHIVERY","03_Mar'25","3_Mar Week 1","Email"
"3/4/2025","4742390","Product","Product Dissatisfied","FEIN - 007","","NA","DELHIVERY","03_Mar'25","3_Mar Week 1","Email"
"3/4/2025","4748945","Product","Product Dissatisfied","FEIN - Magnetic","","NA","DELHIVERY","03_Mar'25","3_Mar Week 1","Email"
"3/4/2025","4705555","Product","Reacted - Skin Irritation/Rashes","Black Tea Complex™ Night Cream (50 ml)","","MACO18","Xpressbees","03_Mar'25","3_Mar Week 1","Email"
"3/4/2025","4750168","Product","Product Dissatisfied","FEIN - 007","","NA","DELHIVERY","03_Mar'25","3_Mar Week 1","Email"
"3/5/2025","4804901","Product","Fragrance","Vanilla Dream Serum Body Lotion SPF 30 PA+++","","NA","DELHIVERY","03_Mar'25","3_Mar Week 1","Email"
"3/5/2025","4817954","Product","Fragrance","Rush Perfume Gift Set for Women","","NA","Xpressbees","03_Mar'25","3_Mar Week 1","Email"
"3/5/2025","4818137","Product","Fragrance","Unisex Perfume Gift Kit","","NA","Xpressbees","03_Mar'25","3_Mar Week 1","Email"
"3/5/2025","N/A","Product","Fragrance","FEIN - Vanilla Muse","","NA","","03_Mar'25","3_Mar Week 1","Email"
"3/5/2025","4805405","Product","Product Dissatisfied","Coffee Hydrogel Under Eye Patches","","UE250005","DELHIVERY","03_Mar'25","3_Mar Week 1","Email"
"3/6/2025","N/A","Product","Texture Issue","Coffee Body Scrub","","NA","","03_Mar'25","3_Mar Week 1","Email"
"3/6/2025","4791376","Product","Fragrance","FIEN - Cherry Wine","","NA","Xpressbees","03_Mar'25","3_Mar Week 1","Email"
"3/6/2025","4791376","Product","Fragrance","FEIN - Vanilla Muse","","NA","Xpressbees","03_Mar'25","3_Mar Week 1","Email"
"3/6/2025","N/A","Product","Change in Smell/Texture/Colour/Consistency","Blueberry Breeze Body Scrub (175g)","","B034","","03_Mar'25","3_Mar Week 1","Email"
"3/7/2025","4849792","Product","Change in Smell/Texture/Colour/Consistency","Coffee Body Polishing Oil","","MCBO-176","DELHIVERY","03_Mar'25","3_Mar Week 1","Email"
"3/7/2025","4822177","Product","Reacted - Skin Irritation/Rashes","Sun Bath SPF 80 + PA++++ Body Sunscreen Spray","","SUB25002","DELHIVERY","03_Mar'25","3_Mar Week 1","Email"
"3/7/2025","4827516","Product","Fragrance","Summer Breeze Perfume Body Lotion","","MSBL-019","DELHIVERY","03_Mar'25","3_Mar Week 1","Email"
"3/8/2025","N/A","Product","Product Dissatisfied","Sweet Escape Perfume Body Lotion","","MSEL-011","","03_Mar'25","3_Mar Week 2","Email"
"3/8/2025","N/A","Product","Product Dissatisfied","Summer Breeze Perfume Body Lotion","","MSBL-017","","03_Mar'25","3_Mar Week 2","Email"
"3/8/2025","4790134","Product","Texture Issue","Body Exfoliator with AHA- 10% & Green tea (110 ml)","","NA","DELHIVERY","03_Mar'25","3_Mar Week 2","Email"
"3/8/2025","4862010","Product","Fragrance","Brightening Raspberry Rush Serum Body Lotion SPF 50 PA+++","","NAK5021R","DELHIVERY","03_Mar'25","3_Mar Week 2","Email"
"3/9/2025","4733935","Product","Product Dissatisfied","Coffee Sugar Body Scrub with Pomegranate","","NA","DELHIVERY","03_Mar'25","3_Mar Week 2","Email"
"3/9/2025","4797618","Product","Reacted - Skin Irritation/Rashes","Green Tea & 15% Vitamin C Face Serum","","NA","Xpressbees","03_Mar'25","3_Mar Week 2","Email"
"3/9/2025","N/A","Product","Fragrance","Summer Breeze Perfume Body Lotion","","MSBL-020","","03_Mar'25","3_Mar Week 2","Email"
"3/10/2025","N/A","Product","Reacted - Skin Irritation/Rashes","Super Glow Flash Facial 25% AHA+BHA+PHA Face Mask - 50gm","","NAK5019F","","03_Mar'25","3_Mar Week 2","Email"
"3/10/2025","N/A","Product","Reacted - Skin Irritation/Rashes","mCaffeine Shades HD Hydra Gloss Lip Oil - pH - Tint Shift 01","","B002C","","03_Mar'25","3_Mar Week 2","Email"
"3/10/2025","4753229","Product","Change in Smell/Texture/Colour/Consistency","Green Tea + Vitamin C Serum 3ml","","NA","DELHIVERY","03_Mar'25","3_Mar Week 2","Email"
"3/10/2025","N/A","Product","Change in Smell/Texture/Colour/Consistency","Black Tea Complex™ Night Cream (50 ml)","","NA","","03_Mar'25","3_Mar Week 2","Email"
"3/10/2025","4856932","Product","Change in Smell","Naked & Rich Choco Body Butter","","CBB-006","Xpressbees","03_Mar'25","3_Mar Week 2","Email"
"3/11/2025","4865677","Product","Fragrance","Summer Breeze Perfume Body Lotion","","NA","DELHIVERY","03_Mar'25","3_Mar Week 2","Email"
"3/11/2025","4820253","Product","Texture Issue","Choco Body Lotion - Pack of 2","","NA","Xpressbees","03_Mar'25","3_Mar Week 2","Email"
"3/11/2025","4758497","Product","Reacted - Skin Irritation/Rashes","Coffee Hydrogel Under Eye Patches","","NA","Xpressbees","03_Mar'25","3_Mar Week 2","Email"
"3/11/2025","4758497","Product","Reacted - Skin Irritation/Rashes","Green Tea Oil-Free Moisturizer","","NA","Xpressbees","03_Mar'25","3_Mar Week 2","Email"
"3/11/2025","4758497","Product","Reacted - Skin Irritation/Rashes","mCaffeine Sun Fix Hydra Dew Ultralight Sun Fluid SPF 50 PA++++","","NA","Xpressbees","03_Mar'25","3_Mar Week 2","Email"
"3/11/2025","4758497","Product","Reacted - Skin Irritation/Rashes","Green Tea & 15% Vitamin C Face Serum","","NA","Xpressbees","03_Mar'25","3_Mar Week 2","Email"
"3/11/2025","4758497","Product","Reacted - Skin Irritation/Rashes","Brightening Raspberry Body Wash | Vitamin C Rich","","NA","Xpressbees","03_Mar'25","3_Mar Week 2","Email"
"3/11/2025","4822177","Product","Reacted - Skin Irritation/Rashes","Sun Bath SPF 80 + PA++++ Body Sunscreen Spray","","SUB25002","DELHIVERY","03_Mar'25","3_Mar Week 2","Email"
"3/12/2025","4878133","Product","Fragrance","FEIN - Magnetic","","NA","Xpressbees","03_Mar'25","3_Mar Week 2","Email"
"3/12/2025","4858618","Product","Fragrance","Summer Breeze Perfume Body Lotion","","MSBL-020","Xpressbees","03_Mar'25","3_Mar Week 2","Email"
"3/12/2025","N/A","Product","Reacted - Skin Irritation/Rashes","Sun Bath SPF 80 + PA++++ Body Sunscreen Spray","","NA","","03_Mar'25","3_Mar Week 2","Email"
"3/12/2025","4870743","Product","Product Dissatisfied","Glow Sun Drops SPF 50 PA++++","","NA","Xpressbees","03_Mar'25","3_Mar Week 2","Email"
"3/12/2025","4870743","Product","Product Dissatisfied","Shimmer Body Butter (150 g)","","NA","Xpressbees","03_Mar'25","3_Mar Week 2","Email"
"3/12/2025","N/A","Product","Product Suggestion","NA","","NA","","03_Mar'25","3_Mar Week 2","Email"
"3/13/2025","4877547","Product","Fragrance","FEIN - Magnetic","","NA","DELHIVERY","03_Mar'25","3_Mar Week 2","Email"
"3/13/2025","4877547","Product","Fragrance","Slow Kiss Perfume for Men - Aromatic Fresh - 100ml","","NA","DELHIVERY","03_Mar'25","3_Mar Week 2","Email"
"3/13/2025","N/A","Product","Fragrance","Sweet Escape Perfume Body Lotion","","NA","","03_Mar'25","3_Mar Week 2","Email"
"3/14/2025","4856287","Product","Change in Smell/Texture/Colour/Consistency","Black Tea Complex™ Night Cream (50 ml)","","MAC019","Xpressbees","03_Mar'25","3_Mar Week 2","Email"
"3/15/2025","4832583","Product","Fragrance","FEIN - Vanilla Muse","","NA","DELHIVERY","03_Mar'25","3_Mar Week 3","Email"
"3/15/2025","4832583","Product","Fragrance","FIEN - Cherry Wine","","NA","DELHIVERY","03_Mar'25","3_Mar Week 3","Email"
"3/15/2025","4832583","Product","Reacted - Skin Irritation/Rashes","FEIN - Vanilla Muse","","NA","DELHIVERY","03_Mar'25","3_Mar Week 3","Email"
"3/15/2025","4832583","Product","Reacted - Skin Irritation/Rashes","FIEN - Cherry Wine","","NA","DELHIVERY","03_Mar'25","3_Mar Week 3","Email"
"3/15/2025","N/A","Product","Fragrance","NA","","NA","","03_Mar'25","3_Mar Week 3","Email"
"3/15/2025","4869352","Product","Fragrance","Summer Breeze Perfume Body Lotion","","NA","Xpressbees","03_Mar'25","3_Mar Week 3","Email"
"3/15/2025","4705594","Product","Change in Smell/Texture/Colour/Consistency","Espresso Coffee Body Wash","","NA","DELHIVERY","03_Mar'25","3_Mar Week 3","Email"
"3/15/2025","4869531","Product","Change in Smell/Texture/Colour/Consistency","Kombucha Hydra Repair Serum","","MK SR 003","Xpressbees","03_Mar'25","3_Mar Week 3","Email"
"3/15/2025","4882185","Product","Product Dissatisfied","Sun Bath SPF 80 + PA++++ Body Sunscreen Spray","","NA","Xpressbees","03_Mar'25","3_Mar Week 3","Email"
"3/16/2025","4803855","Product","Product Dissatisfied","Coffee Body Scrub","","NA","DELHIVERY","03_Mar'25","3_Mar Week 3","Email"
"3/16/2025","4789586","Product","Fragrance","FEIN - Vanilla Muse","","NA","DELHIVERY","03_Mar'25","3_Mar Week 3","Email"
"3/16/2025","N/A","Product","Product Dissatisfied","Summer Breeze Perfume Body Lotion","","NA","","03_Mar'25","3_Mar Week 3","Email"
"3/16/2025","4802895","Product","Product Dissatisfied","Espresso Coffee Body Wash","","NA","Xpressbees","03_Mar'25","3_Mar Week 3","Email"
"3/16/2025","4771578","Product","Product Dissatisfied","Summer Breeze Perfume Body Lotion","","NA","DELHIVERY","03_Mar'25","3_Mar Week 3","Email"
"3/16/2025","4810854","Product","Not Long Lasting","FIEN - Cherry Wine","","NA","DELHIVERY","03_Mar'25","3_Mar Week 3","Email"
"3/16/2025","4785423","Product","Product Dissatisfied","Unisex Perfume Gift Kit","","NA","Xpressbees","03_Mar'25","3_Mar Week 3","Email"
"3/16/2025","4890070","Product","Reacted - Skin Irritation/Rashes","Coffee Body Scrub","","MCBS-785","DELHIVERY","03_Mar'25","3_Mar Week 3","Email"
"3/17/2025","4812675","Product","Product Dissatisfied","FIEN - Cherry Wine","","NA","Xpressbees","03_Mar'25","3_Mar Week 3","Email"
"3/17/2025","4800690","Product","Product Dissatisfied","FEIN - Magnetic","","NA","DELHIVERY","03_Mar'25","3_Mar Week 3","Email"
"3/17/2025","4769796","Product","Product Dissatisfied","Coffee Hydrogel Under Eye Patches","","NA","Xpressbees","03_Mar'25","3_Mar Week 3","Email"
"3/17/2025","N/A","Product","Fragrance","FEIN - Magnetic","","NA","","03_Mar'25","3_Mar Week 3","Email"
"3/17/2025","N/A","Product","Fragrance","Brightening Raspberry Body Wash | Vitamin C Rich","","NA","","03_Mar'25","3_Mar Week 3","Email"
"3/17/2025","N/A","Product","Product Dissatisfied","FEIN - 007","","NA","","03_Mar'25","3_Mar Week 3","Email"
"3/17/2025","4816388","Product","Product Dissatisfied","Super Glow Flash Facial 25% AHA+BHA+PHA Face Mask - 50gm","","NA","DELHIVERY","03_Mar'25","3_Mar Week 3","Email"
"3/17/2025","4917212","Product","Product Dissatisfied","FEIN - Vanilla Muse","","B241452","Pidge","03_Mar'25","3_Mar Week 3","Email"
"3/17/2025","4792559","Product","Product not Effective","Super Glow Flash Facial 25% AHA+BHA+PHA Face Mask - 50gm","","NA","DELHIVERY","03_Mar'25","3_Mar Week 3","Email"
"3/17/2025","4701396","Product","Product not Effective","Sun Glaze Mist SPF 50 PA++++ Sunscreen Spray","","NA","DELHIVERY","03_Mar'25","3_Mar Week 3","Email"
"3/17/2025","N/A","Product","Change in Smell/Texture/Colour/Consistency","Sun Bath SPF 80 + PA++++ Body Sunscreen Spray","","NA","","03_Mar'25","3_Mar Week 3","Email"
"3/17/2025","N/A","Product","Fragrance","Summer Breeze Perfume Body Lotion","","NA","","03_Mar'25","3_Mar Week 3","Email"
"3/17/2025","4819818","Product","Product Dissatisfied","Sweet Escape Perfume Body Lotion","","NA","DELHIVERY","03_Mar'25","3_Mar Week 3","Email"
"3/17/2025","4834279","Product","Reacted - Skin Irritation/Rashes","2% SALICYLIC ACID Zinc PCA & MATCHA TEA CLEAR SKIN ACNE PADS","","NA","DELHIVERY","03_Mar'25","3_Mar Week 3","Email"
"3/18/2025","4902723","Product","Fragrance","Summer Breeze Perfume Body Lotion","","MSBL-024","Xpressbees","03_Mar'25","3_Mar Week 3","Email"
"3/18/2025","N/A","Product","Product Dissatisfied","Glow Sun Drops SPF 50 PA++++","","NA","","03_Mar'25","3_Mar Week 3","Email"
"3/18/2025","4835456","Product","Product Dissatisfied","Sun Glaze Mist SPF 50 PA++++ Sunscreen Spray","","NA","Xpressbees","03_Mar'25","3_Mar Week 3","Email"
"3/18/2025","N/A","Product","Product Dissatisfied","Summer Breeze Perfume Body Lotion","","NA","","03_Mar'25","3_Mar Week 3","Email"
"3/18/2025","4782695","Product","Product Dissatisfied","Summer Breeze Perfume Body Lotion","","NA","DELHIVERY","03_Mar'25","3_Mar Week 3","Email"
"3/18/2025","4828812","Product","Reacted - Acne/Pimples","Sun Bath SPF 80 + PA++++ Body Sunscreen Spray","","NA","DELHIVERY","03_Mar'25","3_Mar Week 3","Email"
"3/18/2025","N/A","Product","Fragrance","NA","","NA","","03_Mar'25","3_Mar Week 3","Email"
"3/18/2025","4919340","Product","Fragrance","FIEN - Cherry Wine","","B241450","DELHIVERY","03_Mar'25","3_Mar Week 3","Email"
"3/18/2025","4919340","Product","Fragrance","FEIN - Vanilla Muse","","B241452","DELHIVERY","03_Mar'25","3_Mar Week 3","Email"
"3/19/2025","4912582","Product","Fragrance","Summer Breeze Perfume Body Lotion","","NA","Xpressbees","03_Mar'25","3_Mar Week 3","Email"
"3/19/2025","4810882","Product","Product Dissatisfied","Daily Glow Green Tea Sunscreen SPF 50 PA++++ (50 ml)","","NA","DELHIVERY","03_Mar'25","3_Mar Week 3","Email"
"3/19/2025","4810882","Product","Reacted - Skin Irritation/Rashes","Daily Glow Green Tea Sunscreen SPF 50 PA++++ (50 ml)","","NA","DELHIVERY","03_Mar'25","3_Mar Week 3","Email"
"3/19/2025","4834486","Product","Product Dissatisfied","Summer Breeze Perfume Body Lotion","","NA","Xpressbees","03_Mar'25","3_Mar Week 3","Email"
"3/19/2025","4834628","Product","Product Dissatisfied","mcaffeine Shades Lip & Cheek Glow Tint - Raspberry 03","","NA","DELHIVERY","03_Mar'25","3_Mar Week 3","Email"
"3/19/2025","4880846","Product","Texture Issue","Coffee Body Butter with Berries (100 g)","","NA","DELHIVERY","03_Mar'25","3_Mar Week 3","Email"
"3/19/2025","N/A","Product","Product Dissatisfied","Sweet Escape Perfume Body Lotion","","NA","","03_Mar'25","3_Mar Week 3","Email"
"3/19/2025","4817086","Product","Product Dissatisfied","FEIN - 007","","NA","Xpressbees","03_Mar'25","3_Mar Week 3","Email"
"3/19/2025","4916451","Product","Change in Smell/Texture/Colour/Consistency","Body Exfoliator with AHA- 10% & Green tea (110 ml)","","BGBA - 026","DELHIVERY","03_Mar'25","3_Mar Week 3","Email"
"3/19/2025","4801331","Product","Product Dissatisfied","Brightening Raspberry Rush Serum Body Lotion SPF 50 PA+++","","NA","Xpressbees","03_Mar'25","3_Mar Week 3","Email"
"3/19/2025","4837619","Product","Fragrance","FEIN - 007","","NA","Xpressbees","03_Mar'25","3_Mar Week 3","Email"
"3/19/2025","N/A","Product","Product Dissatisfied","FIEN - Cherry Wine","","NA","","03_Mar'25","3_Mar Week 3","Email"
"3/19/2025","4803081","Product","Product Dissatisfied","Sun Glaze Mist SPF 50 PA++++ Sunscreen Spray","","NA","Xpressbees","03_Mar'25","3_Mar Week 3","Email"
"3/19/2025","4803606","Product","Product Dissatisfied","Brightening Raspberry Rush Serum Body Lotion SPF 50 PA+++","","NA","Xpressbees","03_Mar'25","3_Mar Week 3","Email"
"3/19/2025","4839285","Product","Product Dissatisfied","FEIN - 007","","NA","DELHIVERY","03_Mar'25","3_Mar Week 3","Email"
"3/19/2025","N/A","Product","Product Dissatisfied","NA","","NA","","03_Mar'25","3_Mar Week 3","Email"
"3/19/2025","4910124","Product","Reacted - Skin Irritation/Rashes","NA","","NA","Xpressbees","03_Mar'25","3_Mar Week 3","Email"
"3/20/2025","4325142","Product","Product not Effective","Coffee Under Eye Cream","","B4064","Xpressbees","03_Mar'25","3_Mar Week 3","Email"
"3/20/2025","4880519","Product","Fragrance","Brightening Raspberry Body Wash | Vitamin C Rich","","NA","Xpressbees","03_Mar'25","3_Mar Week 3","Email"
"3/20/2025","4880519","Product","Fragrance","Brightening Raspberry Rush Body Scrub","","NA","Xpressbees","03_Mar'25","3_Mar Week 3","Email"
"3/20/2025","4880519","Product","Fragrance","Brightening Raspberry Rush Serum Body Lotion SPF 50 PA+++","","NA","Xpressbees","03_Mar'25","3_Mar Week 3","Email"
"3/20/2025","4884389","Product","Reacted - Skin Irritation/Rashes","NA","","NA","Xpressbees","03_Mar'25","3_Mar Week 3","Email"
"3/20/2025","4807699","Product","Quantity is less/ Price High","Coconut Cream Body Wash (300 ml)","","NA","Xpressbees","03_Mar'25","3_Mar Week 3","Email"
"3/20/2025","4845231","Product","Product Dissatisfied","Brightening & Color Corrector Tinted Eye Cream - Orange - 15ml","","NA","Xpressbees","03_Mar'25","3_Mar Week 3","Email"
"3/20/2025","N/A","Product","Product not Effective","Vanilla Dream Serum Body Lotion SPF 30 PA+++","","NA","","03_Mar'25","3_Mar Week 3","Email"
"3/20/2025","4836408","Product","Product Dissatisfied","Summer Breeze Perfume Body Lotion","","NA","DELHIVERY","03_Mar'25","3_Mar Week 3","Email"
"3/20/2025","4901398","Product","Fragrance","Sweet Escape Perfume Body Lotion","","NA","Xpressbees","03_Mar'25","3_Mar Week 3","Email"
"3/20/2025","N/A","Product","Product Dissatisfied","Cocoa Kiss Creamy Matte Lipstick-Choco Melt","","NA","","03_Mar'25","3_Mar Week 3","Email"
"3/20/2025","N/A","Product","Product Suggestion","NA","","NA","","03_Mar'25","3_Mar Week 3","Email"
"3/20/2025","3001460","Product","Formation of Fungus","Naked and Raw Coffee Body Scrub 15g","","MCBS-684","Xpressbees","03_Mar'25","3_Mar Week 3","Email"
"3/21/2025","4815197","Product","Fragrance","Sweet Escape Perfume Body Lotion","","NA","Xpressbees","03_Mar'25","3_Mar Week 3","Email"
"3/21/2025","4924953","Product","Product Dissatisfied","Daily Glow Green Tea Sunscreen SPF 50 PA++++ (50 ml)","","NAK5009G","DELHIVERY","03_Mar'25","3_Mar Week 3","Email"
"3/21/2025","4857341","Product","Change in Smell/Texture/Colour/Consistency","Coffee Hydrogel Under Eye Patches","","NA","DELHIVERY","03_Mar'25","3_Mar Week 3","Email"
"3/21/2025","4857767","Product","Change in Smell/Texture/Colour/Consistency","mCaffeine Cosmic Craze Holographic Eyeliner Disco Dreams","","NA","Xpressbees","03_Mar'25","3_Mar Week 3","Email"
"3/21/2025","4862711","Product","Product Dissatisfied","FEIN - Men Written by women","","NA","DELHIVERY","03_Mar'25","3_Mar Week 3","Email"
"3/21/2025","4846387","Product","Fragrance","Unisex Perfume Gift Kit","","NA","SHIPROCKET_PEP","03_Mar'25","3_Mar Week 3","Email"
"3/21/2025","4930796","Product","Product Dissatisfied","NA","","NA","Xpressbees","03_Mar'25","3_Mar Week 3","Email"
"3/21/2025","4844658","Product","Reacted - Skin Irritation/Rashes","Daily Glow Green Tea Sunscreen SPF 50 PA++++ (50 ml)","","NAK40436","DELHIVERY","03_Mar'25","3_Mar Week 3","Email"
"3/21/2025","N/A","Product","Change in Smell","Brightening Raspberry Rush Serum Body Lotion SPF 50 PA+++","","NA","","03_Mar'25","3_Mar Week 3","Email"
"3/21/2025","N/A","Product","Fragrance","FEIN - Vanilla Muse","","NA","","03_Mar'25","3_Mar Week 3","Email"
"3/21/2025","4909815","Product","Fragrance","FEIN - Magnetic","","NA","Xpressbees","03_Mar'25","3_Mar Week 3","Email"
"3/21/2025","4825922","Product","Product Dissatisfied","mCaffeine Advanced Hair Fall Control Caffexil® Conditioner","","NA","DELHIVERY","03_Mar'25","3_Mar Week 3","Email"
"3/21/2025","N/A","Product","Product Dissatisfied","Exfoliating Bath Glove","","NA","","03_Mar'25","3_Mar Week 3","Email"
"3/21/2025","N/A","Product","Texture Issue","Sun Bath SPF 80 + PA++++ Body Sunscreen Spray","","NA","","03_Mar'25","3_Mar Week 3","Email"
"3/22/2025","4778223","Product","Reacted - Skin Irritation/Rashes","Brightening Raspberry Rush Serum Body Lotion SPF 50 PA+++","","NA","Xpressbees","03_Mar'25","3_Mar Week 4","Email"
"3/22/2025","4881649","Product","Product Dissatisfied","FEIN - Men Written by women","","NA","Xpressbees","03_Mar'25","3_Mar Week 4","Email"
"3/22/2025","4925514","Product","Fragrance","Sun Bath SPF 80 + PA++++ Body Sunscreen Spray","","SUB25004","DELHIVERY","03_Mar'25","3_Mar Week 4","Email"
"3/22/2025","4857596","Product","Product Dissatisfied","Daily Glow Green Tea Sunscreen SPF 50 PA++++ (50 ml)","","NA","Xpressbees","03_Mar'25","3_Mar Week 4","Email"
"3/22/2025","4865956","Product","Product Dissatisfied","FEIN - Fierce","","MCaf350","DELHIVERY","03_Mar'25","3_Mar Week 4","Email"
"3/22/2025","N/A","Product","Texture Issue","Kombucha Tea Under Eye Cream SPF 30+ PA++++.","","MKU-C002","","03_Mar'25","3_Mar Week 4","Email"
"3/22/2025","4915627","Product","Reacted - Skin Irritation/Rashes","Sun Bath SPF 80 + PA++++ Body Sunscreen Spray","","SUB25004","Xpressbees","03_Mar'25","3_Mar Week 4","Email"
"3/22/2025","4927273","Product","Reacted - Skin Irritation/Rashes","Summer Breeze Perfume Body Lotion","","NA","Xpressbees","03_Mar'25","3_Mar Week 4","Email"
"3/22/2025","4927273","Product","Reacted - Skin Irritation/Rashes","Sweet Escape Perfume Body Lotion","","NA","Xpressbees","03_Mar'25","3_Mar Week 4","Email"
"3/22/2025","4859924","Product","Product Dissatisfied","FEIN - 007","","NA","Xpressbees","03_Mar'25","3_Mar Week 4","Email"
"3/22/2025","4829039","Product","Fragrance","Sweet Escape Perfume Body Lotion","","MISEL 022","DELHIVERY","03_Mar'25","3_Mar Week 4","Email"
"3/23/2025","4810330","Product","Product Dissatisfied","Sweet Escape Perfume Body Lotion","","NA","Xpressbees","03_Mar'25","3_Mar Week 4","Email"
"3/23/2025","4937348","Product","Texture Issue","Choco Body Lotion - Pack of 2","","B4003","Xpressbees","03_Mar'25","3_Mar Week 4","Email"
"3/23/2025","4944189","Product","Texture Issue","Velvet Blur Matte Liquid Lipstick - Espresso Dream","","MC0102","Xpressbees","03_Mar'25","3_Mar Week 4","Email"
"3/24/2025","4912647","Product","Change in Smell/Texture/Colour/Consistency","Gua Sha - Green Quartz","","NA","Xpressbees","03_Mar'25","3_Mar Week 4","Email"
"3/24/2025","4939632","Product","Reacted - Skin Irritation/Rashes","Choco Body Lotion - Pack of 2","","NA","Xpressbees","03_Mar'25","3_Mar Week 4","Email"
"3/24/2025","4939632","Product","Reacted - Skin Irritation/Rashes","Coffee Body Scrub","","NA","Xpressbees","03_Mar'25","3_Mar Week 4","Email"
"3/24/2025","4939632","Product","Reacted - Skin Irritation/Rashes","Blueberry Blast Body Wash (300 ml)","","NA","Xpressbees","03_Mar'25","3_Mar Week 4","Email"
"3/25/2025","4905585","Product","Reacted - Skin Irritation/Rashes","NA","","NA","Xpressbees","03_Mar'25","3_Mar Week 4","Email"
"3/25/2025","4910492","Product","Reacted - Skin Irritation/Rashes","Pumpkin Spice Latte Body Wash","","NA","Xpressbees","03_Mar'25","3_Mar Week 4","Email"
"3/26/2025","4845414","Product","Product not Effective","Sweet Escape Perfume Body Lotion","","NA","Xpressbees","03_Mar'25","3_Mar Week 4","Email"
"3/26/2025","4877301","Product","Product not Effective","Brightening Raspberry Body Wash | Vitamin C Rich","","NA","Xpressbees","03_Mar'25","3_Mar Week 4","Email"
"3/26/2025","N/A","Product","Reacted - Skin Irritation/Rashes","NA","","NA","","03_Mar'25","3_Mar Week 4","Email"
"3/26/2025","4824786","Product","Change in Smell/Texture/Colour/Consistency","Espresso Coffee Body Wash","","B4174","SHIPROCKET_PEP","03_Mar'25","3_Mar Week 4","Email"
"3/26/2025","4942467","Product","Fragrance","Summer Breeze Perfume Body Lotion","","NA","Xpressbees","03_Mar'25","3_Mar Week 4","Email"
"3/26/2025","4952536","Product","Fragrance","Summer Breeze Perfume Body Lotion","","MSBL-025","Xpressbees","03_Mar'25","3_Mar Week 4","Email"
"3/26/2025","4952536","Product","Fragrance","Berries Brightening Coffee Face Scrub","","B025","Xpressbees","03_Mar'25","3_Mar Week 4","Email"
"3/26/2025","4952536","Product","Fragrance","Sun Bath SPF 80 + PA++++ Body Sunscreen Spray","","SUB25004","Xpressbees","03_Mar'25","3_Mar Week 4","Email"
"3/26/2025","4952635","Product","Reacted - Skin Irritation/Rashes","5% AHA Coffee Underarm Roll On (50ml)","","BCU01","Xpressbees","03_Mar'25","3_Mar Week 4","Email"
"3/26/2025","4952635","Product","Reacted - Skin Irritation/Rashes","Coffee Face Wash","","NA","Xpressbees","03_Mar'25","3_Mar Week 4","Email"
"3/26/2025","4943484","Product","Fragrance","Rush Perfume Gift Set for Women","","NA","Xpressbees","03_Mar'25","3_Mar Week 4","Email"
"3/26/2025","4943484","Product","Fragrance","FEIN - Men Written by women","","NA","Xpressbees","03_Mar'25","3_Mar Week 4","Email"
"3/27/2025","4610346","Product","Fragrance","Blueberry Swirl Serum Body Lotion","","NA","","03_Mar'25","3_Mar Week 4","Email"
"3/27/2025","4884802","Product","Product Dissatisfied","Coffee Body Wash with Berries","","NA","DELHIVERY","03_Mar'25","3_Mar Week 4","Email"
"3/27/2025","4944028","Product","Change in Smell","Eyes On You Serum Concealer - Biscoff Shake","","NA","Xpressbees","03_Mar'25","3_Mar Week 4","Email"
"3/27/2025","4944028","Product","Change in Smell","10% AHA & Green Tea Body Scrub","","NA","Xpressbees","03_Mar'25","3_Mar Week 4","Email"
"3/27/2025","4932371","Product","Product Dissatisfied","Sun Glaze Mist SPF 50 PA++++ Sunscreen Spray","","NA","Xpressbees","03_Mar'25","3_Mar Week 4","Email"
"3/27/2025","N/A","Product","Change in Smell/Texture/Colour/Consistency","NA","","NA","","03_Mar'25","3_Mar Week 4","Email"
"3/27/2025","N/A","Product","Product Dissatisfied","Summer Breeze Perfume Body Lotion","","NA","","03_Mar'25","3_Mar Week 4","Email"
"3/27/2025","N/A","Product","Product not Effective","NA","","NA","","03_Mar'25","3_Mar Week 4","Email"
"3/27/2025","4881693","Product","Product Dissatisfied","NA","","NA","Xpressbees","03_Mar'25","3_Mar Week 4","Email"
"3/28/2025","4795041","Product","Reacted - Skin Irritation/Rashes","Hydra Rush Body Serum Spray - Crushed Berries","","M8CB-002","Xpressbees","03_Mar'25","3_Mar Week 4","Email"
"3/28/2025","4883338","Product","Fragrance","Summer Breeze Perfume Body Lotion","","NA","Xpressbees","03_Mar'25","3_Mar Week 4","Email"
"3/28/2025","4920570","Product","Fragrance","Brightening Raspberry Rush Serum Body Lotion SPF 50 PA+++","","NA","Xpressbees","03_Mar'25","3_Mar Week 4","Email"
"3/28/2025","4887344","Product","Product Dissatisfied","Super Glow Flash Facial 25% AHA+BHA+PHA Face Mask - 50gm","","NA","Xpressbees","03_Mar'25","3_Mar Week 4","Email"
"3/28/2025","N/A","Product","Product Dissatisfied","NA","","B4168","","03_Mar'25","3_Mar Week 4","Email"
"3/28/2025","N/A","Product","Reacted - Skin Irritation/Rashes","NA","","NA","","03_Mar'25","3_Mar Week 4","Email"
"3/28/2025","N/A","Product","Fragrance","Sweet Escape Perfume Body Lotion","","NA","","03_Mar'25","3_Mar Week 4","Email"
"3/29/2025","4939561","Product","Reacted - Skin Irritation/Rashes","Sun Bath SPF 80 + PA++++ Body Sunscreen Spray","","SUB25003","DELHIVERY","03_Mar'25","3_Mar Week 5","Email"
"3/29/2025","4939561","Product","Reacted - Skin Irritation/Rashes","Sun Glaze Mist SPF 50 PA++++ Sunscreen Spray","","PTC2501","DELHIVERY","03_Mar'25","3_Mar Week 5","Email"
"3/29/2025","4882267","Product","Product Dissatisfied","Super Glow Flash Facial 25% AHA+BHA+PHA Face Mask - 50gm","","NA","DELHIVERY","03_Mar'25","3_Mar Week 5","Email"
"3/29/2025","4886046","Product","Fragrance","Brightening Raspberry Rush Serum Body Lotion SPF 50 PA+++","","NA","Xpressbees","03_Mar'25","3_Mar Week 5","Email"
"3/29/2025","N/A","Product","Reacted - Skin Irritation/Rashes","Coffee Hydrogel Under Eye Patches","","NA","","03_Mar'25","3_Mar Week 5","Email"
"3/29/2025","N/A","Product","Product Dissatisfied","Sweet Escape Perfume Body Lotion","","NA","","03_Mar'25","3_Mar Week 5","Email"
"3/29/2025","N/A","Product","Product Dissatisfied","Slow Kiss Perfume for Men - Aromatic Fresh - 100ml","","NA","","03_Mar'25","3_Mar Week 5","Email"
"3/29/2025","N/A","Product","Product Dissatisfied","Brightening Raspberry Rush Serum Body Lotion SPF 50 PA+++","","NA","","03_Mar'25","3_Mar Week 5","Email"
"3/29/2025","N/A","Product","Fragrance","Summer Breeze Perfume Body Lotion","","NA","","03_Mar'25","3_Mar Week 5","Email"
"3/29/2025","N/A","Product","Reacted - Skin Irritation/Rashes","NA","","NA","","03_Mar'25","3_Mar Week 5","Email"
"3/30/2025","4950127","Product","Reacted - Skin Irritation/Rashes","NA","","NA","Xpressbees","03_Mar'25","3_Mar Week 5","Email"
"3/30/2025","4873245","Product","Fragrance","FEIN - 007","","NA","Xpressbees","03_Mar'25","3_Mar Week 5","Email"
"3/30/2025","4886339","Product","Reacted - Skin Irritation/Rashes","Brightening Raspberry Rush Serum Body Lotion SPF 50 PA+++","","NA","DELHIVERY","03_Mar'25","3_Mar Week 5","Email"
"3/30/2025","N/A","Product","Reacted - Skin Irritation/Rashes","Sweet Escape Perfume Body Lotion","","NA","","03_Mar'25","3_Mar Week 5","Email"
"3/30/2025","N/A","Product","Fragrance","Sweet Escape Perfume Body Lotion","","NA","","03_Mar'25","3_Mar Week 5","Email"
"3/30/2025","4829823","Product","Reacted - Skin Irritation/Rashes","Sweet Escape Perfume Body Lotion","","MSEL-015","Xpressbees","03_Mar'25","3_Mar Week 5","Email"
"3/30/2025","4829823","Product","Reacted - Skin Irritation/Rashes","Summer Breeze Perfume Body Lotion","","MSBL-021","Xpressbees","03_Mar'25","3_Mar Week 5","Email"
"3/31/2025","4948977","Product","Reacted - Skin Irritation/Rashes","Summer Breeze Perfume Body Lotion","","NA","Xpressbees","03_Mar'25","3_Mar Week 5","Email"
"3/31/2025","4975600","Product","Fragrance","Summer Breeze Perfume Body Lotion","","NA","Xpressbees","03_Mar'25","3_Mar Week 5","Email"
"3/31/2025","Amazon Order","Product","Reacted - Skin Irritation/Rashes","Brightening Raspberry Rush Serum Body Lotion SPF 50 PA+++","","NAK5004R","","03_Mar'25","3_Mar Week 5","Email"
"3/31/2025","5000799","Product","Reacted - Skin Irritation/Rashes","NA","","NA","Pidge","03_Mar'25","3_Mar Week 5","Email"
"3/31/2025","N/A","Product","Product Dissatisfied","NA","","NA","","03_Mar'25","3_Mar Week 5","Email"
"3/31/2025","4987092","Product","Product Dissatisfied","Slow Kiss Perfume for Men - Aromatic Fresh - 100ml","","NA","Xpressbees","03_Mar'25","3_Mar Week 5","Email"
"3/31/2025","4987092","Product","Product Dissatisfied","FEIN - Fierce","","MCaf350","Xpressbees","03_Mar'25","3_Mar Week 5","Email"
"3/31/2025","4987092","Product","Product Dissatisfied","FEIN - 007","","NA","Xpressbees","03_Mar'25","3_Mar Week 5","Email"
"3/31/2025","4987092","Product","Product Dissatisfied","FEIN - Magnetic","","NA","Xpressbees","03_Mar'25","3_Mar Week 5","Email"
"3/31/2025","4915774","Product","Fragrance","Coffee Face Wash","","NA","Xpressbees","03_Mar'25","3_Mar Week 5","Email"
"3/31/2025","4915774","Product","Reacted - Skin Irritation/Rashes","Glow Boost 5% Niacinamide & Green Tea Oil Free Moisturizer","","NA","Xpressbees","03_Mar'25","3_Mar Week 5","Email"
"4/1/2025","4825824","Product","Product Dissatisfied","Sun Glaze Mist SPF 50 PA++++ Sunscreen Spray","","NA","Xpressbees","04_Apr'25","4_Apr Week 1","Email"
"4/1/2025","4863316","Product","Product not Effective","Super Glow Flash Facial 25% AHA+BHA+PHA Face Mask - 50gm","","NA","Xpressbees","04_Apr'25","4_Apr Week 1","Email"
"4/1/2025","4904202","Product","Fragrance","Summer Breeze Perfume Body Lotion","","NA","Xpressbees","04_Apr'25","4_Apr Week 1","Email"
"4/1/2025","4914337","Product","Fragrance","Blueberry Blast Body Wash (300 ml)","","NA","Xpressbees","04_Apr'25","4_Apr Week 1","Email"
"4/1/2025","4914295","Product","Fragrance","Summer Breeze Perfume Body Lotion","","NA","Xpressbees","04_Apr'25","4_Apr Week 1","Email"
"4/1/2025","N/A","Product","Quantity is less/ Price High","Water Light Gel Oil-free Coffee Moisturizer","","NA","","04_Apr'25","4_Apr Week 1","Email"
"4/1/2025","4998507","Product","Change in Smell/Texture/Colour/Consistency","Coffee Face Wash","","MCFW-402","DELHIVERY","04_Apr'25","4_Apr Week 1","Email"
"4/1/2025","N/A","Product","Fragrance","FEIN - Magnetic","","NA","","04_Apr'25","4_Apr Week 1","Email"
"4/2/2025","3955996","Product","Reacted - Skin Irritation/Rashes","Espresso Coffee Face Mask (100 gm)","","EFMN - 005","Xpressbees","04_Apr'25","4_Apr Week 1","Email"
"4/2/2025","4993946","Product","Change in Smell","Vanilla Dream Serum Body Lotion SPF 30 PA+++","","NAK5007V","DELHIVERY","04_Apr'25","4_Apr Week 1","Email"
"4/2/2025","4954946","Product","Fragrance","Rush Perfume Gift Set for Women","","NA","SHIPROCKET_PEP","04_Apr'25","4_Apr Week 1","Email"
"4/2/2025","4973876","Product","Fragrance","Espresso Coffee Body Wash","","B5015","Xpressbees","04_Apr'25","4_Apr Week 1","Email"
"4/2/2025","N/A","Product","Fragrance","Summer Breeze Perfume Body Lotion","","NA","","04_Apr'25","4_Apr Week 1","Email"
"4/2/2025","4921896","Product","Fragrance","Sun Bath SPF 80 + PA++++ Body Sunscreen Spray","","NA","DELHIVERY","04_Apr'25","4_Apr Week 1","Email"
"4/2/2025","4923037","Product","Fragrance","FEIN - 007","","NA","Xpressbees","04_Apr'25","4_Apr Week 1","Email"
"4/2/2025","5002295","Product","Fragrance","FEIN - Men Written by women","","NA","DELHIVERY","04_Apr'25","4_Apr Week 1","Email"
"4/2/2025","5002295","Product","Fragrance","Rush Perfume Gift Set for Women","","NA","DELHIVERY","04_Apr'25","4_Apr Week 1","Email"
"4/3/2025","N/A","Product","Fragrance","Summer Breeze Perfume Body Lotion","","NA","","04_Apr'25","4_Apr Week 1","Email"
"4/3/2025","N/A","Product","Fragrance","Slow Kiss Perfume for Men - Aromatic Fresh - 100ml","","NA","","04_Apr'25","4_Apr Week 1","Email"
"4/3/2025","N/A","Product","Product Dissatisfied","Lip Juice Tinted Lip Balm - Caramel Toffee","","NA","","04_Apr'25","4_Apr Week 1","Email"
"4/3/2025","N/A","Product","Fragrance","Summer Breeze Perfume Body Lotion","","NA","","04_Apr'25","4_Apr Week 1","Email"
"4/3/2025","4989793","Product","Reacted - Skin Irritation/Rashes","Sun Bath SPF 80 + PA++++ Body Sunscreen Spray","","NA","DELHIVERY","04_Apr'25","4_Apr Week 1","Email"
"4/3/2025","4913979","Product","Product Dissatisfied","NA","","NA","Xpressbees","04_Apr'25","4_Apr Week 1","Email"
"4/3/2025","4945693","Product","Reacted - Skin Irritation/Rashes","Brightening Raspberry Rush Body Scrub","","NA","Xpressbees","04_Apr'25","4_Apr Week 1","Email"
"4/3/2025","4988317","Product","Reacted - Skin Irritation/Rashes","Super Glow Flash Facial 25% AHA+BHA+PHA Face Mask - 50gm","","NA","Shadowfax","04_Apr'25","4_Apr Week 1","Email"
"4/3/2025","4979976","Product","Fragrance","Brightening Raspberry Rush Serum Body Lotion SPF 50 PA+++","","NA","Xpressbees","04_Apr'25","4_Apr Week 1","Email"
"4/3/2025","5025187","Product","Product Dissatisfied","Body Sculpt Shimmer Bronzer","","NA","DELHIVERY","04_Apr'25","4_Apr Week 1","Email"
"4/3/2025","N/A","Product","Fragrance","Brightening Raspberry Rush Serum Body Lotion SPF 50 PA+++","","NA","","04_Apr'25","4_Apr Week 1","Email"
"4/4/2025","4959832","Product","Reacted - Skin Irritation/Rashes","Sun Bath SPF 80 + PA++++ Body Sunscreen Spray","","NA","Xpressbees","04_Apr'25","4_Apr Week 1","Email"
"4/4/2025","4929957","Product","Fragrance","Super Glow Flash Facial 25% AHA+BHA+PHA Face Mask - 50gm","","NA","DELHIVERY","04_Apr'25","4_Apr Week 1","Email"
"4/4/2025","4891465","Product","Product Dissatisfied","Coffee Hydrogel Under Eye Patches","","NA","Xpressbees","04_Apr'25","4_Apr Week 1","Email"
"4/4/2025","N/A","Product","Product not Effective","NA","","NA","","04_Apr'25","4_Apr Week 1","Email"
"4/4/2025","5001664","Product","Fragrance","NA","","NA","Xpressbees","04_Apr'25","4_Apr Week 1","Email"
"4/4/2025","N/A","Product","Fragrance","NA","","NA","","04_Apr'25","4_Apr Week 1","Email"
"4/4/2025","N/A","Product","Product Dissatisfied","Kombucha Sunscreen Stick (20g)","","NA","","04_Apr'25","4_Apr Week 1","Email"
"4/4/2025","4899780","Product","Product Dissatisfied","Super Glow Flash Facial 25% AHA+BHA+PHA Face Mask - 50gm","","NA","Xpressbees","04_Apr'25","4_Apr Week 1","Email"
"4/4/2025","N/A","Product","Reacted - Acne/Pimples","Super Glow Flash Facial 25% AHA+BHA+PHA Face Mask - 50gm","","NA","","04_Apr'25","4_Apr Week 1","Email"
"4/4/2025","N/A","Product","Product Dissatisfied","Summer Breeze Perfume Body Lotion","","NA","","04_Apr'25","4_Apr Week 1","Email"
"4/4/2025","Myntra","Product","Change in Smell/Texture/Colour/Consistency","Espresso Coffee Body Wash","","B4117","","04_Apr'25","4_Apr Week 1","Email"
"4/4/2025","N/A","Product","Product Dissatisfied","mcaffeine Shades Lip & Cheek Glow Tint - Raspberry 03","","NA","","04_Apr'25","4_Apr Week 1","Email"
"4/4/2025","4920417","Product","Change in Smell/Texture/Colour/Consistency","Green Tea & 5% Niacinamide Serum Body Lotion - 200ml","","B4179","Xpressbees","04_Apr'25","4_Apr Week 1","Email"
"4/4/2025","N/A","Product","Product Dissatisfied","Creamy Matte Kiss Bullet Lipstick - Sparkling Sangria","","NA","","04_Apr'25","4_Apr Week 1","Email"
"4/4/2025","5004066","Product","Change in Smell/Texture/Colour/Consistency","mcaffeine Shades Velvet Blur Matte Liquid Lipstick - Muted Rose 02","","NA","DELHIVERY","04_Apr'25","4_Apr Week 1","Email"
"4/4/2025","5004066","Product","Change in Smell/Texture/Colour/Consistency","Velvet Blur Matte Liquid Lipstick - Espresso Dream","","NA","DELHIVERY","04_Apr'25","4_Apr Week 1","Email"
"4/4/2025","N/A","Product","Product Dissatisfied","FEIN - Magnetic","","NA","","04_Apr'25","4_Apr Week 1","Email"
"4/4/2025","N/A","Product","Reacted - Skin Irritation/Rashes","NA","","NA","","04_Apr'25","4_Apr Week 1","Email"
"4/4/2025","N/A","Product","Product Dissatisfied","Espresso Coffee Body Wash","","NA","","04_Apr'25","4_Apr Week 1","Email"
"4/4/2025","N/A","Product","Product Dissatisfied","Super Glow Flash Facial 25% AHA+BHA+PHA Face Mask - 50gm","","NA","","04_Apr'25","4_Apr Week 1","Email"
"4/4/2025","N/A","Product","Reacted - Skin Irritation/Rashes","NA","","NA","","04_Apr'25","4_Apr Week 1","Email"
"4/5/2025","4984591","Product","Fragrance","NA","","NA","Xpressbees","04_Apr'25","4_Apr Week 1","Email"
"4/5/2025","N/A","Product","Product Dissatisfied","Blueberry Swirl Serum Body Lotion","","NA","","04_Apr'25","4_Apr Week 1","Email"
"4/5/2025","N/A","Product","Product Dissatisfied","Unisex Perfume Gift Kit","","NA","","04_Apr'25","4_Apr Week 1","Email"
"4/5/2025","N/A","Product","Product Dissatisfied","Pumpkin Spice Latte Body Wash","","NA","","04_Apr'25","4_Apr Week 1","Email"
"4/5/2025","N/A","Product","Product Dissatisfied","Sun Bath SPF 80 + PA++++ Body Sunscreen Spray","","NA","","04_Apr'25","4_Apr Week 1","Email"
"4/5/2025","N/A","Product","Product Dissatisfied","Blueberry Blast Body Wash (300 ml)","","NA","","04_Apr'25","4_Apr Week 1","Email"
"4/5/2025","N/A","Product","Product Dissatisfied","Latte Coffee Face Moisturizer","","na","","04_Apr'25","4_Apr Week 1","Email"
"4/5/2025","N/A","Product","Change in Smell","Sweet Escape Perfume Body Lotion","","NA","","04_Apr'25","4_Apr Week 1","Email"
"4/5/2025","N/A","Product","Change in Smell","Summer Breeze Perfume Body Lotion","","NA","","04_Apr'25","4_Apr Week 1","Email"
"4/5/2025","N/A","Product","Product Dissatisfied","Summer Breeze Perfume Body Lotion","","NA","","04_Apr'25","4_Apr Week 1","Email"
"4/5/2025","N/A","Product","Product Dissatisfied","Coffee Body Lotion (200 ml)","","NA","","04_Apr'25","4_Apr Week 1","Email"
"4/5/2025","N/A","Product","Product Dissatisfied","Green Tea & 15% Vitamin C Face Serum","","NA","","04_Apr'25","4_Apr Week 1","Email"
"4/5/2025","4940932","Product","Fragrance","FIEN - Cherry Wine","","NA","DELHIVERY","04_Apr'25","4_Apr Week 1","Email"
"4/5/2025","N/A","Product","Product Dissatisfied","Brightening Raspberry Rush Serum Body Lotion SPF 50 PA+++","","NA","","04_Apr'25","4_Apr Week 1","Email"
"4/5/2025","5014571","Product","Reacted - Skin Irritation/Rashes","NA","","NA","Shadowfax","04_Apr'25","4_Apr Week 1","Email"
"4/5/2025","N/A","Product","Fragrance","Summer Breeze Perfume Body Lotion","","NA","","04_Apr'25","4_Apr Week 1","Email"
"4/5/2025","N/A","Product","Product Dissatisfied","Espresso Coffee Body Wash","","NA","","04_Apr'25","4_Apr Week 1","Email"
"4/5/2025","N/A","Product","Product Dissatisfied","Coffee Body Scrub","","NA","","04_Apr'25","4_Apr Week 1","Email"
"4/5/2025","N/A","Product","Product Dissatisfied","mCaffeine Green Tea Face Serum with Multi-Peptides","","Na","","04_Apr'25","4_Apr Week 1","Email"
"4/5/2025","N/A","Product","Product Dissatisfied","NA","","Na","","04_Apr'25","4_Apr Week 1","Email"
"4/5/2025","N/A","Product","Formation of Fungus","Coffee Body Scrub with Almonds","","MCSA10","","04_Apr'25","4_Apr Week 1","Email"
"4/5/2025","N/A","Product","Product Dissatisfied","Latte Coffee Face Moisturizer","","NA","","04_Apr'25","4_Apr Week 1","Email"
"4/5/2025","5046407","Product","Product Dissatisfied","NA","","NA","DELHIVERY","04_Apr'25","4_Apr Week 1","Email"
"4/5/2025","N/A","Product","Fragrance","NA","","NA","","04_Apr'25","4_Apr Week 1","Email"
"4/5/2025","N/A","Product","Reacted - Skin Irritation/Rashes","NA","","NA","","04_Apr'25","4_Apr Week 1","Email"
"4/6/2025","5055363","Product","Reacted - Skin Irritation/Rashes","Super Glow Flash Facial 25% AHA+BHA+PHA Face Mask - 50gm","","NA","Shadowfax","04_Apr'25","4_Apr Week 1","Email"
"4/6/2025","N/A","Product","Fragrance","Summer Breeze Perfume Body Lotion","","NA","","04_Apr'25","4_Apr Week 1","Email"
"4/6/2025","4891618","Product","Product Dissatisfied","Summer Breeze Perfume Body Lotion","","NA","DELHIVERY","04_Apr'25","4_Apr Week 1","Email"
"4/6/2025","4906391","Product","Product not Effective","Super Glow Flash Facial 25% AHA+BHA+PHA Face Mask - 50gm","","NA","Xpressbees","04_Apr'25","4_Apr Week 1","Email"
"4/6/2025","4942323","Product","Fragrance","FEIN - 007","","NA","Xpressbees","04_Apr'25","4_Apr Week 1","Email"
"4/6/2025","N/A","Product","Product Dissatisfied","Summer Breeze Perfume Body Lotion","","NA","","04_Apr'25","4_Apr Week 1","Email"
"4/6/2025","5026617","Product","Product Dissatisfied","NA","","NA","Xpressbees","04_Apr'25","4_Apr Week 1","Email"
"4/7/2025","4987092","Product","Fragrance","NA","","NA","Xpressbees","04_Apr'25","4_Apr Week 1","Email"
"4/7/2025","4940893:","Product","Product Dissatisfied","FIEN - Cherry Wine","","B5036","","04_Apr'25","4_Apr Week 1","Email"
"4/7/2025","N/A","Product","Reacted - Skin Irritation/Rashes","Super Glow Flash Facial 25% AHA+BHA+PHA Face Mask - 50gm","","NA","","04_Apr'25","4_Apr Week 1","Email"
"4/7/2025","N/A","Product","Change in Smell","Sun Glaze Mist SPF 50 PA++++ Sunscreen Spray","","NA","","04_Apr'25","4_Apr Week 1","Email"
"4/7/2025","4948326","Product","Product Dissatisfied","mCaffeine Hydra Repair Kombucha Tea Sunscreen SPF 50 PA++++","","NA","Xpressbees","04_Apr'25","4_Apr Week 1","Email"
"4/7/2025","5051181","Product","Fragrance","Sweet Escape Perfume Body Lotion","","NA","Xpressbees","04_Apr'25","4_Apr Week 1","Email"
"4/7/2025","5044225","Product","Product Dissatisfied","NA","","NA","Xpressbees","04_Apr'25","4_Apr Week 1","Email"
"4/7/2025","N/A","Product","Product Dissatisfied","Super Glow Flash Facial 25% AHA+BHA+PHA Face Mask - 50gm","","NA","","04_Apr'25","4_Apr Week 1","Email"
"4/7/2025","N/A","Product","Product not Effective","NA","","NA","","04_Apr'25","4_Apr Week 1","Email"
"4/7/2025","5016778","Product","Product Dissatisfied","NA","","NA","Shadowfax","04_Apr'25","4_Apr Week 1","Email"
"4/7/2025","N/A","Product","Product not Effective","NA","","NA","","04_Apr'25","4_Apr Week 1","Email"
"4/8/2025","4946183","Product","Reacted - Skin Irritation/Rashes","Green Tea & 15% Vitamin C Face Serum","","NA","Xpressbees","04_Apr'25","4_Apr Week 2","Email"
"4/8/2025","4946446","Product","Fragrance","Rush Perfume Gift Set for Women","","NA","DELHIVERY","04_Apr'25","4_Apr Week 2","Email"
"4/8/2025","N/A","Product","Product Dissatisfied","Coffee Face Mask","","NA","","04_Apr'25","4_Apr Week 2","Email"
"4/8/2025","N/A","Product","Reacted - Skin Irritation/Rashes","Green Tea & 15% Vitamin C Face Serum","","NA","","04_Apr'25","4_Apr Week 2","Email"
"4/8/2025","5039596","Product","Fragrance","NA","","NA","Pidge","04_Apr'25","4_Apr Week 2","Email"
"4/8/2025","4948522","Product","Texture Issue","Sun Bath SPF 80 + PA++++ Body Sunscreen Spray","","NA","DELHIVERY","04_Apr'25","4_Apr Week 2","Email"
"4/8/2025","N/A","Product","Reacted - Skin Irritation/Rashes","Sun Bath SPF 80 + PA++++ Body Sunscreen Spray","","NA","","04_Apr'25","4_Apr Week 2","Email"
"4/8/2025","5031878","Product","Reacted - Skin Irritation/Rashes","Green Tea & 15% Vitamin C Face Serum","","NA","Xpressbees","04_Apr'25","4_Apr Week 2","Email"
"4/8/2025","N/A","Product","Change in Smell/Texture/Colour/Consistency","CLEAR GLOW De-Pigmentation Cream (50g)","","NA","","04_Apr'25","4_Apr Week 2","Email"
"4/8/2025","5057848","Product","Fragrance","Summer Breeze Perfume Body Lotion","","NA","Xpressbees","04_Apr'25","4_Apr Week 2","Email"
"4/8/2025","4907521","Product","Product Suggestion","Skin Bounce Moisturizing Cream","","NA","DELHIVERY","04_Apr'25","4_Apr Week 2","Email"
"4/8/2025","N/A","Product","Fragrance","NA","","NA","","04_Apr'25","4_Apr Week 2","Email"
"4/8/2025","4936093","Product","Product Suggestion","Coffee Under Eye Cream","","NA","Xpressbees","04_Apr'25","4_Apr Week 2","Email"
"4/8/2025","N/A","Product","Reacted - Acne/Pimples","Brightening Raspberry Rush Serum Body Lotion SPF 50 PA+++","","NA","","04_Apr'25","4_Apr Week 2","Email"
"4/8/2025","5025813","Product","Product Dissatisfied","NA","","NA","DELHIVERY","04_Apr'25","4_Apr Week 2","Email"
"4/9/2025","N/A","Product","Product Dissatisfied","Super Glow Flash Facial 25% AHA+BHA+PHA Face Mask - 50gm","","NA","","04_Apr'25","4_Apr Week 2","Email"
"4/9/2025","5069578","Product","Fragrance","Summer Breeze Perfume Body Lotion","","NA","Shadowfax","04_Apr'25","4_Apr Week 2","Email"
"4/9/2025","5069578","Product","Fragrance","Sweet Escape Perfume Body Lotion","","NA","Shadowfax","04_Apr'25","4_Apr Week 2","Email"
"4/9/2025","5061458","Product","Product Dissatisfied","NA","","NA","Xpressbees","04_Apr'25","4_Apr Week 2","Email"
"4/9/2025","4966077","Product","Fragrance","Super Glow Flash Facial 25% AHA+BHA+PHA Face Mask - 50gm","","NA","Shadowfax","04_Apr'25","4_Apr Week 2","Email"
"4/9/2025","N/A","Product","Reacted - Skin Irritation/Rashes","Advanced Hair Growth CAFEXIL Serum","","NA","","04_Apr'25","4_Apr Week 2","Email"
"4/9/2025","5016599","Product","Product not Effective","Super Glow Flash Facial 25% AHA+BHA+PHA Face Mask - 50gm","","NA","DELHIVERY","04_Apr'25","4_Apr Week 2","Email"
"4/10/2025","N/A","Product","Product Dissatisfied","Green Tea & 15% Vitamin C Face Serum","","NA","","04_Apr'25","4_Apr Week 2","Email"
"4/10/2025","N/A","Product","Fragrance","Summer Breeze Perfume Body Lotion","","NA","","04_Apr'25","4_Apr Week 2","Email"
"4/10/2025","5003244","Product","Product not Effective","Brightening Raspberry Body Wash | Vitamin C Rich","","NA","DELHIVERY","04_Apr'25","4_Apr Week 2","Email"
"4/10/2025","N/A","Product","Product Dissatisfied","Slow Kiss Perfume for Men - Aromatic Fresh - 100ml","","NA","","04_Apr'25","4_Apr Week 2","Email"
"4/10/2025","N/A","Product","Product Dissatisfied","FEIN - 007","","NA","","04_Apr'25","4_Apr Week 2","Email"
"4/10/2025","N/A","Product","Product Dissatisfied","Coffee Under Eye Cream","","NA","","04_Apr'25","4_Apr Week 2","Email"
"4/10/2025","4954794","Product","Fragrance","Rush Perfume Gift Set for Women","","NA","Xpressbees","04_Apr'25","4_Apr Week 2","Email"
"4/10/2025","N/A","Product","Product Dissatisfied","FEIN - Men Written by women","","NA","","04_Apr'25","4_Apr Week 2","Email"
"4/10/2025","N/A","Product","Product Dissatisfied","FEIN - Magnetic","","NA","","04_Apr'25","4_Apr Week 2","Email"
"4/10/2025","N/A","Product","Product Dissatisfied","Anti-Ageing Night Cream with Black Tea Complex - 50 ml","","NA","","04_Apr'25","4_Apr Week 2","Email"
"4/10/2025","N/A","Product","Product Dissatisfied","Choco Lip Balm (12gm)","","NA","","04_Apr'25","4_Apr Week 2","Email"
"4/10/2025","N/A","Product","Fragrance","CLEAR GLOW 1% Kojic Acid Alpha Arbutin - Daily Brightening Sunscreen","","NA","","04_Apr'25","4_Apr Week 2","Email"
"4/10/2025","N/A","Product","Fragrance","NA","","NA","","04_Apr'25","4_Apr Week 2","Email"
"4/10/2025","5083634","Product","Reacted - Skin Irritation/Rashes","NA","","NA","DELHIVERY","04_Apr'25","4_Apr Week 2","Email"
"4/11/2025","4880254","Product","Product Dissatisfied","Sun Glaze Mist SPF 50 PA++++ Sunscreen Spray","","PTC2501","Xpressbees","04_Apr'25","4_Apr Week 2","Email"
"4/11/2025","4943253","Product","Product Dissatisfied","FEIN - Magnetic","","NA","Xpressbees","04_Apr'25","4_Apr Week 2","Email"
"4/11/2025","N/A","Product","Product Dissatisfied","Coffee Under Eye Cream","","Na","","04_Apr'25","4_Apr Week 2","Email"
"4/11/2025","4960610","Product","Product Dissatisfied","Glow Boost Grapefruit Body Wash","","NA","DELHIVERY","04_Apr'25","4_Apr Week 2","Email"
"4/11/2025","N/A","Product","Product Dissatisfied","Coffee Hydrogel Under Eye Patches","","NA","","04_Apr'25","4_Apr Week 2","Email"
"4/11/2025","N/A","Product","Product not Effective","Super Glow Flash Facial 25% AHA+BHA+PHA Face Mask - 50gm","","NA","","04_Apr'25","4_Apr Week 2","Email"
"4/11/2025","4942255","Product","Product not Effective","FEIN - 007","","NA","DELHIVERY","04_Apr'25","4_Apr Week 2","Email"
"4/11/2025","N/A","Product","Reacted - Skin Irritation/Rashes","Super Glow Flash Facial 25% AHA+BHA+PHA Face Mask - 50gm","","NA","","04_Apr'25","4_Apr Week 2","Email"
"4/12/2025","4959660","Product","Fragrance","FEIN - Men Written by women","","NA","SHIPROCKET_PEP","04_Apr'25","4_Apr Week 2","Email"
"4/12/2025","4968053","Product","Fragrance","Summer Breeze Perfume Body Lotion","","NA","Xpressbees","04_Apr'25","4_Apr Week 2","Email"
"4/12/2025","4968843","Product","Fragrance","FIEN - Cherry Wine","","NA","Shadowfax","04_Apr'25","4_Apr Week 2","Email"
"4/12/2025","4942612","Product","Product not Effective","Unisex Perfume Gift Kit","","NA","Xpressbees","04_Apr'25","4_Apr Week 2","Email"
"4/12/2025","4968533","Product","Product Dissatisfied","Summer Breeze Perfume Body Lotion","","NA","DELHIVERY","04_Apr'25","4_Apr Week 2","Email"
"4/12/2025","4950008","Product","Reversed after effects","NA","","NA","Xpressbees","04_Apr'25","4_Apr Week 2","Email"
"4/12/2025","5074111","Product","Reacted - Skin Irritation/Rashes","Sun Bath SPF 80 + PA++++ Body Sunscreen Spray","","SUB 25005","Xpressbees","04_Apr'25","4_Apr Week 2","Email"
"4/12/2025","4972240","Product","Product Dissatisfied","Sun Glaze Mist SPF 50 PA++++ Sunscreen Spray","","NA","DELHIVERY","04_Apr'25","4_Apr Week 2","Email"
"4/12/2025","N/A","Product","Product Dissatisfied","Brightening Raspberry Rush Serum Body Lotion SPF 50 PA+++","","NA","","04_Apr'25","4_Apr Week 2","Email"
"4/12/2025","N/A","Product","Product Dissatisfied","Super Glow Flash Facial 25% AHA+BHA+PHA Face Mask - 50gm","","NA","","04_Apr'25","4_Apr Week 2","Email"
"4/12/2025","N/A","Product","Product Dissatisfied","Green Tea & 5% Niacinamide Serum Body Lotion - 200ml","","NA","","04_Apr'25","4_Apr Week 2","Email"
"4/12/2025","4964864","Product","Product not Effective","Coffee Under Eye Cream","","NA","Shadowfax","04_Apr'25","4_Apr Week 2","Email"
"4/13/2025","4963312","Product","Fragrance","Summer Breeze Perfume Body Lotion","","NA","Xpressbees","04_Apr'25","4_Apr Week 2","Email"
"4/13/2025","4944411","Product","Product Dissatisfied","Black Tea Complex™ Night Cream (50 ml)","","NA","DELHIVERY","04_Apr'25","4_Apr Week 2","Email"
"4/13/2025","4960478","Product","Product Dissatisfied","Super Glow Flash Facial 25% AHA+BHA+PHA Face Mask - 50gm","","NA","Xpressbees","04_Apr'25","4_Apr Week 2","Email"
"4/13/2025","4960069","Product","Product Dissatisfied","Brightening Raspberry Rush Serum Body Lotion SPF 50 PA+++","","NA","Xpressbees","04_Apr'25","4_Apr Week 2","Email"
"4/13/2025","N/A","Product","Product Dissatisfied","Anti-Ageing Night Cream with Black Tea Complex - 50 ml","","NA","","04_Apr'25","4_Apr Week 2","Email"
"4/13/2025","N/A","Product","Product not Effective","Black Tea Complex™ Night Cream (50 ml)","","NA","","04_Apr'25","4_Apr Week 2","Email"
"4/13/2025","4975002","Product","Reversed after effects","Coffee Body Scrub","","NA","Xpressbees","04_Apr'25","4_Apr Week 2","Email"
"4/13/2025","N/A","Product","Reacted - Skin Irritation/Rashes","Coffee Body Scrub","","NA","","04_Apr'25","4_Apr Week 2","Email"
"4/13/2025","5075355","Product","Fragrance","Rush Perfume Gift Set for Women","","NA","DELHIVERY","04_Apr'25","4_Apr Week 2","Email"
"4/13/2025","5068091","Product","Product Dissatisfied","mCaffeine Green Tea Face Serum with Multi-Peptides","","NA","DELHIVERY","04_Apr'25","4_Apr Week 2","Email"
"4/13/2025","5068091","Product","Product Dissatisfied","Brightening Raspberry Rush Serum Body Lotion SPF 50 PA+++","","NA","DELHIVERY","04_Apr'25","4_Apr Week 2","Email"
"4/13/2025","5068091","Product","Product Dissatisfied","mcaffeine Shades Lip & Cheek Glow Tint - Raspberry 03","","NA","DELHIVERY","04_Apr'25","4_Apr Week 2","Email"
"4/13/2025","N/A","Product","Reacted - Acne/Pimples","Berries Brightening Coffee Face Scrub","","NA","","04_Apr'25","4_Apr Week 2","Email"
"4/14/2025","4984287","Product","Product Dissatisfied","Super Glow Flash Facial 25% AHA+BHA+PHA Face Mask - 50gm","","NA","Xpressbees","04_Apr'25","4_Apr Week 2","Email"
"4/14/2025","5047159","Product","Product Dissatisfied","Brightening Raspberry Rush Serum Body Lotion SPF 50 PA+++","","NA","DELHIVERY","04_Apr'25","4_Apr Week 2","Email"
"4/14/2025","5047159","Product","Product Dissatisfied","Brightening Raspberry Body Wash | Vitamin C Rich","","NA","DELHIVERY","04_Apr'25","4_Apr Week 2","Email"
"4/14/2025","4995830","Product","Reversed after effects","Coffee Hydrogel Under Eye Patches","","NA","Xpressbees","04_Apr'25","4_Apr Week 2","Email"
"4/14/2025","N/A","Product","Reacted - Skin Irritation/Rashes","Sun Glaze Mist SPF 50 PA++++ Sunscreen Spray","","NA","","04_Apr'25","4_Apr Week 2","Email"
"4/14/2025","5092148","Product","Change in Smell","NA","","NA","DELHIVERY","04_Apr'25","4_Apr Week 2","Email"
"4/14/2025","5102753","Product","Fragrance","Summer Breeze Perfume Body Lotion","","NA","DELHIVERY","04_Apr'25","4_Apr Week 2","Email"
"4/14/2025","5107610","Product","Fragrance","NA","","NA","Shadowfax","04_Apr'25","4_Apr Week 2","Email"
"4/14/2025","4986015","Product","Fragrance","Summer Breeze Perfume Body Lotion","","NA","Shadowfax","04_Apr'25","4_Apr Week 2","Email"
"4/14/2025","4986550","Product","Product Dissatisfied","Super Glow Flash Facial 25% AHA+BHA+PHA Face Mask - 50gm","","NA","Shadowfax","04_Apr'25","4_Apr Week 2","Email"
"4/14/2025","4986538","Product","Change in Smell/Texture/Colour/Consistency","Coffee Body Scrub","","NA","Xpressbees","04_Apr'25","4_Apr Week 2","Email"
"4/15/2025","4996937","Product","Product Dissatisfied","FEIN - Magnetic","","NA","Xpressbees","04_Apr'25","4_Apr Week 3","Email"
"4/15/2025","5061213","Product","Product Dissatisfied","Sun Bath SPF 80 + PA++++ Body Sunscreen Spray","","NA","Xpressbees","04_Apr'25","4_Apr Week 3","Email"
"4/15/2025","5110423","Product","Reacted - Skin Irritation/Rashes","FIEN - Cherry Wine","","NA","DELHIVERY","04_Apr'25","4_Apr Week 3","Email"
"4/15/2025","5110423","Product","Reacted - Skin Irritation/Rashes","FEIN - Vanilla Muse","","NA","DELHIVERY","04_Apr'25","4_Apr Week 3","Email"
"4/15/2025","4985018","Product","Product Dissatisfied","Brightening Raspberry Rush Serum Body Lotion SPF 50 PA+++","","NA","DELHIVERY","04_Apr'25","4_Apr Week 3","Email"
"4/15/2025","5009413","Product","Product Dissatisfied","FEIN - Fierce","","MCaf350","DELHIVERY","04_Apr'25","4_Apr Week 3","Email"
"4/15/2025","5011599","Product","Fragrance","Sweet Escape Perfume Body Lotion","","NA","Xpressbees","04_Apr'25","4_Apr Week 3","Email"
"4/15/2025","N/A","Product","Product Dissatisfied","Brightening Raspberry Body Wash | Vitamin C Rich","","NA","","04_Apr'25","4_Apr Week 3","Email"
"4/15/2025","N/A","Product","Fragrance","Summer Breeze Perfume Body Lotion","","NA","","04_Apr'25","4_Apr Week 3","Email"
"4/16/2025","N/A","Product","Change in Smell","Sun Bath SPF 80 + PA++++ Body Sunscreen Spray","","NA","","04_Apr'25","4_Apr Week 3","Email"
"4/16/2025","5114656","Product","Fragrance","FEIN - Magnetic","","NA","Xpressbees","04_Apr'25","4_Apr Week 3","Email"
"4/16/2025","N/A","Product","Product Dissatisfied","Super Glow Flash Facial 25% AHA+BHA+PHA Face Mask - 50gm","","NA","","04_Apr'25","4_Apr Week 3","Email"
"4/16/2025","4985701","Product","Product Dissatisfied","Brightening Raspberry Rush Serum Body Lotion SPF 50 PA+++","","NA","DELHIVERY","04_Apr'25","4_Apr Week 3","Email"
"4/16/2025","N/A","Product","Fragrance","FEIN - Fierce","","MCaf350","","04_Apr'25","4_Apr Week 3","Email"
"4/17/2025","N/A","Product","Fragrance","Sweet Escape Perfume Body Lotion","","NA","","04_Apr'25","4_Apr Week 3","Email"
"4/17/2025","4968843","Product","Fragrance","FIEN - Cherry Wine","","NA","Shadowfax","04_Apr'25","4_Apr Week 3","Email"
"4/17/2025","5120372","Product","Product Dissatisfied","Sun Bath SPF 80 + PA++++ Body Sunscreen Spray","","NA","Xpressbees","04_Apr'25","4_Apr Week 3","Email"
"4/17/2025","N/A","Product","Fragrance","Summer Breeze Perfume Body Lotion","","NA","","04_Apr'25","4_Apr Week 3","Email"
"4/17/2025","4771120","Product","Product Dissatisfied","Sun Glaze Mist SPF 50 PA++++ Sunscreen Spray","","NA","Xpressbees","04_Apr'25","4_Apr Week 3","Email"
"4/17/2025","N/A","Product","Texture Issue","NA","","NA","","04_Apr'25","4_Apr Week 3","Email"
"4/17/2025","5012386","Product","Reversed after effects","Brightening Raspberry Rush Serum Body Lotion SPF 50 PA+++","","NA","Xpressbees","04_Apr'25","4_Apr Week 3","Email"
"4/17/2025","4963242","Product","Change in Smell/Texture/Colour/Consistency","Coffee Body Scrub","","NA","DELHIVERY","04_Apr'25","4_Apr Week 3","Email"
"4/17/2025","N/A","Product","Fragrance","Water Light Gel Oil-free Coffee Moisturizer","","NA","","04_Apr'25","4_Apr Week 3","Email"
"4/17/2025","N/A","Product","Product Dissatisfied","FEIN - Magnetic","","NA","","04_Apr'25","4_Apr Week 3","Email"
"4/17/2025","N/A","Product","Product Dissatisfied","Anti-Ageing Night Cream with Black Tea Complex - 50 ml","","NA","","04_Apr'25","4_Apr Week 3","Email"
"4/18/2025","4928572","Product","Change in Smell/Texture/Colour/Consistency","NA","","NA","DELHIVERY","04_Apr'25","4_Apr Week 3","Email"
"4/18/2025","N/A","Product","Product Dissatisfied","Summer Breeze Perfume Body Lotion","","NA","","04_Apr'25","4_Apr Week 3","Email"
"4/18/2025","5029147","Product","Product Dissatisfied","Toner Serum- Niacinamide 5% & Coffee (150 ml)","","NA","DELHIVERY","04_Apr'25","4_Apr Week 3","Email"
"4/18/2025","N/A","Product","Product not Effective","Brightening Raspberry Rush Serum Body Lotion SPF 50 PA+++","","NA","","04_Apr'25","4_Apr Week 3","Email"
"4/18/2025","N/A","Product","Fragrance","Summer Breeze Perfume Body Lotion","","NA","","04_Apr'25","4_Apr Week 3","Email"
"4/18/2025","4966077","Product","Change in Smell","Super Glow Flash Facial 25% AHA+BHA+PHA Face Mask - 50gm","","NA","Shadowfax","04_Apr'25","4_Apr Week 3","Email"
"4/19/2025","4852373","Product","Reacted - Skin Irritation/Rashes","NA","","NA","Xpressbees","04_Apr'25","4_Apr Week 3","Email"
"4/19/2025","5077288","Product","Texture Issue","Cosmic Craze Holographic Eyeliner Prism Shift","","MELH003","Xpressbees","04_Apr'25","4_Apr Week 3","Email"
"4/19/2025","N/A","Product","Product Dissatisfied","Super Glow Flash Facial 25% AHA+BHA+PHA Face Mask - 50gm","","NA","","04_Apr'25","4_Apr Week 3","Email"
"4/19/2025","4987092","Product","Fragrance","FEIN - Fierce","","MCaf350","Xpressbees","04_Apr'25","4_Apr Week 3","Email"
"4/20/2025","N/A","Product","Fragrance","Summer Breeze Perfume Body Lotion","","NA","","04_Apr'25","4_Apr Week 3","Email"
"4/20/2025","5059373","Product","Product Dissatisfied","Blueberry Blast Body Wash (300 ml)","","NA","DELHIVERY","04_Apr'25","4_Apr Week 3","Email"
"4/20/2025","5128232","Product","Fragrance","FEIN - Vanilla Muse","","NA","DELHIVERY","04_Apr'25","4_Apr Week 3","Email"
"4/20/2025","N/A","Product","Product not Effective","NA","","NA","","04_Apr'25","4_Apr Week 3","Email"
"4/20/2025","N/A","Product","Product Dissatisfied","Brightening Raspberry Rush Serum Body Lotion SPF 50 PA+++","","NA","","04_Apr'25","4_Apr Week 3","Email"
"4/20/2025","N/A","Product","Reacted - Skin Irritation/Rashes","NA","","NA","","04_Apr'25","4_Apr Week 3","Email"
"4/20/2025","5052382","Product","Product Dissatisfied","FEIN - Vanilla Muse","","NA","DELHIVERY","04_Apr'25","4_Apr Week 3","Email"
"4/20/2025","5023790","Product","Product Dissatisfied","Brightening Raspberry Rush Serum Body Lotion SPF 50 PA+++","","NA","Shadowfax","04_Apr'25","4_Apr Week 3","Email"
"4/20/2025","5043211","Product","Fragrance","Summer Breeze Perfume Body Lotion","","NA","Xpressbees","04_Apr'25","4_Apr Week 3","Email"
"4/20/2025","4761404","Product","Product not Effective","Coffee Under Eye Cream","","B4009","DELHIVERY","04_Apr'25","4_Apr Week 3","Email"
"4/21/2025","5148373","Product","Reacted - Skin Irritation/Rashes","FEIN - Vanilla Muse","","NA","DELHIVERY","04_Apr'25","4_Apr Week 3","Email"
"4/21/2025","5049404","Product","Product Dissatisfied","Summer Breeze Perfume Body Lotion","","NA","Shadowfax","04_Apr'25","4_Apr Week 3","Email"
"4/21/2025","N/A","Product","Product Dissatisfied","Water Light Gel Oil-free Coffee Moisturizer","","NA","","04_Apr'25","4_Apr Week 3","Email"
"4/21/2025","N/A","Product","Fragrance","Summer Breeze Perfume Body Lotion","","NA","","04_Apr'25","4_Apr Week 3","Email"
"4/21/2025","N/A","Product","Product Dissatisfied","Coffee Body Scrub","","NA","","04_Apr'25","4_Apr Week 3","Email"
"4/21/2025","N/A","Product","Product Dissatisfied","Hydra Rush Body Serum Spray - Tropical Splash","","NA","","04_Apr'25","4_Apr Week 3","Email"
"4/21/2025","N/A","Product","Product Dissatisfied","Super Glow Flash Facial 25% AHA+BHA+PHA Face Mask - 50gm","","NA","","04_Apr'25","4_Apr Week 3","Email"
"4/21/2025","N/A","Product","Product Dissatisfied","Vanilla Dream Serum Body Lotion SPF 30 PA+++","","NA","","04_Apr'25","4_Apr Week 3","Email"
"4/21/2025","5129403","Product","Texture Issue","Berries Brightening Coffee Face Scrub","","B036","Xpressbees","04_Apr'25","4_Apr Week 3","Email"
"4/21/2025","5129403","Product","Texture Issue","mCaffeine Naked & Raw Coffee Body Scrub (55gm)","","MCFW574","Xpressbees","04_Apr'25","4_Apr Week 3","Email"
"4/21/2025","N/A","Product","Product Dissatisfied","Brightening Raspberry Rush Serum Body Lotion SPF 50 PA+++","","NA","","04_Apr'25","4_Apr Week 3","Email"
"4/21/2025","N/A","Product","Reacted - Skin Irritation/Rashes","Sun Bath SPF 80 + PA++++ Body Sunscreen Spray","","NA","","04_Apr'25","4_Apr Week 3","Email"
"4/21/2025","5146554","Product","Fragrance","Summer Breeze Perfume Body Lotion","","NA","Xpressbees","04_Apr'25","4_Apr Week 3","Email"
"4/22/2025","5155565","Product","Fragrance","FEIN - Vanilla Muse","","NA","Shadowfax","04_Apr'25","4_Apr Week 4","Email"
"4/22/2025","N/A","Product","Fragrance","Brightening Raspberry Rush Serum Body Lotion SPF 50 PA+++","","NA","","04_Apr'25","4_Apr Week 4","Email"
"4/22/2025","N/A","Product","Product Dissatisfied","Coffee Hydrogel Under Eye Patches","","NA","","04_Apr'25","4_Apr Week 4","Email"
"4/22/2025","N/A","Product","Product Dissatisfied","Brightening Raspberry Rush Serum Body Lotion SPF 50 PA+++","","NA","","04_Apr'25","4_Apr Week 4","Email"
"4/22/2025","5151496","Product","Fragrance","Sun Bath SPF 80 + PA++++ Body Sunscreen Spray","","NA","Xpressbees","04_Apr'25","4_Apr Week 4","Email"
"4/22/2025","N/A","Product","Quantity is less/ Price High","Brightening Raspberry Rush Serum Body Lotion SPF 50 PA+++","","NA","","04_Apr'25","4_Apr Week 4","Email"
"4/22/2025","N/A","Product","Product Dissatisfied","Choco Lip Balm (12gm)","","NA","","04_Apr'25","4_Apr Week 4","Email"
"4/22/2025","N/A","Product","Product Dissatisfied","Brightening Raspberry Rush Serum Body Lotion SPF 50 PA+++","","NA","","04_Apr'25","4_Apr Week 4","Email"
"4/22/2025","N/A","Product","Product Dissatisfied","Brightening Raspberry Rush Serum Body Lotion SPF 50 PA+++","","NA","","04_Apr'25","4_Apr Week 4","Email"
"4/22/2025","5163720","Product","Change in Smell","Sun Glaze Mist SPF 50 PA++++ Sunscreen Spray","","PTC2502","Shadowfax","04_Apr'25","4_Apr Week 4","Email"
"4/22/2025","5150684","Product","Product Dissatisfied","NA","","NA","DELHIVERY","04_Apr'25","4_Apr Week 4","Email"
"4/22/2025","N/A","Product","Product not Effective","Coffee Hydrogel Under Eye Patches","","NA","","04_Apr'25","4_Apr Week 4","Email"
"4/22/2025","5054192","Product","Fragrance","NA","","NA","Xpressbees","04_Apr'25","4_Apr Week 4","Email"
"4/22/2025","N/A","Product","Product Dissatisfied","FEIN - 007","","NA","","04_Apr'25","4_Apr Week 4","Email"
"4/23/2025","N/A","Product","Product not Effective","2% SALICYLIC ACID Zinc PCA & MATCHA TEA CLEAR SKIN ACNE PADS","","NA","","04_Apr'25","4_Apr Week 4","Email"
"4/23/2025","N/A","Product","Product Dissatisfied","Super Glow Flash Facial 25% AHA+BHA+PHA Face Mask - 50gm","","NA","","04_Apr'25","4_Apr Week 4","Email"
"4/23/2025","5129550","Product","Reacted - Skin Irritation/Rashes","Berries Brightening Coffee Face Scrub","","NA","DELHIVERY","04_Apr'25","4_Apr Week 4","Email"
"4/23/2025","5093014","Product","Product Dissatisfied","FEIN - Magnetic","","NA","Xpressbees","04_Apr'25","4_Apr Week 4","Email"
"4/23/2025","N/A","Product","Fragrance","FIEN - Cherry Wine","","NA","","04_Apr'25","4_Apr Week 4","Email"
"4/23/2025","5077767","Product","Product Dissatisfied","FEIN - Men Written by women","","NA","Xpressbees","04_Apr'25","4_Apr Week 4","Email"
"4/23/2025","N/A","Product","Product Dissatisfied","NA","","NA","","04_Apr'25","4_Apr Week 4","Email"
"4/23/2025","N/A","Product","Product not Effective","Super Glow Flash Facial 25% AHA+BHA+PHA Face Mask - 50gm","","NA","","04_Apr'25","4_Apr Week 4","Email"
"4/24/2025","N/A","Product","Product not Effective","Coffee Under Eye Cream","","NA","","04_Apr'25","4_Apr Week 4","Email"
"4/24/2025","N/A","Product","Reacted - Acne/Pimples","Sun Glaze Mist SPF 50 PA++++ Sunscreen Spray","","NA","","04_Apr'25","4_Apr Week 4","Email"
"4/24/2025","N/A","Product","Reacted - Skin Irritation/Rashes","Sun Glaze Mist SPF 50 PA++++ Sunscreen Spray","","PTB2501","","04_Apr'25","4_Apr Week 4","Email"
"4/24/2025","5073798","Product","Product not Effective","Sun Bath SPF 80 + PA++++ Body Sunscreen Spray","","NA","DELHIVERY","04_Apr'25","4_Apr Week 4","Email"
"4/24/2025","N/A","Product","Fragrance","Brightening Raspberry Rush Serum Body Lotion SPF 50 PA+++","","NA","","04_Apr'25","4_Apr Week 4","Email"
"4/24/2025","5094338","Product","Product Dissatisfied","Brightening Raspberry Body Wash | Vitamin C Rich","","NA","DELHIVERY","04_Apr'25","4_Apr Week 4","Email"
"4/24/2025","5090337","Product","Reacted - Skin Irritation/Rashes","Super Glow Flash Facial 25% AHA+BHA+PHA Face Mask - 50gm","","NA","Xpressbees","04_Apr'25","4_Apr Week 4","Email"
"4/24/2025","4990288","Product","Product Dissatisfied","Coffee Under Eye Cream","","NA","DELHIVERY","04_Apr'25","4_Apr Week 4","Email"
"4/25/2025","5078355","Product","Product Dissatisfied","Blueberry Swirl Serum Body Lotion","","NA","Xpressbees","04_Apr'25","4_Apr Week 4","Email"
"4/25/2025","5096579","Product","Product Dissatisfied","Coffee Hair Mask","","NA","DELHIVERY","04_Apr'25","4_Apr Week 4","Email"
"4/25/2025","5100851","Product","Product Dissatisfied","Green Tea & 15% Vitamin C Face Serum","","NA","DELHIVERY","04_Apr'25","4_Apr Week 4","Email"
"4/25/2025","N/A","Product","Product Dissatisfied","Skin Bounce Moisturizing Cream","","NA","","04_Apr'25","4_Apr Week 4","Email"
"4/25/2025","4990202","Product","Product Dissatisfied","Brightening Raspberry Rush Serum Body Lotion SPF 50 PA+++","","NA","DELHIVERY","04_Apr'25","4_Apr Week 4","Email"
"4/25/2025","5076554","Product","Product Dissatisfied","Glow Boost 5% Niacinamide & Green Tea Oil Free Moisturizer","","NA","Xpressbees","04_Apr'25","4_Apr Week 4","Email"
"4/25/2025","5098517","Product","Product Dissatisfied","Sun Bath SPF 80 + PA++++ Body Sunscreen Spray","","NA","DELHIVERY","04_Apr'25","4_Apr Week 4","Email"
"4/26/2025","5052108","Product","Product Dissatisfied","Sun Glaze Mist SPF 50 PA++++ Sunscreen Spray","","NA","Xpressbees","04_Apr'25","4_Apr Week 4","Email"
"4/26/2025","N/A","Product","Product Dissatisfied","Brightening Raspberry Rush Serum Body Lotion SPF 50 PA+++","","NA","","04_Apr'25","4_Apr Week 4","Email"
"4/26/2025","5099968","Product","Product Dissatisfied","Brightening Raspberry Rush Serum Body Lotion SPF 50 PA+++","","NA","Pidge","04_Apr'25","4_Apr Week 4","Email"
"4/26/2025","5077032","Product","Texture Issue","mCaffeine Cosmic Craze Holographic Eyeliner Prism Shift","","NA","Xpressbees","04_Apr'25","4_Apr Week 4","Email"
"4/26/2025","5075812","Product","Product not Effective","Unisex Perfume Gift Kit","","NA","Shadowfax","04_Apr'25","4_Apr Week 4","Email"
"4/26/2025","N/A","Product","Fragrance","Summer Breeze Perfume Body Lotion","","NA","","04_Apr'25","4_Apr Week 4","Email"
"4/26/2025","N/A","Product","Product Dissatisfied","Water Light Gel Oil-free Coffee Moisturizer","","NA","","04_Apr'25","4_Apr Week 4","Email"
"4/26/2025","N/A","Product","Product not Effective","NA","","NA","","04_Apr'25","4_Apr Week 4","Email"
"4/26/2025","5104785","Product","Product Dissatisfied","FEIN - Vanilla Muse","","","DELHIVERY","04_Apr'25","4_Apr Week 4","Email"
"4/26/2025","5092756","Product","Product Dissatisfied","Super Glow Flash Facial 25% AHA+BHA+PHA Face Mask - 50gm","","","Xpressbees","04_Apr'25","4_Apr Week 4","Email"
"4/26/2025","5081143","Product","Product Dissatisfied","Coffee Face Mask","","","Xpressbees","04_Apr'25","4_Apr Week 4","Email"
"4/27/2025","5170163","Product","Reacted - Skin Irritation/Rashes","Super Glow Flash Facial 25% AHA+BHA+PHA Face Mask - 50gm","","","DELHIVERY","04_Apr'25","4_Apr Week 4","Email"
"4/27/2025","N/A","Product","Fragrance","FEIN - Magnetic","","","","04_Apr'25","4_Apr Week 4","Email"
"4/27/2025","N/A","Product","Change in Smell","Brightening Raspberry Rush Serum Body Lotion SPF 50 PA+++","","","","04_Apr'25","4_Apr Week 4","Email"
"4/27/2025","5154244","Product","Texture Issue","Brightening Raspberry Body Wash | Vitamin C Rich","","","DELHIVERY","04_Apr'25","4_Apr Week 4","Email"
"4/27/2025","N/A","Product","Change in Smell","Sun Glaze Mist SPF 50 PA++++ Sunscreen Spray","","","","04_Apr'25","4_Apr Week 4","Email"
"4/27/2025","N/A","Product","Product Dissatisfied","Super Glow Flash Facial 25% AHA+BHA+PHA Face Mask - 50gm","","","","04_Apr'25","4_Apr Week 4","Email"
"4/28/2025","5173630","Product","Reacted - Skin Irritation/Rashes","Glow Boost 5% Niacinamide & Green Tea Oil Free Moisturizer","","","DELHIVERY","04_Apr'25","4_Apr Week 4","Email"
"4/28/2025","5173630","Product","Reacted - Skin Irritation/Rashes","CLEAR GLOW Daily Brightening Sunscreen (50ml)","","","DELHIVERY","04_Apr'25","4_Apr Week 4","Email"
"4/28/2025","N/A","Product","Change in Smell/Texture/Colour/Consistency","Coffee Under Eye Cream","","MKUC-003","","04_Apr'25","4_Apr Week 4","Email"
"4/28/2025","N/A","Product","Fragrance","CLEAR GLOW Daily Brightening Sunscreen (50ml)","","","","04_Apr'25","4_Apr Week 4","Email"
"4/28/2025","5108541","Product","Product Dissatisfied","Summer Breeze Perfume Body Lotion","","","DELHIVERY","04_Apr'25","4_Apr Week 4","Email"
"4/28/2025","5186516","Product","Reacted - Skin Irritation/Rashes","FIEN - Cherry Wine","","BMCH003","Shadowfax","04_Apr'25","4_Apr Week 4","Email"
"4/28/2025","N/A","Product","Product Dissatisfied","CLEAR GLOW Daily Brightening Sunscreen (50ml)","","","","04_Apr'25","4_Apr Week 4","Email"
"4/28/2025","N/A","Product","Product Dissatisfied","NA","","","","04_Apr'25","4_Apr Week 4","Email"
"4/29/2025","5114656","Product","Product Dissatisfied","FEIN - Fierce","","MCaf350","Xpressbees","04_Apr'25","4_Apr Week 5","Email"
"4/29/2025","5183725","Product","Fragrance","NA","","","Xpressbees","04_Apr'25","4_Apr Week 5","Email"
"4/29/2025","4972779","Product","Product Dissatisfied","Vanilla Dream Deep Moisturizing Body Butter","","","Xpressbees","04_Apr'25","4_Apr Week 5","Email"
"4/29/2025","5114925","Product","Fragrance","Unisex Perfume Gift Kit","","","Shadowfax","04_Apr'25","4_Apr Week 5","Email"
"4/29/2025","5215523","Product","Fragrance","Summer Breeze Perfume Body Lotion","","","Pidge","04_Apr'25","4_Apr Week 5","Email"
"4/29/2025","N/A","Product","Reacted - Skin Irritation/Rashes","NA","","","","04_Apr'25","4_Apr Week 5","Email"
"4/29/2025","N/A","Product","Reacted - Skin Irritation/Rashes","NA","","","","04_Apr'25","4_Apr Week 5","Email"
"4/29/2025","5177605","Product","Fragrance","Summer Breeze Perfume Body Lotion","","NA","Xpressbees","04_Apr'25","4_Apr Week 5","Email"
"4/29/2025","N/A","Product","Product Dissatisfied","Green Tea Under Eye Cream (15 ml)","","NA","","04_Apr'25","4_Apr Week 5","Email"
"4/30/2025","5110559","Product","Product Dissatisfied","FEIN - Fierce","","MCaf350","DELHIVERY","04_Apr'25","4_Apr Week 5","Email"
"4/30/2025","N/A","Product","Product Dissatisfied","Summer Breeze Perfume Body Lotion","","NA","","04_Apr'25","4_Apr Week 5","Email"
"4/30/2025","N/A","Product","Product Dissatisfied","Brightening Raspberry Rush Body Scrub","","NA","","04_Apr'25","4_Apr Week 5","Email"
"4/30/2025","N/A","Product","Product Dissatisfied","Summer Breeze Perfume Body Lotion","","MSBL044","","04_Apr'25","4_Apr Week 5","Email"
"4/30/2025","5077431","Product","Product Dissatisfied","Green Tea & 15% Vitamin C Face Serum","","NA","Shadowfax","04_Apr'25","4_Apr Week 5","Email"
"4/30/2025","5186537","Product","Product Dissatisfied","FIEN - Cherry Wine","","NA","Xpressbees","04_Apr'25","4_Apr Week 5","Email"
"7/1/2025","5642360","Product","Texture Issue","Super Glow Flash Facial 25% AHA+BHA+PHA Face Mask - 50gm","","","DELHIVERY","07_Jul'25","7_Jul Week 1","Whatsapp"
"7/2/2025","5648822","Product","Change in Smell","eine Exfoliating Coffee Body Wash 200 ml","","","DELHIVERY","07_Jul'25","7_Jul Week 1","Whatsapp"
"7/2/2025","5630128","Product","Change in Smell/Texture/Colour/Consistency","eine Cosmic Craze Holographic Eyeliner Prism Shift","","","Xpressbees","07_Jul'25","7_Jul Week 1","Whatsapp"
"7/2/2025","5262059","Product","Reversed after effects","NA","","","Pidge","07_Jul'25","7_Jul Week 1","Whatsapp"
"7/2/2025","5379167","Product","Reacted - Skin Irritation/Rashes","Brightening Raspberry Rush Serum Body Lotion SPF 50 PA+++","","","Xpressbees","07_Jul'25","7_Jul Week 1","Email"
"7/3/2025","5397440","Product","Texture Issue","Coffee Body Scrub","","","DELHIVERY","07_Jul'25","7_Jul Week 1","Whatsapp"
"7/3/2025","5547801","Product","Quantity is less/ Price High","NA","","","DELHIVERY","07_Jul'25","7_Jul Week 1","Whatsapp"
"7/3/2025","N/A","Product","Fragrance","Summer Breeze Perfume Body Lotion","","","","07_Jul'25","7_Jul Week 1","Whatsapp"
"7/3/2025","N/A","Product","Reacted - Acne/Pimples","Coffee Face Mask","","","","07_Jul'25","7_Jul Week 1","Whatsapp"
"7/5/2025","5669570","Product","Fragrance","NA","","","DELHIVERY","07_Jul'25","7_Jul Week 1","Whatsapp"
"7/5/2025","5490168","Product","Texture Issue","Sweet Escape Perfume Body Lotion","","","Shadowfax","07_Jul'25","7_Jul Week 1","Whatsapp"
"7/7/2025","N/A","Product","Product not Effective","Coffee Body Scrub","","","","07_Jul'25","7_Jul Week 1","Whatsapp"
"7/7/2025","5160544","Product","Formation of Fungus","Water Light Gel Oil-free Coffee Moisturizer","","","Xpressbees","07_Jul'25","7_Jul Week 1","Whatsapp"
"7/7/2025","5421118","Product","Texture Issue","Brightening Raspberry Rush Serum Body Lotion SPF 50 PA+++","","","DELHIVERY","07_Jul'25","7_Jul Week 1","Whatsapp"
"7/7/2025","5693555","Product","Fragrance","FEIN - 007","","","Shadowfax","07_Jul'25","7_Jul Week 1","Whatsapp"
"7/7/2025","5692917","Product","Reacted - Skin Irritation/Rashes","Sun Bath SPF 80 + PA++++ Body Sunscreen Spray","","","Xpressbees","07_Jul'25","7_Jul Week 1","Email"
"7/7/2025","5493677","Product","Reacted - Skin Irritation/Rashes","Super Glow Flash Facial 25% AHA+BHA+PHA Face Mask - 50gm","","","Xpressbees","07_Jul'25","7_Jul Week 1","Email"
"7/8/2025","5644651","Product","Reacted - Skin Irritation/Rashes","Green Tea & 15% Vitamin C Face Serum","","","Xpressbees","07_Jul'25","7_Jul Week 2","Whatsapp"
"7/9/2025","N/A","Product","Reacted - Acne/Pimples","Coffee Face Wash","","","","07_Jul'25","7_Jul Week 2","Whatsapp"
"7/11/2025","5730675","Product","Product not Effective","eine Cosmic Craze Holographic Eyeliner Prism Shift","","","Xpressbees","07_Jul'25","7_Jul Week 2","Whatsapp"
"7/11/2025","5675635","Product","Change in Smell","CLEAR GLOW 1% Kojic Acid Alpha Arbutin - Daily Brightening Sunscreen","","","DELHIVERY","07_Jul'25","7_Jul Week 2","Whatsapp"
"7/12/2025","N/A","Product","Change in Smell","FEIN - Men Written by women","","","","07_Jul'25","7_Jul Week 2","Whatsapp"
"7/12/2025","5733136","Product","Texture Issue","Choco Body Lotion - Pack of 2","","","DELHIVERY","07_Jul'25","7_Jul Week 2","Whatsapp"
"7/16/2025","N/A","Product","Reacted - Skin Irritation/Rashes","NA","","","","07_Jul'25","7_Jul Week 3","Whatsapp"
"7/17/2025","5354261","Product","Change in Smell","Brightening Raspberry Rush Serum Body Lotion SPF 50 PA+++","","","DELHIVERY","07_Jul'25","7_Jul Week 3","Whatsapp"
"7/17/2025","5501579","Product","Change in Smell/Texture/Colour/Consistency","Kombucha Hydra Repair Face Moisturizer with Hyaluronic Acid & Ceramides","","","Shadowfax","07_Jul'25","7_Jul Week 3","Whatsapp"
"7/21/2025","5682395","Product","Change in Smell/Texture/Colour/Consistency","Brightening Raspberry Rush Serum Body Lotion SPF 50 PA+++","","","DELHIVERY","07_Jul'25","7_Jul Week 3","Whatsapp"
"7/21/2025","N/A","Product","Reacted - Skin Irritation/Rashes","Coffee Hydrogel Under Eye Patches","","","","07_Jul'25","7_Jul Week 3","Whatsapp"
"7/24/2025","5827534","Product","Product not Effective","Green Tea Face Wash","","","DELHIVERY","07_Jul'25","7_Jul Week 4","Whatsapp"
"7/24/2025","5809842","Product","Formation of Fungus","Shimmer body butter_150 gm","","","DELHIVERY","07_Jul'25","7_Jul Week 4","Whatsapp"
"7/24/2025","5489657","Product","Change in Smell","CLEAR GLOW 2% Kojic Acid & 1% Niacinamide De-Pigmentation Cream","","","DELHIVERY","07_Jul'25","7_Jul Week 4","Whatsapp"
"7/25/2025","5809842","Product","Reacted - Skin Irritation/Rashes","Shimmer body butter_150 gm","","","DELHIVERY","07_Jul'25","7_Jul Week 4","Whatsapp"
"7/25/2025","5838953","Product","Texture Issue","Naked & Raw Coffee Body Polishing Oil, 100 ml","","","DELHIVERY","07_Jul'25","7_Jul Week 4","Whatsapp"
"7/25/2025","5809842","Product","Reacted - Skin Irritation/Rashes","","","","DELHIVERY","07_Jul'25","7_Jul Week 4","Whatsapp"
"7/25/2025","5768513","Product","Fragrance","","","","Shadowfax","07_Jul'25","7_Jul Week 4","Whatsapp"
"7/25/2025","5816302","Product","Product not Effective","Handcrafted Wide Toothed Comb","","","Shadowfax","07_Jul'25","7_Jul Week 4","Whatsapp"
"7/25/2025","5842309","Product","Change in Smell","","","","Shadowfax","07_Jul'25","7_Jul Week 4","Whatsapp"
"7/26/2025","N/A","Product","Fragrance","","","","","07_Jul'25","7_Jul Week 4","Whatsapp"
"7/26/2025","N/A","Product","Change in Smell","","","","","07_Jul'25","7_Jul Week 4","Whatsapp"
"7/26/2025","5831074","Product","Texture Issue","","","","Xpressbees","07_Jul'25","7_Jul Week 4","Email"
"7/27/2025","Fien73820","Product","Fragrance","OO7","","","","07_Jul'25","7_Jul Week 4","Whatsapp"
"7/27/2025","5672182","Product","Change in Smell","","","","DELHIVERY","07_Jul'25","7_Jul Week 4","Whatsapp"
"7/28/2025","N/A","Product","Reacted - Skin Irritation/Rashes","Naked & Raw Coffee Body Scrub(100g)","","","","07_Jul'25","7_Jul Week 4","Whatsapp"
"7/28/2025","5820670","Product","Reversed after effects","Brightening Raspberry Rush Serum Body Lotion SPF 50 PA+++","","","Xpressbees","07_Jul'25","7_Jul Week 4","Whatsapp"
"7/28/2025","5819782","Product","Change in Smell","Blueberry Swirl Serum Body Lotion","","","Shadowfax","07_Jul'25","7_Jul Week 4","Whatsapp"
"7/28/2025","5757917","Product","Product not Effective","eine Cosmic Craze Holographic Eyeliner Prism Shift","","","Shadowfax","07_Jul'25","7_Jul Week 4","Whatsapp"
"7/28/2025","5698606","Product","Fragrance","SLOW KISS","","","Shadowfax","07_Jul'25","7_Jul Week 4","Whatsapp"
"7/28/2025","5813410","Product","Reversed after effects","Naked & Raw Coffee Face Wash, 100 ml","","","Xpressbees","07_Jul'25","7_Jul Week 4","Whatsapp"
"7/29/2025","5710646","Product","Change in Smell/Texture/Colour/Consistency","Naked & Rich Choco Body Butter","","","Shadowfax","07_Jul'25","7_Jul Week 5","Whatsapp"
"7/29/2025","5757917","Product","Product not Effective","eine Cosmic Craze Holographic Eyeliner Prism Shift","","","Shadowfax","07_Jul'25","7_Jul Week 5","Whatsapp"
"7/29/2025","5797467","Product","Fragrance","Coffee Body Wash with Cocoa","","","DELHIVERY","07_Jul'25","7_Jul Week 5","Whatsapp"
"7/30/2025","5853811","Product","Reacted - Skin Irritation/Rashes","Summer Breeze Perfume Body Lotion","","","Shadowfax","07_Jul'25","7_Jul Week 5","Whatsapp"
"7/30/2025","N/A","Product","Reacted - Skin Irritation/Rashes","","","","","07_Jul'25","7_Jul Week 5","Whatsapp"
"7/30/2025","5828911","Product","Reacted - Skin Irritation/Rashes","Brightening Raspberry Rush Serum Body Lotion SPF 50 PA+++","","","Xpressbees","07_Jul'25","7_Jul Week 5","Whatsapp"
"7/30/2025","4911734","Product","Reacted - Skin Irritation/Rashes","Naked & Raw Coffee Face Serum, 40 ml","","","Xpressbees","07_Jul'25","7_Jul Week 5","Whatsapp"
"7/30/2025","5857068","Product","Reacted - Skin Irritation/Rashes","Brightening Raspberry Body Wash | Vitamin C Rich","","","DELHIVERY","07_Jul'25","7_Jul Week 5","Whatsapp"
"7/31/2025","5841132","Product","Reacted - Skin Irritation/Rashes","","","","Shadowfax","07_Jul'25","7_Jul Week 5","Whatsapp"
"7/31/2025","5826401","Product","Reversed after effects","ADVANCED HAIR GROWTH 20% CAFFEXIL SERUM","","","Xpressbees","07_Jul'25","7_Jul Week 5","Whatsapp"
"7/31/2025","5748246","Product","Reacted - Acne/Pimples","Green tea + Vitamin C Serum 30ml","","","Shadowfax","07_Jul'25","7_Jul Week 5","Whatsapp"
"7/31/2025","5876607","Product","Change in Smell/Texture/Colour/Consistency","Green tea + Vitamin C Serum 30ml","","","DELHIVERY","07_Jul'25","7_Jul Week 5","Whatsapp"
"7/1/2026","Fien2060470","Product","Fragrance not long-lasting","Take A Dip Triple-Action Deo Body Wash 250ml","Mcaf408_WB","","DELHIVERY","7_Jul'26","7_Jul Week 1","email"
"7/1/2026","8602739","Product","Fragrance not long-lasting","Take A Dip Triple-Action Deo Body Wash 250ml","Mcaf408_WB","","Shadowfax","7_Jul'26","7_Jul Week 1","whatsapp"
"7/1/2026","8700991","Product","Product Not Effective","2% Salicylic Acid Niacinamide & Matcha Tea Face Wash - 100 ml","MCaf270","","","7_Jul'26","7_Jul Week 1","whatsapp"
"7/1/2026","8515802","Product","Reacted-Acne/Pimples","2% Salicylic Acid Niacinamide & Matcha Tea Face Wash - 100 ml","MCaf270","","Shadowfax","7_Jul'26","7_Jul Week 1","whatsapp"
"7/1/2026","8674027","Product","Fragrance not long-lasting","Sweet Escape Perfume Body Lotion - 300ml","MCaf370","","Xpressbees","7_Jul'26","7_Jul Week 1","whatsapp"
"7/1/2026","8614909","Product","Texture Issue","Take A Dip Triple-Action Deo Body Wash 250ml","Mcaf408_WB","AMTDW-120","","7_Jul'26","7_Jul Week 1","whatsapp"
"7/1/2026","8668798","Product","Disatisfied-Smell","By the Blues Brightening Perfume Body Lotion - 300ml","MCaf401","ENGA6037","","7_Jul'26","7_Jul Week 1","whatsapp"
"7/1/2026","8759141","Product","Texture Issue","Coffee Face Wash - 100 ml","MCaf41","MCFW-617","DELHIVERY","7_Jul'26","7_Jul Week 1","whatsapp"
"7/1/2026","8707320","Product","Reacted-Acne/Pimples","Anti-Ageing Night Cream with Black Tea Complex - 50 ml","MCaf259","","Xpressbees","7_Jul'26","7_Jul Week 1","whatsapp"
"7/1/2026","8581487","Product","Product Not Effective","Coffee Under Eye Cream - 15 ml","15MCaf62","","Shadowfax","7_Jul'26","7_Jul Week 1","whatsapp"
"7/1/2026","8681216","Product","Reacted-Acne/Pimples","Glow Boost 5% Niacinamide & Green Tea Oil Free Moisturizer","MCaf221_N","","Xpressbees","7_Jul'26","7_Jul Week 1","whatsapp"
"7/2/2026","8712843","Product","Product Not Effective","Moisturizing & Creamy Coffee Body Scrub with Berries - 200g","MCaf199","","Xpressbees","7_Jul'26","7_Jul Week 1","whatsapp"
"7/2/2026","8706503","Product","Fragrance not long-lasting","Sweet Escape Perfume Body Lotion - 300ml","MCaf370","","DELHIVERY","7_Jul'26","7_Jul Week 1","whatsapp"
"7/2/2026","8739739","Product","Disatisfied-Smell","By the Blues Brightening Perfume Body Lotion - 80ml","MCFMUWB0401F0080","","Xpressbees","7_Jul'26","7_Jul Week 1","whatsapp"
"7/2/2026","8697553","Product","Reacted-Acne/Pimples","Take A Dip Triple-Action Deo Body Wash 250ml","Mcaf408_WB","","","7_Jul'26","7_Jul Week 1","whatsapp"
"7/1/2026","8751705","Product","Disatisfied-Smell","Brightening Face Wash - 1% Kojic Acid & Glutathione","MCaf299","","Shadowfax","7_Jul'26","7_Jul Week 1","whatsapp"
"7/1/2026","8761630","Product","Reacted-Skin Irritation","Water Light Gel Oil-free Coffee Moisturizer","MCaf83_N","","Blitz","7_Jul'26","7_Jul Week 1","whatsapp"
"7/2/2026","8771447","Product","Disatisfied-Smell","Sweet Escape Perfume Body Lotion - 300ml","MCaf370","","Pikndel","7_Jul'26","7_Jul Week 1","whatsapp"
"7/2/2026","8716066","Product","Product Not Effective","Guava Tini De-Tan Body Wash - 300 ml","Mcaf396_WB","","Shadowfax","7_Jul'26","7_Jul Week 1","whatsapp"
"7/2/2026","8708054","Product","Fragrance not long-lasting","Take A Dip Triple-Action Deo Body Wash 250ml","Mcaf408_WB","","DELHIVERY","7_Jul'26","7_Jul Week 1","whatsapp"
"7/2/2026","8716066","Product","Product Not Effective","Guava Tini De-Tan Body Wash - 300 ml","Mcaf396_WB","","Shadowfax","7_Jul'26","7_Jul Week 1","whatsapp"
"7/3/2026","8810850","Product","Reacted-Skin Irritation","By the Blues Brightening Perfume Body Lotion - 300ml","MCaf401","","Pikndel","7_Jul'26","7_Jul Week 1","whatsapp"
"7/3/2026","8708054","Product","Disatisfied-Smell","Take A Dip Triple-Action Deo Body Wash 250ml","Mcaf408_WB","","DELHIVERY","7_Jul'26","7_Jul Week 1","whatsapp"
"7/3/2026","8629390","Product","Product Not Effective","Island Fresh Triple Action Deo Body Wash","Mcaf409_WB","AMIDW-023","ElasticRun","7_Jul'26","7_Jul Week 1","whatsapp"
"7/3/2026","7797788","Product","Change in Smell","Water Light Gel Oil-free Coffee Moisturizer","MCaf83_N","SMC20006","DELHIVERY","7_Jul'26","7_Jul Week 1","whatsapp"
"7/2/2026","8753678","Product","Disatisfied-Smell","Summer Breeze Perfume Body Lotion - 300ml","MCaf371","","DTDC","7_Jul'26","7_Jul Week 1","whatsapp"
"7/3/2026","8609727","Product","Reacted-Skin Irritation","Super Glow Flash Facial 25% AHA+BHA+PHA Face Mask - 50gm","mcaf375","","","7_Jul'26","7_Jul Week 1","whatsapp"
"7/2/2026","8713469","Product","Product Not Effective","Brightening Face Wash - 1% Kojic Acid & Glutathione","MCaf299","","DELHIVERY","7_Jul'26","7_Jul Week 1","whatsapp"
"7/3/2026","8731829","Product","Reacted-Skin Irritation","Take A Dip Triple-Action Deo Body Wash 250ml","Mcaf408_WB","","Shadowfax","7_Jul'26","7_Jul Week 1","whatsapp"
"7/3/2026","8785580","Product","Fragrance not long-lasting","Take A Dip Triple-Action Deo Body Wash 250ml","Mcaf408_WB","","Xpressbees","7_Jul'26","7_Jul Week 1","whatsapp"
"7/5/2026","8642536","Product","Fragrance not long-lasting","Guava Tini De-Tan Body Wash - 300 ml","Mcaf396_WB","","Xpressbees","7_Jul'26","7_Jul Week 1","whatsapp"
"7/5/2026","Fien2044680","Product","Fragrance not long-lasting","Take A Dip Triple-Action Deo Body Wash 250ml","Mcaf408_WB","","Shadowfax","7_Jul'26","7_Jul Week 1","whatsapp"
"7/5/2026","8642536","Product","Fragrance not long-lasting","Take A Dip Triple-Action Deo Body Wash 250ml","Mcaf408_WB","","Xpressbees","7_Jul'26","7_Jul Week 1","whatsapp"
"7/5/2026","8818958","Product","Fragrance not long-lasting","Sweet Escape Perfume Body Lotion - 300ml","MCaf370","","Shadowfax","7_Jul'26","7_Jul Week 1","instagram"
"7/3/2026","8731829","Product","Reacted-Skin Irritation","Take A Dip Triple-Action Deo Body Wash 250ml","Mcaf408_WB","","","7_Jul'26","7_Jul Week 1","whatsapp"
"7/4/2026","8793316","Product","Disatisfied-Smell","Take A Dip Triple-Action Deo Body Wash 250ml","Mcaf408_WB","","DELHIVERY","7_Jul'26","7_Jul Week 1","whatsapp"
"7/4/2026","8730005","Product","Product Not Effective","High Shine Perfector Hair Spray","Mcaf406","","Blitz","7_Jul'26","7_Jul Week 1","whatsapp"
"7/4/2026","Fien2334470","Product","Disatisfied-Smell","Summer Breeze Perfume Body Lotion - 300ml","MCaf371","","DELHIVERY","7_Jul'26","7_Jul Week 1","whatsapp"
"7/4/2026","8786390","Product","Change in Smell","Exfoliating Caramel Crunch Body Wash - 300 ml","Mcaf397_WB","","Shadowfax","7_Jul'26","7_Jul Week 1","email"
"7/4/2026","8778522","Product","Reacted-Skin Irritation","Green Tea Under Eye Cream with 3% Caffeine - 15 ml","MCaf224","","ElasticRun","7_Jul'26","7_Jul Week 1","whatsapp"
"7/4/2026","8754425","Product","Reacted-Skin Irritation","By the Blues Brightening Perfume Body Lotion - 300ml","MCaf401","","Shadowfax","7_Jul'26","7_Jul Week 1","whatsapp"
"7/4/2026","8819565","Product","Others","Guava Tini De-Tan Body Wash - 300 ml","Mcaf396_WB","","Pikndel","7_Jul'26","7_Jul Week 1","whatsapp"
"7/3/2026","8778903","Product","Change in Smell","Exfoliating Caramel Crunch Body Wash - 300 ml","Mcaf397_WB","DNGC6032","DELHIVERY","7_Jul'26","7_Jul Week 1","whatsapp"
"7/3/2026","8747283_1","Product","Product Not Effective","Summer Breeze Perfume Body Lotion - 300ml","MCaf371","","","7_Jul'26","7_Jul Week 1","whatsapp"
"7/6/2026","Fien2318100","Product","Fragrance not long-lasting","High Shine Perfector Hair Spray","Mcaf406","ANAK6081","Shadowfax","7_Jul'26","7_Jul Week 1","whatsapp"
"7/4/2026","8771447","Product","Disatisfied-Smell","Brightening Sunscreen for Dark Spots - SPF 50 PA ++++","MCaf302","","Pikndel","7_Jul'26","7_Jul Week 1","whatsapp"
"7/4/2026","8761630","Product","Reacted-Skin Irritation","Glow Boost 5% Niacinamide & Green Tea Oil Free Moisturizer","MCaf221_N","SMC260022","Blitz","7_Jul'26","7_Jul Week 1","whatsapp"
"7/6/2026","8714713","Product","Burning Sensation","Sweet Escape Perfume Body Lotion - 300ml","MCaf370","","","7_Jul'26","7_Jul Week 1","whatsapp"
"7/6/2026","8735179","Product","Fragrance not long-lasting","By the Blues Brightening Perfume Body Lotion - 80ml","MCFMUWB0401F0080","","DELHIVERY","7_Jul'26","7_Jul Week 1","whatsapp"
"7/5/2026","8614092","Product","Product Not Effective","1% Kojic Acid & Glutathione Guava Fizz Soap - 300g (3x100g)","3MCaf394","","DELHIVERY","7_Jul'26","7_Jul Week 1","whatsapp"
"7/5/2026","Fien2303580","Product","Fragrance not long-lasting","Take A Dip Triple-Action Deo Body Wash 250ml","Mcaf408_WB","","","7_Jul'26","7_Jul Week 1","whatsapp"
"7/5/2026","8743822","Product","Reacted-Skin Irritation","High Shine Glossing Shampoo","Mcaf404","BC26C076","","7_Jul'26","7_Jul Week 1","whatsapp"
"7/5/2026","8672188","Product","Texture Issue","Exfoliating Caramel Crunch Body Wash - 300 ml","Mcaf397_WB","","Shadowfax","7_Jul'26","7_Jul Week 1","whatsapp"
"7/5/2026","8747283","Product","Disatisfied-Smell","Sweet Escape Perfume Body Lotion - 300ml","MCaf370","","Blue Dart","7_Jul'26","7_Jul Week 1","whatsapp"
"7/6/2026","8731829","Product","Reacted-Skin Irritation","Take A Dip Triple-Action Deo Body Wash 250ml","Mcaf408_WB","AMTDW-133","Shadowfax","7_Jul'26","7_Jul Week 1","whatsapp"
"7/6/2026","Fien2166330","Product","Fragrance not long-lasting","Take A Dip Triple-Action Deo Body Wash 250ml","Mcaf408_WB","","DELHIVERY","7_Jul'26","7_Jul Week 1","whatsapp"
"7/7/2026","8746487","Product","Fragrance not long-lasting","Summer Breeze Perfume Body Lotion - 300ml","MCaf371","ENGF6032","DELHIVERY","7_Jul'26","7_Jul Week 1","whatsapp"
"7/7/2026","8831023","Product","Reacted-Skin Irritation","Super Glow Flash Facial 25% AHA+BHA+PHA Face Mask - 50gm","mcaf375","NAK5135F","Xpressbees","7_Jul'26","7_Jul Week 1","whatsapp"
"7/7/2026","8750261","Product","Fragrance not long-lasting","Sweet Escape Perfume Body Lotion - 300ml","MCaf370","ENGE6031","Xpressbees","7_Jul'26","7_Jul Week 1","whatsapp"
"7/6/2026","8756038","Product","Burning Sensation","2% Salicylic Acid Niacinamide & Matcha Tea Face Wash - 100 ml","MCaf270","","DELHIVERY","7_Jul'26","7_Jul Week 1","whatsapp"
"7/7/2026","8846342","Product","Disatisfied-Smell","Exfoliating Caramel Crunch Body Wash - 300 ml","Mcaf397_WB","","Shadowfax","7_Jul'26","7_Jul Week 1","whatsapp"
"7/7/2026","8653281","Product","Product Not Effective","Guava Tini De-Tan Body Wash - 300 ml","Mcaf396_WB","","","7_Jul'26","7_Jul Week 1","whatsapp"
"7/6/2026","8830640","Product","Change in Smell","11% AHA BHA Strawberry Body Lotion for Skin Smoothening","MCaf402","ENGH6001","DELHIVERY","7_Jul'26","7_Jul Week 1","whatsapp"
"7/7/2026","8647829","Product","Fragrance not long-lasting","Summer Breeze Perfume Body Lotion - 300ml","MCaf371","ENGF6028","DELHIVERY","7_Jul'26","7_Jul Week 1","whatsapp"
"7/7/2026","8647829","Product","Fragrance not long-lasting","Summer Breeze Perfume Body Lotion - 300ml","MCaf371","ENGF6028","DELHIVERY","7_Jul'26","7_Jul Week 1","whatsapp"
"7/6/2026","8800783","Product","Reacted-Acne/Pimples","Brightening Face Wash - 1% Kojic Acid & Glutathione","MCaf299","","","7_Jul'26","7_Jul Week 1","whatsapp"
"7/7/2026","8658547","Product","Fragrance not long-lasting","Take A Dip Triple-Action Deo Body Wash 250ml","Mcaf408_WB","","Xpressbees","7_Jul'26","7_Jul Week 1","whatsapp"
"7/6/2026","Fien2036880","Product","Disatisfied-Smell","007 Perfume for Men - Oriental Oud - 100ml","MCaf349","","","7_Jul'26","7_Jul Week 1","instagram"
"7/7/2026","8640368","Product","Fragrance not long-lasting","Sweet Escape Perfume Body Lotion - 300ml","MCaf370","","Xpressbees","7_Jul'26","7_Jul Week 1","whatsapp"
"7/8/2026","8779381","Product","Fragrance not long-lasting","007 Perfume for Men - Oriental Oud - 100ml","MCaf349","B251103","DELHIVERY","7_Jul'26","7_Jul Week 2","whatsapp"
"7/8/2026","8661098","Product","Fragrance not long-lasting","Island Fresh Triple Action Deo Body Wash","Mcaf409_WB","AMIDW-030","Blue Dart","7_Jul'26","7_Jul Week 2","whatsapp"
"7/8/2026","8784545","Product","Disatisfied-Smell","Exfoliating Caramel Crunch Body Wash - 300 ml","Mcaf397_WB","AMCCB-112","Shadowfax","7_Jul'26","7_Jul Week 2","whatsapp"
"7/8/2026","8656624","Product","Fragrance not long-lasting","Cherry Wine Perfume for Women - Citrus Sweet - 100ml","MCaf354","","DELHIVERY","7_Jul'26","7_Jul Week 2","whatsapp"
"7/8/2026","8656624","Product","Fragrance not long-lasting","Cherry Wine Perfume for Women - Citrus Sweet - 100ml","MCaf354","","DELHIVERY","7_Jul'26","7_Jul Week 2","whatsapp"
"7/8/2026","8668562","Product","Fragrance not long-lasting","Take A Dip Triple-Action Deo Body Wash 250ml","Mcaf408_WB","","DELHIVERY","7_Jul'26","7_Jul Week 2","whatsapp"
"7/8/2026","8783220","Product","Burning Sensation","Brightening Face Wash - 1% Kojic Acid & Glutathione","MCaf299","","Shadowfax","7_Jul'26","7_Jul Week 2","email"
"7/7/2026","8676297","Product","Product Not Effective","Guava Tini De-Tan Body Wash - 300 ml","Mcaf396_WB","","Shadowfax","7_Jul'26","7_Jul Week 1","whatsapp"
"7/8/2026","Fien2402650","Product","Disatisfied-Smell","007 Perfume for Men - Oriental Oud - 100ml","MCaf349","","","7_Jul'26","7_Jul Week 2","whatsapp"
"7/8/2026","8816912","Product","Reacted-Acne/Pimples","By the Blues Brightening Perfume Body Lotion - 300ml","MCaf401","ENGA6037","Xpressbees","7_Jul'26","7_Jul Week 2","whatsapp"
"7/7/2026","Fien2260490","Product","Disatisfied-Smell","Take A Dip Triple-Action Deo Body Wash 250ml","Mcaf408_WB","","Xpressbees","7_Jul'26","7_Jul Week 1","email"
"7/7/2026","8836719","Product","Reacted-Skin Irritation","By the Blues Brightening Perfume Body Lotion - 300ml","MCaf401","BB020","Xpressbees","7_Jul'26","7_Jul Week 1","whatsapp"
"7/8/2026","8656920","Product","Fragrance not long-lasting","Sweet Escape Perfume Body Lotion - 300ml","MCaf370","","DELHIVERY","7_Jul'26","7_Jul Week 2","whatsapp"
"7/8/2026","8675965","Product","Fragrance not long-lasting","Guava Tini De-Tan Body Wash - 300 ml","Mcaf396_WB","","Blitz","7_Jul'26","7_Jul Week 2","whatsapp"
"7/9/2026","8737425","Product","Fragrance not long-lasting","Take A Dip Triple-Action Deo Body Wash 250ml","Mcaf408_WB","","DELHIVERY","7_Jul'26","7_Jul Week 2","whatsapp"
"7/9/2026","8751705","Product","Change in Smell","Brightening Face Wash - 1% Kojic Acid & Glutathione","MCaf299","","Shadowfax","7_Jul'26","7_Jul Week 2","whatsapp"
"7/9/2026","Fien2363770","Product","Product Not Effective","By the Blues Brightening Perfume Body Lotion - 300ml","MCaf401","","","7_Jul'26","7_Jul Week 2","whatsapp"
"7/6/2026","8810737","Product","Disatisfied-Smell","Exfoliating Caramel Crunch Body Wash - 300 ml","Mcaf397_WB","DNGC6024","Pikndel","7_Jul'26","7_Jul Week 1","instagram"
"7/9/2026","8794594","Product","Others","Coffee Body Scrub - 100 g","MCaf40","MCBS-1079","DELHIVERY","7_Jul'26","7_Jul Week 2","whatsapp"
"7/9/2026","8747543","Product","Reacted-Skin Irritation","Super Glow Flash Facial 25% AHA+BHA+PHA Face Mask - 50gm","mcaf375","","","7_Jul'26","7_Jul Week 2","whatsapp"
"7/9/2026","8767516","Product","Reacted-Skin Irritation","Guava Tini De-Tan Body Wash - 300 ml","Mcaf396_WB","AMGTB-390","DELHIVERY","7_Jul'26","7_Jul Week 2","whatsapp"
"7/9/2026","8853972","Product","Reacted-Skin Irritation","Guava Tini De-Tan Body Wash - 300 ml","Mcaf396_WB","AMGTB-394","DELHIVERY","7_Jul'26","7_Jul Week 2","instagram"
"7/9/2026","8773215","Product","Fragrance not long-lasting","Take A Dip Triple-Action Deo Body Wash 250ml","Mcaf408_WB","","Xpressbees","7_Jul'26","7_Jul Week 2","whatsapp"
"7/8/2026","8741037","Product","Others","By the Blues Brightening Perfume Body Lotion - 80ml","MCFMUWB0401F0080","BB015","Xpressbees","7_Jul'26","7_Jul Week 2","whatsapp"
"7/8/2026","8752867","Product","Others","Brightening Body Wash | 5% Niacinamide & Raspberry Extracts (300ml)","MCaf383_WB","NAK6031R","Pikndel","7_Jul'26","7_Jul Week 2","whatsapp"
"7/8/2026","7376748","Product","Others","2% Salicylic Acid Serum-Acne Pads with Matcha Tea - 40 N","40MCaf272","CP250028","","7_Jul'26","7_Jul Week 2","whatsapp"
"7/9/2026","8815683","Product","Disatisfied-Smell","Sweet Escape Perfume Body Lotion - 300ml","MCaf370","batch number from image gmail_images20260709_123852.png","DELHIVERY","7_Jul'26","7_Jul Week 2","email"
"7/8/2026","8853113","Product","Reacted-Skin Irritation","Super Glow Flash Facial 25% AHA+BHA+PHA Face Mask - 50gm","mcaf375","NAK6078F","Xpressbees","7_Jul'26","7_Jul Week 2","whatsapp"
"7/9/2026","8804703","Product","Reacted-Acne/Pimples","2% Salicylic Acid Niacinamide & Matcha Tea Face Wash - 100 ml","MCaf270","","DELHIVERY","7_Jul'26","7_Jul Week 2","whatsapp"
"7/9/2026","8742855","Product","Product Not Effective","Take A Dip Triple-Action Deo Body Wash 250ml","Mcaf408_WB","12345","DELHIVERY","7_Jul'26","7_Jul Week 2","whatsapp"
"7/9/2026","8672709","Product","Disatisfied-Smell","10% Magnesium Body Lotion - 300ml","Mcaf398","","","7_Jul'26","7_Jul Week 2","whatsapp"
"7/9/2026","8766583","Product","Product Not Effective","Water Light Gel Oil-free Coffee Moisturizer","MCaf83_N","","DELHIVERY","7_Jul'26","7_Jul Week 2","whatsapp"
"7/9/2026","8752806","Product","Fragrance not long-lasting","By the Blues Brightening Perfume Body Lotion - 80ml","MCFMUWB0401F0080","","Shadowfax","7_Jul'26","7_Jul Week 2","whatsapp"
"7/10/2026","6a50c7dd8a84c05310507a5d","Product","Reacted-Skin Irritation","Sweet Escape Perfume Body Lotion - 300ml","MCaf370","AMSEL-315","","7_Jul'26","7_Jul Week 2","instagram"
"7/10/2026","6a50c9cf8a84c05310507dc0","Product","Reacted-Skin Irritation","Sweet Escape Perfume Body Lotion - 300ml","MCaf370","AMSEL-315","","7_Jul'26","7_Jul Week 2","whatsapp"
"7/8/2026","8668871","Product","Disatisfied-Smell","Summer Breeze Perfume Body Lotion - 300ml","MCaf371","","","7_Jul'26","7_Jul Week 2","whatsapp"
"7/10/2026","8857085","Product","Reacted-Skin Irritation","Take A Dip Triple-Action Deo Body Wash 250ml","Mcaf408_WB","AMTDW-160","DELHIVERY","7_Jul'26","7_Jul Week 2","whatsapp"
"7/9/2026","8550219","Product","Others","Guava Tini De-Tan Body Wash - 300 ml","Mcaf396_WB","AMGTB-319","Shadowfax","7_Jul'26","7_Jul Week 2","whatsapp"
"7/10/2026","8857085","Product","Reacted-Skin Irritation","Sweet Escape Perfume Body Lotion - 300ml","MCaf370","AMTDW-160","DELHIVERY","7_Jul'26","7_Jul Week 2","whatsapp"
"7/10/2026","Fien2440510","Product","Product Not Effective","High Shine Perfector Hair Spray","Mcaf406","","Shadowfax","7_Jul'26","7_Jul Week 2","whatsapp"
"7/10/2026","8782974","Product","Product Not Effective","Guava Tini De-Tan Body Wash - 300 ml","Mcaf396_WB","","Shadowfax","7_Jul'26","7_Jul Week 2","whatsapp"
"7/9/2026","8616914","Product","Reacted-Skin Irritation","11% AHA BHA Strawberry Body Lotion for Skin Smoothening","MCaf402","BNGH6004","DELHIVERY","7_Jul'26","7_Jul Week 2","whatsapp"
"7/10/2026","8850230","Product","Disatisfied-Smell","Summer Breeze Perfume Body Lotion - 300ml","MCaf371","ENGF6024","DELHIVERY","7_Jul'26","7_Jul Week 2","whatsapp"
"7/9/2026","8811759","Product","Presence of foreign particles(Hair/glass/pins)","High Shine Perfector Hair Spray","Mcaf406","","Shadowfax","7_Jul'26","7_Jul Week 2","email"
"7/9/2026","8711054","Product","Others","Guava Tini De-Tan Body Wash - 300 ml","Mcaf396_WB","AMGTB-389","Xpressbees","7_Jul'26","7_Jul Week 2","whatsapp"
"7/12/2026","8825752","Product","Fragrance not long-lasting","Guava Tini De-Tan Body Wash - 300 ml","Mcaf396_WB","","Shadowfax","7_Jul'26","7_Jul Week 2","whatsapp"
"7/12/2026","Fien2303580","Product","Fragrance not long-lasting","Take A Dip Triple-Action Deo Body Wash 250ml","Mcaf408_WB","","Blitz","7_Jul'26","7_Jul Week 2","email"
"7/12/2026","8700817","Product","Fragrance not long-lasting","Take A Dip Triple-Action Deo Body Wash 250ml","Mcaf408_WB","","Xpressbees","7_Jul'26","7_Jul Week 2","whatsapp"
"7/12/2026","8825436","Product","Fragrance not long-lasting","Sweet Escape Perfume Body Lotion - 300ml","MCaf370","","Blitz","7_Jul'26","7_Jul Week 2","whatsapp"
"7/12/2026","8790961","Product","Fragrance not long-lasting","Sweet Escape Perfume Body Lotion - 300ml","MCaf370","","Xpressbees","7_Jul'26","7_Jul Week 2","whatsapp"
"7/12/2026","8769674","Product","Fragrance not long-lasting","Take A Dip Triple-Action Deo Body Wash 250ml","Mcaf408_WB","","DELHIVERY","7_Jul'26","7_Jul Week 2","whatsapp"
"7/12/2026","8779060","Product","Fragrance not long-lasting","007 Perfume for Men - Oriental Oud - 100ml","MCaf349","","Xpressbees","7_Jul'26","7_Jul Week 2","whatsapp"
"7/11/2026","8700586","Product","Fragrance not long-lasting","Take A Dip Triple-Action Deo Body Wash 250ml","Mcaf408_WB","","Shadowfax","7_Jul'26","7_Jul Week 2","whatsapp"
"7/11/2026","8700586","Product","Fragrance not long-lasting","Take A Dip Triple-Action Deo Body Wash 250ml","Mcaf408_WB","","Shadowfax","7_Jul'26","7_Jul Week 2","whatsapp"
"7/11/2026","8814030","Product","Others","Shimmer Body Butter with Cocoa Butter - 150 g","MCaf234_WB","","ElasticRun","7_Jul'26","7_Jul Week 2","whatsapp"
"7/11/2026","8818958","Product","Fragrance not long-lasting","Sweet Escape Perfume Body Lotion - 300ml","MCaf370","","Shadowfax","7_Jul'26","7_Jul Week 2","whatsapp"
"7/11/2026","8808201","Product","Reacted-Acne/Pimples","Guava Tini De-Tan Body Wash - 300 ml","Mcaf396_WB","AMGTB-387","DELHIVERY","7_Jul'26","7_Jul Week 2","whatsapp"
"7/11/2026","8857473","Product","Disatisfied-Smell","By the Blues Brightening Perfume Body Lotion - 300ml","MCaf401","","DELHIVERY","7_Jul'26","7_Jul Week 2","whatsapp"
"7/10/2026","8670892","Product","Reacted-Acne/Pimples","Brightening Sunscreen for Dark Spots - SPF 50 PA ++++","MCaf302","","Blue Dart","7_Jul'26","7_Jul Week 2","whatsapp"
"7/10/2026","8857085","Product","Reacted-Skin Irritation","By the Blues Brightening Perfume Body Lotion - 300ml","MCaf401","","DELHIVERY","7_Jul'26","7_Jul Week 2","whatsapp"
"7/11/2026","8712797","Product","Product Not Effective","1% Kojic Acid & Glutathione Guava Fizz Soap - 300g (3x100g)","3MCaf394","UE260004","Shadowfax","7_Jul'26","7_Jul Week 2","whatsapp"
"7/11/2026","8550219","Product","Others","Sweet Escape Perfume Body Lotion - 300ml","MCaf370","","Shadowfax","7_Jul'26","7_Jul Week 2","whatsapp"
"7/11/2026","8777306","Product","Disatisfied-Smell","Sweet Escape Perfume Body Lotion - 300ml","MCaf370","AMSEL-379","Xpressbees","7_Jul'26","7_Jul Week 2","whatsapp"
"7/10/2026","8809186","Product","Product Not Effective","High Shine Glossing Shampoo","Mcaf404","FINAK6064","DELHIVERY","7_Jul'26","7_Jul Week 2","whatsapp"
"7/10/2026","8763131","Product","Product Not Effective","Guava Tini De-Tan Body Wash - 300 ml","Mcaf396_WB","","Shadowfax","7_Jul'26","7_Jul Week 2","whatsapp"
"7/11/2026","8763024","Product","Fragrance not long-lasting","By the Blues Brightening Perfume Body Lotion - 80ml","MCFMUWB0401F0080","","Shadowfax","7_Jul'26","7_Jul Week 2","whatsapp"
"7/13/2026","8838333","Product","Fragrance not long-lasting","Island Fresh Triple Action Deo Body Wash","Mcaf409_WB","","DTDC","7_Jul'26","7_Jul Week 2","whatsapp"
"7/11/2026","8859968","Product","Reacted-Skin Irritation","Super Glow Flash Facial 25% AHA+BHA+PHA Face Mask - 50gm","mcaf375","","DELHIVERY","7_Jul'26","7_Jul Week 2","email"
"7/13/2026","8821594","Product","Fragrance not long-lasting","Sweet Escape Perfume Body Lotion - 300ml","MCaf370","","DELHIVERY","7_Jul'26","7_Jul Week 2","whatsapp"
"7/13/2026","8814280","Product","Fragrance not long-lasting","Sweet Escape Perfume Body Lotion - 300ml","MCaf370","","Shadowfax","7_Jul'26","7_Jul Week 2","whatsapp"
"7/13/2026","8832971","Product","Fragrance not long-lasting","Slow Kiss Perfume for Men - Aromatic Fresh - 100ml","MCaf351","","Xpressbees","7_Jul'26","7_Jul Week 2","whatsapp"
"7/13/2026","8832374","Product","Fragrance not long-lasting","Sweet Escape Perfume Body Lotion - 300ml","MCaf370","","Xpressbees","7_Jul'26","7_Jul Week 2","whatsapp"
"7/13/2026","8843054","Product","Reacted-Skin Irritation","11% AHA BHA Strawberry Body Lotion for Skin Smoothening","MCaf402","AE04","Shadowfax","7_Jul'26","7_Jul Week 2","whatsapp"
"7/11/2026","8794897","Product","Fragrance not long-lasting","1% Kojic Acid & Glutathione Guava Fizz Soap - 300g (3x100g)","3MCaf394","A/GF2505","DELHIVERY","7_Jul'26","7_Jul Week 2","whatsapp"
"7/12/2026","6a4fa18c5ac46103ce2242c3","Product","Disatisfied-Smell","Blueberry Breeze Body Scrub - 175g","MCaf285_WB","B15","","7_Jul'26","7_Jul Week 2","whatsapp"
"7/13/2026","8808068","Product","Fragrance not long-lasting","Take A Dip Triple-Action Deo Body Wash 250ml","Mcaf408_WB","","DELHIVERY","7_Jul'26","7_Jul Week 2","whatsapp"
"7/14/2026","8753351","Product","Fragrance not long-lasting","Super Glow Flash Facial 25% AHA+BHA+PHA Face Mask - 50gm","mcaf375","","DELHIVERY","7_Jul'26","7_Jul Week 2","whatsapp"
"7/14/2026","8593595","Product","Fragrance not long-lasting","Take A Dip Triple-Action Deo Body Wash 250ml","Mcaf408_WB","AMTDW-096","DELHIVERY","7_Jul'26","7_Jul Week 2","whatsapp"
"7/14/2026","8825410","Product","Fragrance not long-lasting","Take A Dip Triple-Action Deo Body Wash 250ml","Mcaf408_WB","","DELHIVERY","7_Jul'26","7_Jul Week 2","whatsapp"
"7/14/2026","8798819","Product","Fragrance not long-lasting","Guava Tini De-Tan Body Wash - 300 ml","Mcaf396_WB","","DELHIVERY","7_Jul'26","7_Jul Week 2","whatsapp"
"7/14/2026","8837133","Product","Fragrance not long-lasting","Take A Dip Triple-Action Deo Body Wash 250ml","Mcaf408_WB","","Shadowfax","7_Jul'26","7_Jul Week 2","whatsapp"
"7/14/2026","8878858","Product","Disatisfied-Smell","By the Blues Brightening Perfume Body Lotion - 300ml","MCaf401","CB019","DELHIVERY","7_Jul'26","7_Jul Week 2","whatsapp"
"7/14/2026","8840844","Product","Reacted-Skin Irritation","Guava Tini De-Tan Body Wash - 300 ml","Mcaf396_WB","","Xpressbees","7_Jul'26","7_Jul Week 2","whatsapp"
"7/3/2026","Fien2060470","Product","Fragrance not long-lasting","Take A Dip Triple-Action Deo Body Wash 250ml","Mcaf408_WB","8121","DELHIVERY","7_Jul'26","7_Jul Week 1","email"
"7/13/2026","8683426","Product","Reacted-Skin Irritation","Blueberry Swirl Serum In Body Lotion With Niacinamide","MCaf298_WB","V92","DTDC","7_Jul'26","7_Jul Week 2","whatsapp"
"7/14/2026","Fien2402140","Product","Product Not Effective","High Shine Perfector Hair Spray","Mcaf406","ANAK6082","Xpressbees","7_Jul'26","7_Jul Week 2","whatsapp"
"7/11/2026","Fien2186580","Product","Product Not Effective","Take A Dip Triple-Action Deo Body Wash 250ml","Mcaf408_WB","","","7_Jul'26","7_Jul Week 2","whatsapp"
"7/13/2026","8806378","Product","Fragrance not long-lasting","Take A Dip Triple-Action Deo Body Wash 250ml","Mcaf408_WB","AMTDW-126","Xpressbees","7_Jul'26","7_Jul Week 2","whatsapp"
"7/17/2026","Fien2415890","Product","Fragrance not long-lasting","By the Blues Brightening Perfume Body Lotion - 300ml","MCaf401","","ElasticRun","7_Jul'26","7_Jul Week 3","whatsapp"
"7/16/2026","8736492","Product","Fragrance not long-lasting","Sweet Escape Perfume Body Lotion - 300ml","MCaf370","","Xpressbees","7_Jul'26","7_Jul Week 3","whatsapp"
"7/15/2026","8851483","Product","Fragrance not long-lasting","Coffee Face Wash - 100 ml","MCaf41","","Xpressbees","7_Jul'26","7_Jul Week 3","whatsapp"
"7/15/2026","8046923","Product","Fragrance not long-lasting","By the Blues Brightening Perfume Body Lotion - 300ml","MCaf401","","DELHIVERY","7_Jul'26","7_Jul Week 3","whatsapp"
"7/15/2026","Fien2363770","Product","Product Not Effective","By the Blues Brightening Perfume Body Lotion - 300ml","MCaf401","","Shadowfax","7_Jul'26","7_Jul Week 3","whatsapp"
"7/14/2026","8862503","Product","Reacted-Skin Irritation","By the Blues Brightening Perfume Body Lotion - 300ml","MCaf401","BB026","DELHIVERY","7_Jul'26","7_Jul Week 2","whatsapp"
"7/15/2026","8849150","Product","Reacted-Acne/Pimples","2% Salicylic Acid Niacinamide & Matcha Tea Face Wash - 100 ml","MCaf270","MMFW-025","Shadowfax","7_Jul'26","7_Jul Week 3","whatsapp"
"7/11/2026","8843316","Product","Disatisfied-Smell","Blueberry Swirl Deep Moisturizing Body Butter","MCaf345_WB","BB17","Shadowfax","7_Jul'26","7_Jul Week 2","email"
"7/15/2026","8821132","Product","Fragrance not long-lasting","Summer Breeze Perfume Body Lotion - 300ml","MCaf371","","DELHIVERY","7_Jul'26","7_Jul Week 3","whatsapp"
"7/15/2026","8847348","Product","Fragrance not long-lasting","Take A Dip Triple-Action Deo Body Wash 250ml","Mcaf408_WB","","Shadowfax","7_Jul'26","7_Jul Week 3","whatsapp"
"7/19/2026","8890284","Product","Fragrance not long-lasting","Pore Cleanse Coffee Cookie Detan Face Mask - 100gm","MCaf388","","Shadowfax","7_Jul'26","7_Jul Week 3","whatsapp"
"7/18/2026","8768643","Product","Fragrance not long-lasting","1% Kojic Acid & Glutathione Guava Fizz Soap - 300g (3x100g)","3MCaf394","","DELHIVERY","7_Jul'26","7_Jul Week 3","whatsapp"
"7/19/2026","8876588","Product","Fragrance not long-lasting","By the Blues Brightening Perfume Body Lotion - 300ml","MCaf401","","Xpressbees","7_Jul'26","7_Jul Week 3","whatsapp"
"7/19/2026","Fien2303580","Product","Fragrance not long-lasting","Take A Dip Triple-Action Deo Body Wash 250ml","Mcaf408_WB","","Blitz","7_Jul'26","7_Jul Week 3","whatsapp"
"7/18/2026","8507616","Product","Product Not Effective","Guava Tini De-Tan Body Wash - 300 ml","Mcaf396_WB","AMGTB-318","DELHIVERY","7_Jul'26","7_Jul Week 3","email"
"7/18/2026","8676220","Product","Product Not Effective","Guava Tini De-Tan Body Wash - 300 ml","Mcaf396_WB","AMGTB-361","Shadowfax","7_Jul'26","7_Jul Week 3","whatsapp"
"7/18/2026","8603469","Product","Reacted-Skin Irritation","Exfoliating Caramel Crunch Body Wash - 300 ml","Mcaf397_WB","AMCCB-111","Shadowfax","7_Jul'26","7_Jul Week 3","email"
"7/18/2026","8942745","Product","Fragrance not long-lasting","10% Magnesium Body Lotion - 300ml","Mcaf398","AB005","Shadowfax","7_Jul'26","7_Jul Week 3","whatsapp"
"7/18/2026","8748464","Product","Disatisfied-Smell","Take A Dip Triple-Action Deo Body Wash 250ml","Mcaf408_WB","","Blue Dart","7_Jul'26","7_Jul Week 3","whatsapp"
"7/17/2026","8656733","Product","Reacted-Skin Irritation","Guava Tini De-Tan Body Wash - 300 ml","Mcaf396_WB","AMGTB-393","DELHIVERY","7_Jul'26","7_Jul Week 3","whatsapp"
"7/18/2026","8784864","Product","Others","Brightening Raspberry SPF 50 PA+++ Body Sunscreen Lotion - 200 ml","MCaf385","AMCES-003","DELHIVERY","7_Jul'26","7_Jul Week 3","instagram"
"7/16/2026","8507616","Product","Product Not Effective","Guava Tini De-Tan Body Wash - 300 ml","Mcaf396_WB","AMGTB-318","DELHIVERY","7_Jul'26","7_Jul Week 3","email"
"7/17/2026","8904654","Product","Product Not Effective","Take A Dip Triple-Action Deo Body Wash 250ml","Mcaf408_WB","","Shadowfax","7_Jul'26","7_Jul Week 3","whatsapp"
"7/15/2026","8734039","Product","Product Not Effective","Guava Tini De-Tan Body Wash - 300 ml","Mcaf396_WB","","DELHIVERY","7_Jul'26","7_Jul Week 3","whatsapp"
"7/17/2026","8777335","Product","Product Not Effective","Exfoliating Caramel Crunch Body Wash - 300 ml","Mcaf397_WB","DNGC6020","Pikndel","7_Jul'26","7_Jul Week 3","whatsapp"
"7/16/2026","8909042","Product","Reacted-Skin Irritation","Sweet Escape Perfume Body Lotion - 300ml","MCaf370","ENGE6042","DELHIVERY","7_Jul'26","7_Jul Week 3","whatsapp"
"7/20/2026","8798605","Product","Fragrance not long-lasting","Take A Dip Triple-Action Deo Body Wash 250ml","Mcaf408_WB","","Shadowfax","7_Jul'26","7_Jul Week 3","whatsapp"
"7/19/2026","8929011","Product","Reacted-Skin Irritation","Blueberry Swirl Deep Moisturizing Body Butter","MCaf345_WB","BB15","Xpressbees","7_Jul'26","7_Jul Week 3","whatsapp"
"7/20/2026","8887947","Product","Fragrance not long-lasting","Island Fresh Triple Action Deo Body Wash","Mcaf409_WB","","Shadowfax","7_Jul'26","7_Jul Week 3","whatsapp"
"7/19/2026","8870310","Product","Reacted-Skin Irritation","Summer Breeze Perfume Body Lotion - 300ml","MCaf371","BB014","","7_Jul'26","7_Jul Week 3","whatsapp"
"7/18/2026","ECOMMERCE","Product","Product Not Effective","Exfoliating Caramel Crunch Body Wash - 300 ml","Mcaf397_WB","AMCBF-070","","7_Jul'26","7_Jul Week 3","email"
"7/21/2026","8950893","Product","Disatisfied-Smell","Take A Dip Triple-Action Deo Body Wash 250ml","Mcaf408_WB","ENGA6036","DELHIVERY","7_Jul'26","7_Jul Week 3","instagram"
"7/21/2026","8853484","Product","Disatisfied-Smell","Take A Dip Triple-Action Deo Body Wash 250ml","Mcaf408_WB","AMTDW-144","Xpressbees","7_Jul'26","7_Jul Week 3","whatsapp"
"7/21/2026","8925658","Product","Product Not Effective","Summer Breeze Perfume Body Lotion - 300ml","MCaf371","","","7_Jul'26","7_Jul Week 3","whatsapp"
"7/20/2026","8956700","Product","Disatisfied-Smell","By the Blues Brightening Perfume Body Lotion - 300ml","MCaf401","","DELHIVERY","7_Jul'26","7_Jul Week 3","email"
"7/21/2026","8842593","Product","Reacted-Acne/Pimples","Coffee Face Wash 50 ml","50MCaf41_WB_F","MCFW651","DELHIVERY","7_Jul'26","7_Jul Week 3","whatsapp"
"7/21/2026","8920719","Product","Fragrance not long-lasting","Take A Dip Triple-Action Deo Body Wash 250ml","Mcaf408_WB","","DELHIVERY","7_Jul'26","7_Jul Week 3","email"
"7/21/2026","8959061","Product","Disatisfied-Smell","Sweet Escape Perfume Body Lotion - 300ml","MCaf370","ENGE6046","Xpressbees","7_Jul'26","7_Jul Week 3","whatsapp"
"7/21/2026","8959638","Product","Disatisfied-Smell","Take A Dip Triple-Action Deo Body Wash 250ml","Mcaf408_WB","ENGE6046","Shadowfax","7_Jul'26","7_Jul Week 3","whatsapp"
"7/21/2026","8769670","Product","Fragrance not long-lasting","Exfoliating Caramel Crunch Body Wash - 300 ml","Mcaf397_WB","","Shadowfax","7_Jul'26","7_Jul Week 3","whatsapp"
"7/20/2026","8925658","Product","Others","By the Blues Brightening Perfume Body Lotion - 300ml","MCaf401","ENGA6023","DELHIVERY","7_Jul'26","7_Jul Week 3","whatsapp"
"7/20/2026","8967565","Product","Change in consistency","2% Salicylic Acid Niacinamide & Matcha Tea Face Wash - 100 ml","MCaf270","","Shadowfax","7_Jul'26","7_Jul Week 3","whatsapp"
"7/21/2026","8920719","Product","Fragrance not long-lasting","Take A Dip Triple-Action Deo Body Wash 250ml","Mcaf408_WB","","DELHIVERY","7_Jul'26","7_Jul Week 3","whatsapp"
"7/20/2026","8963939","Product","Disatisfied-Smell","Bite of Desire Perfume for Women- Vanilla & Lavender - 100ml","MCaf393","","Shadowfax","7_Jul'26","7_Jul Week 3","email"
"7/18/2026","8779379","Product","Change in Smell","Caramel Eclairs Coffee Body Scrub","Mcaf407","AMCES-008","Shadowfax","7_Jul'26","7_Jul Week 3","whatsapp"
"7/21/2026","8783180","Product","Fragrance not long-lasting","By the Blues Brightening Perfume Body Lotion - 80ml","MCFMUWB0401F0080","","Xpressbees","7_Jul'26","7_Jul Week 3","whatsapp"
"7/20/2026","8798605","Product","Fragrance not long-lasting","Take A Dip Triple-Action Deo Body Wash 250ml","Mcaf408_WB","","Shadowfax","7_Jul'26","7_Jul Week 3","whatsapp"
"7/19/2026","8929011","Product","Reacted-Skin Irritation","Blueberry Swirl Deep Moisturizing Body Butter","MCaf345_WB","BB15","Xpressbees","7_Jul'26","7_Jul Week 3","whatsapp"
"7/20/2026","8887947","Product","Fragrance not long-lasting","Island Fresh Triple Action Deo Body Wash","Mcaf409_WB","","Shadowfax","7_Jul'26","7_Jul Week 3","whatsapp"
"7/19/2026","8870310","Product","Reacted-Skin Irritation","Summer Breeze Perfume Body Lotion - 300ml","MCaf371","BB014","","7_Jul'26","7_Jul Week 3","whatsapp"
"7/18/2026","ECOMMERCE","Product","Product Not Effective","Exfoliating Caramel Crunch Body Wash - 300 ml","Mcaf397_WB","AMCBF-070","","7_Jul'26","7_Jul Week 3","email"
"7/19/2026","8890284","Product","Fragrance not long-lasting","Pore Cleanse Coffee Cookie Detan Face Mask - 100gm","MCaf388","","Shadowfax","7_Jul'26","7_Jul Week 3","whatsapp"
"7/19/2026","8876588","Product","Fragrance not long-lasting","By the Blues Brightening Perfume Body Lotion - 300ml","MCaf401","","Xpressbees","7_Jul'26","7_Jul Week 3","whatsapp"
"7/19/2026","Fien2303580","Product","Fragrance not long-lasting","Take A Dip Triple-Action Deo Body Wash 250ml","Mcaf408_WB","","Blitz","7_Jul'26","7_Jul Week 3","whatsapp"
"7/18/2026","8507616","Product","Product Not Effective","Guava Tini De-Tan Body Wash - 300 ml","Mcaf396_WB","AMGTB-318","DELHIVERY","7_Jul'26","7_Jul Week 3","email"
"7/18/2026","8676220","Product","Product Not Effective","Guava Tini De-Tan Body Wash - 300 ml","Mcaf396_WB","AMGTB-361","Shadowfax","7_Jul'26","7_Jul Week 3","whatsapp"
"7/18/2026","8603469","Product","Reacted-Skin Irritation","1% Salicylic & Lactic Acid Caramel Crunch Soap - 300g (3x100g)","3MCaf395","AMCCB-111","Shadowfax","7_Jul'26","7_Jul Week 3","email"
"7/21/2026","8779117","Product","Fragrance not long-lasting","Take A Dip Triple-Action Deo Body Wash 250ml","Mcaf408_WB","","Xpressbees","7_Jul'26","7_Jul Week 3","whatsapp"
"7/21/2026","8901369","Product","Fragrance not long-lasting","Take A Dip Triple-Action Deo Body Wash 250ml","Mcaf408_WB","","Pikndel","7_Jul'26","7_Jul Week 3","whatsapp"
"7/21/2026","Fien2468660","Product","Disatisfied-Smell","Sweet Escape Perfume Body Lotion - 300ml","MCaf370","","","7_Jul'26","7_Jul Week 3","whatsapp"
"7/21/2026","8955713","Product","Reacted-Skin Irritation","Super Glow Flash Facial 25% AHA+BHA+PHA Face Mask - 50gm","mcaf375","NAK6017F","","7_Jul'26","7_Jul Week 3","whatsapp"
"7/21/2026","8986248","Product","Reacted-Skin Irritation","By the Blues Brightening Perfume Body Lotion - 300ml","MCaf401","","","7_Jul'26","7_Jul Week 3","whatsapp"
"7/22/2026","8925328","Product","Reacted-Skin Irritation","Caramel Eclairs Coffee Body Scrub","Mcaf407","AMCES-003","Pikndel","7_Jul'26","7_Jul Week 4","whatsapp"
"7/21/2026","8945090","Product","Disatisfied-Smell","Island Fresh Triple Action Deo Body Wash","Mcaf409_WB","","Shadowfax","7_Jul'26","7_Jul Week 3","email"
"7/22/2026","8900663","Product","Fragrance not long-lasting","Sweet Escape Perfume Body Lotion - 300ml","MCaf370","","DELHIVERY","7_Jul'26","7_Jul Week 4","whatsapp"
"7/22/2026","8949426","Product","Product Not Effective","High Shine Perfector Hair Spray","Mcaf406","","","7_Jul'26","7_Jul Week 4","email"
"7/22/2026","8824638","Product","Fragrance not long-lasting","11% AHA BHA Strawberry Body Lotion for Skin Smoothening","MCaf402","","Shadowfax","7_Jul'26","7_Jul Week 4","whatsapp"
"7/22/2026","Fien2435270","Product","Fragrance not long-lasting","Take A Dip Triple-Action Deo Body Wash 250ml","Mcaf408_WB","","","7_Jul'26","7_Jul Week 4","whatsapp"
"7/22/2026","8717173","Product","Disatisfied-Smell","Take A Dip Triple-Action Deo Body Wash 250ml","Mcaf408_WB","","","7_Jul'26","7_Jul Week 4","whatsapp"
"7/22/2026","8949426","Product","Product Not Effective","High Shine Perfector Hair Spray","Mcaf406","","","7_Jul'26","7_Jul Week 4","email"
"7/19/2026","8913875","Product","Disatisfied-Smell","Take A Dip Triple-Action Deo Body Wash 250ml","Mcaf408_WB","","Shadowfax","7_Jul'26","7_Jul Week 3","email"
"7/22/2026","Fien2389880","Product","Fragrance not long-lasting","Island Fresh Triple Action Deo Body Wash","Mcaf409_WB","","","7_Jul'26","7_Jul Week 4","whatsapp"
"7/22/2026","8915766","Product","Fragrance not long-lasting","Sweet Escape Perfume Body Lotion - 300ml","MCaf370","ENGA6045","DELHIVERY","7_Jul'26","7_Jul Week 4","whatsapp"
"7/23/2026","8901498","Product","Fragrance not long-lasting","Guava Tini De-Tan Body Wash - 300 ml","Mcaf396_WB","","Shadowfax","7_Jul'26","7_Jul Week 4","whatsapp"
"7/22/2026","8968999","Product","Change in color","Exfoliating Caramel Crunch Body Wash - 300 ml","Mcaf397_WB","","DELHIVERY","7_Jul'26","7_Jul Week 4","whatsapp"
"7/22/2026","NA","Product","Product Not Effective","High Shine Perfector Hair Spray","Mcaf406","","","7_Jul'26","7_Jul Week 4","whatsapp"
"7/23/2026","8794334","Product","Reacted-Skin Irritation","Guava Tini De-Tan Body Wash - 300 ml","Mcaf396_WB","AMGTB-364","Xpressbees","7_Jul'26","7_Jul Week 4","whatsapp"
"7/23/2026","8530596","Product","Product Not Effective","Brightening Body Wash | 5% Niacinamide & Raspberry Extracts (300ml)","MCaf383_WB","MCBB-205","Shadowfax","7_Jul'26","7_Jul Week 4","instagram"
"7/23/2026","8530596","Product","Fragrance not long-lasting","Brightening Body Wash | 5% Niacinamide & Raspberry Extracts (300ml)","MCaf383_WB","MCBB-205","Shadowfax","7_Jul'26","7_Jul Week 4","instagram"
"7/23/2026","8913722","Product","Fragrance not long-lasting","Take A Dip Triple-Action Deo Body Wash 250ml","Mcaf408_WB","","DELHIVERY","7_Jul'26","7_Jul Week 4","whatsapp"
"7/23/2026","8347512 ","Product","Product Not Effective","Guava Tini De-Tan Body Wash - 300 ml","Mcaf396_WB","","","7_Jul'26","7_Jul Week 4","whatsapp"
"7/24/2026","8819126","Product","Fragrance not long-lasting","Brightening Raspberry Rush Body Wash","25SmCaf383_WB","","DELHIVERY","7_Jul'26","7_Jul Week 4","whatsapp"
"7/24/2026","8984873","Product","Reacted-Skin Irritation","Take A Dip Triple-Action Deo Body Wash 250ml","Mcaf408_WB","","DELHIVERY","7_Jul'26","7_Jul Week 4","whatsapp"
"7/24/2026","8830371","Product","Change in Smell","Choco Body Butter - 250g","MCaf48","CBB-186","DELHIVERY","7_Jul'26","7_Jul Week 4","whatsapp"
"7/24/2026","8871801","Product","Fragrance not long-lasting","By the Blues Brightening Perfume Body Lotion - 300ml","MCaf401","ENGA6068","Shadowfax","7_Jul'26","7_Jul Week 4","whatsapp"
"7/24/2026","8942759","Product","Product not effective","High Shine Glossing Shampoo","Mcaf404","","Shadowfax","7_Jul'26","7_Jul Week 4","whatsapp"
"7/24/2026","8920719","Product","Fragrance not long-lasting","Take A Dip Triple-Action Deo Body Wash 250ml","Mcaf408_WB","","DELHIVERY","7_Jul'26","7_Jul Week 4","whatsapp"
"7/24/2026","8863013","Product","Product not effective","By The Blues Brightening Body Scrub 175g","MCFMUWB0415F0175","","Blue Dart","7_Jul'26","7_Jul Week 4","whatsapp"
"7/24/2026","8920169","Product","Product not effective","Coffee Under Eye Cream - 15 ml","15MCaf62","B6010","Shadowfax","7_Jul'26","7_Jul Week 4","whatsapp"
"7/25/2026","8850042","Product","Product Not Effective","High Shine Perfector Hair Spray","Mcaf406","ANAL6081","Pikndel","7_Jul'26","7_Jul Week 4","whatsapp"
"7/25/2026","8831023","Product","Reacted-Acne/Pimples","Anti-Ageing Night Cream with Black Tea Complex - 50 ml","MCaf259","NAK5135F","Blue Dart","7_Jul'26","7_Jul Week 4","whatsapp"
"7/24/2026","9002100","Product","Change in Smell","By the Blues Brightening Perfume Body Lotion - 300ml","MCaf401","ENGA6040","Shadowfax","7_Jul'26","7_Jul Week 4","email"
"7/25/2026","8915587","Product","Texture Issue","Coffee Body Scrub - 100 g","MCaf40","MCBS-1069","DELHIVERY","7_Jul'26","7_Jul Week 4","whatsapp"
"7/24/2026","8942774","Product","Texture Issue","Coffee Body Scrub - 100 g","MCaf40","","DELHIVERY","7_Jul'26","7_Jul Week 4","email"
"7/25/2026","8976625","Product","Reacted-Skin Irritation","10% Magnesium Body Lotion - 300ml","Mcaf398","CNGD6010","Pikndel","7_Jul'26","7_Jul Week 4","whatsapp"
"7/25/2026","Fien2562170","Product","Fragrance not long-lasting","Perfume Gift Set for Men Curated by Women - 20 ml x 4","MGKIT64_SWM","","Xpressbees","7_Jul'26","7_Jul Week 4","whatsapp"
"7/25/2026","Fien2578380","Product","Change in Smell","Guava Tini De-Tan Body Wash - 300 ml","Mcaf396_WB","AMGTB-348","Shadowfax","7_Jul'26","7_Jul Week 4","whatsapp"
"7/25/2026","8941810","Product","Fragrance not long-lasting","Take A Dip Triple-Action Deo Body Wash 250ml","Mcaf408_WB","","Shadowfax","7_Jul'26","7_Jul Week 4","whatsapp"
"7/25/2026","8842361","Product","Presence of foreign particles(Hair/glass/pins)","Moisturizing & Creamy Coffee Body Scrub with Berries - 200g","MCaf199","MCSB-006","Shadowfax","7_Jul'26","7_Jul Week 4","whatsapp"
"7/25/2026","8931038","Product","Fragrance not long-lasting","Guava Tini De-Tan Body Wash - 300 ml","Mcaf396_WB","AMGTB-423","DELHIVERY","7_Jul'26","7_Jul Week 4","whatsapp"
"7/25/2026","8944201","Product","Fragrance not long-lasting","By the Blues Brightening Perfume Body Lotion - 300ml","MCaf401","","DELHIVERY","7_Jul'26","7_Jul Week 4","whatsapp"
"7/26/2026","Fien2558500","Product","Fragrance not long-lasting","Island Fresh Triple Action Deo Body Wash","Mcaf409_WB","","DELHIVERY","7_Jul'26","7_Jul Week 4","whatsapp"
"7/26/2026","8943633","Product","Fragrance not long-lasting","Sweet Escape Perfume Body Lotion - 300ml","MCaf370","","Shadowfax","7_Jul'26","7_Jul Week 4","whatsapp"
"7/26/2026","8847402","Product","Fragrance not long-lasting","By the Blues Brightening Perfume Body Lotion - 300ml","MCaf401","","DELHIVERY","7_Jul'26","7_Jul Week 4","whatsapp"
"7/26/2026","8879537","Product","Fragrance not long-lasting","Sweet Escape Perfume Body Lotion - 300ml","MCaf370","","Shadowfax","7_Jul'26","7_Jul Week 4","whatsapp"
"7/26/2026","8936094","Product","Fragrance not long-lasting","Exfoliating Caramel Crunch Body Wash - 300 ml","Mcaf397_WB","","DELHIVERY","7_Jul'26","7_Jul Week 4","whatsapp"
"7/26/2026","8961848","Product","Fragrance not long-lasting","Take A Dip Triple-Action Deo Body Wash 250ml","Mcaf408_WB","","DELHIVERY","7_Jul'26","7_Jul Week 4","whatsapp"
"7/26/2026","8704632","Product","Reacted-Skin Irritation","Guava Tini De-Tan Body Wash - 300 ml","Mcaf396_WB","AMGTB-137","","7_Jul'26","7_Jul Week 4","whatsapp"
"7/26/2026","8976015","Product","Others","Sweet Escape Perfume Body Lotion - 300ml","MCaf370","AMSEL-359","Shadowfax","7_Jul'26","7_Jul Week 4","whatsapp"
"7/26/2026","8953592","Product","Reacted-Skin Irritation","Pore Cleanse Coffee Cookie Detan Face Mask - 100gm","MCaf388","","","7_Jul'26","7_Jul Week 4","whatsapp"
"7/26/2026","9004599","Product","Reacted-Skin Irritation","By the Blues Brightening Perfume Body Lotion - 300ml","MCaf401","BB022","DELHIVERY","7_Jul'26","7_Jul Week 4","whatsapp"
"7/27/2026","8864676","Product","Fragrance not long-lasting","Take A Dip Triple-Action Deo Body Wash 250ml","Mcaf408_WB","","Xpressbees","7_Jul'26","7_Jul Week 4","whatsapp"
"7/27/2026","8977692","Product","Fragrance not long-lasting","Unisex Perfume Gift Kit - 20ml x 4","MGKIT62_ACG","","Blitz","7_Jul'26","7_Jul Week 4","whatsapp"
"7/25/2026","8985213","Product","Reacted-Skin Irritation","Green Tea Under Eye Cream with 3% Caffeine - 15 ml","MCaf224","B6009","DELHIVERY","7_Jul'26","7_Jul Week 4","email"
"7/27/2026","9005240","Product","Texture Issue","11% AHA BHA Strawberry Body Lotion for Skin Smoothening","MCaf402","ENGH6001","DELHIVERY","7_Jul'26","7_Jul Week 4","whatsapp"
"7/27/2026","8973204","Product","Fragrance not long-lasting","Sweet Escape Perfume Body Lotion - 300ml","MCaf370","","Shadowfax","7_Jul'26","7_Jul Week 4","whatsapp"
"7/25/2026","8924484","Product","Reacted-Acne/Pimples","2% Salicylic Acid Niacinamide & Matcha Tea Face Wash - 100 ml","MCaf270","","DELHIVERY","7_Jul'26","7_Jul Week 4","whatsapp"
"7/26/2026","8924867","Product","Disatisfied-Smell","Guava Tini De-Tan Body Wash - 300 ml","Mcaf396_WB","","DELHIVERY","7_Jul'26","7_Jul Week 4","whatsapp"
"7/27/2026","8960027","Product","Fragrance not long-lasting","Take A Dip Triple-Action Deo Body Wash 250ml","Mcaf408_WB","AMTDW-074","Shadowfax","7_Jul'26","7_Jul Week 4","whatsapp"
"7/27/2026","8947043","Product","Fragrance not long-lasting","Take A Dip Triple-Action Deo Body Wash 250ml","Mcaf408_WB","AMTDW-174","Xpressbees","7_Jul'26","7_Jul Week 4","whatsapp"
"7/26/2026","8963851","Product","Reacted-Skin Irritation","1% Kojic Acid & Glutathione Guava Fizz Soap - 300g (3x100g)","3MCaf394","A/GF2505","Blue Dart","7_Jul'26","7_Jul Week 4","whatsapp"
"7/27/2026","8932661","Product","Fragrance not long-lasting","Sweet Escape Perfume Body Lotion - 300ml","MCaf370","","Xpressbees","7_Jul'26","7_Jul Week 4","whatsapp"
"7/27/2026","8979235","Product","Reacted-Skin Irritation","Guava Tini De-Tan Body Wash - 300 ml","Mcaf396_WB","AMGTB-421","Shadowfax","7_Jul'26","7_Jul Week 4","whatsapp"
"7/25/2026","8956661","Product","Others","Sweet Escape Perfume Body Lotion - 300ml","MCaf370","AMSEL-307","Shadowfax","7_Jul'26","7_Jul Week 4","whatsapp"
"7/27/2026","8964321","Product","Fragrance not long-lasting","Summer Breeze Perfume Body Lotion - 300ml","MCaf371","","DELHIVERY","7_Jul'26","7_Jul Week 4","whatsapp"
"7/24/2026","8977320","Product","Formation of Fungus","1% Kojic Acid & Glutathione Guava Fizz Soap - 300g (3x100g)","3MCaf394","","","7_Jul'26","7_Jul Week 4","whatsapp"
"7/25/2026","8826642","Product","Fragrance not long-lasting","Sweet Escape Perfume Body Lotion - 300ml","MCaf370","","DELHIVERY","7_Jul'26","7_Jul Week 4","whatsapp"
"7/26/2026","8882939","Product","Fragrance not long-lasting","Take A Dip Triple-Action Deo Body Wash 250ml","Mcaf408_WB","","Shadowfax","7_Jul'26","7_Jul Week 4","whatsapp"
"7/28/2026","8952559","Product","Disatisfied-Smell","Guava Tini De-Tan Body Scrub 175g","MCFMUBX0418F0100","","Shadowfax","7_Jul'26","7_Jul Week 4","whatsapp"
"7/26/2026","8946845","Product","Reacted-Skin Irritation","Brightening Sunscreen for Dark Spots - SPF 50 PA ++++","MCaf302","","DELHIVERY","7_Jul'26","7_Jul Week 4","email"
"7/28/2026","8953359","Product","Reacted-Skin Irritation","Take A Dip Triple-Action Deo Body Wash 250ml","Mcaf408_WB","","","7_Jul'26","7_Jul Week 4","whatsapp"
"7/28/2026","7812529","Product","Others","Coffee Hydrogel Under Eye Patches with Caffeine & HA - 30 Pairs","MCaf177","","","7_Jul'26","7_Jul Week 4","whatsapp"
"7/28/2026","Fien2585240","Product","Fragrance not long-lasting","Take A Dip Triple-Action Deo Body Wash 250ml","Mcaf408_WB","","Xpressbees","7_Jul'26","7_Jul Week 4","whatsapp"
"7/28/2026","8967098","Product","Fragrance not long-lasting","Take A Dip Triple-Action Deo Body Wash 250ml","Mcaf408_WB","","DELHIVERY","7_Jul'26","7_Jul Week 4","whatsapp"
"7/28/2026","8489093","Product","Reacted-Skin Irritation","Guava Tini De-Tan Body Wash - 300 ml","Mcaf396_WB","AMGTB-315","Pikndel","7_Jul'26","7_Jul Week 4","whatsapp"
"7/28/2026","8956734","Product","Fragrance not long-lasting","Take A Dip Triple-Action Deo Body Wash 250ml","Mcaf408_WB","","DELHIVERY","7_Jul'26","7_Jul Week 4","whatsapp"
"7/28/2026","8991819","Product","Fragrance not long-lasting","Sweet Escape Perfume Body Lotion - 300ml","MCaf370","","Blitz","7_Jul'26","7_Jul Week 4","whatsapp"
"7/28/2026","9014040","Product","Disatisfied-Smell","By the Blues Brightening Perfume Body Lotion - 300ml","MCaf401","ENGA6048","Xpressbees","7_Jul'26","7_Jul Week 4","email"
"7/28/2026","8948696","Product","Fragrance not long-lasting","Summer Breeze Perfume Body Lotion - 300ml","MCaf371","","DELHIVERY","7_Jul'26","7_Jul Week 4","whatsapp"
"7/28/2026","8914692","Product","Fragrance not long-lasting","Sweet Escape Perfume Body Lotion - 300ml","MCaf370","","Xpressbees","7_Jul'26","7_Jul Week 4","whatsapp"
"7/28/2026","8924131","Product","Change in color","Coffee Face Wash - 100 ml","MCaf41","MMFW-027","Shadowfax","7_Jul'26","7_Jul Week 4","whatsapp"
"7/29/2026","ECOMMERCE","Product","Product not effective","High Shine Perfector Hair Spray","Mcaf406","","","7_Jul'26","7_Jul Week 5","instagram"
"7/29/2026","8857740","Product","Fragrance not long-lasting","Summer Breeze Perfume Body Lotion - 300ml","MCaf371","BB014","Blitz","7_Jul'26","7_Jul Week 5","whatsapp"
"7/29/2026","9014849","Product","Fragrance not long-lasting","By the Blues Brightening Perfume Body Lotion - 300ml","MCaf401","BB013","DELHIVERY","7_Jul'26","7_Jul Week 5","whatsapp"
"7/29/2026","8991420","Product","Fragrance not long-lasting","Take A Dip Triple-Action Deo Body Wash 250ml","Mcaf408_WB","","DELHIVERY","7_Jul'26","7_Jul Week 5","whatsapp"
"7/30/2026","Fien2047410","Product","Change in Smell","Take A Dip Triple-Action Deo Body Wash 250ml","Mcaf408_WB","","DELHIVERY","7_Jul'26","7_Jul Week 5","whatsapp"
"7/29/2026","9019795","Product","Disatisfied-Smell","Sweet Escape Perfume Body Lotion - 300ml","MCaf370","AMSEL-416","DELHIVERY","7_Jul'26","7_Jul Week 5","email"
"7/30/2026","Fien2614320","Product","Disatisfied-Smell","Rush Perfume Gift Set for Women - 20ml x 4","MGKIT65_RUSH","","","7_Jul'26","7_Jul Week 5","whatsapp"
"7/30/2026","8846395","Product","Others","Blueberry Breeze Body Scrub - 175g","MCaf285_WB","B152","DELHIVERY","7_Jul'26","7_Jul Week 5","whatsapp"
"7/30/2026","8953359","Product","Reacted-Skin Irritation","By the Blues Brightening Perfume Body Lotion - 80ml","MCFMUWB0401F0080","","Shadowfax","7_Jul'26","7_Jul Week 5","whatsapp"
"7/30/2026","8995450","Product","Fragrance not long-lasting","By the Blues Brightening Perfume Body Lotion - 300ml","MCaf401","ENGA6038","ElasticRun","7_Jul'26","7_Jul Week 5","whatsapp"
"7/31/2026","8874021","Product","Fragrance not long-lasting","Take A Dip Triple-Action Deo Body Wash 250ml","Mcaf408_WB","","Shadowfax","7_Jul'26","7_Jul Week 5","whatsapp"
"7/31/2026","8889433","Product","Fragrance not long-lasting","By the Blues Brightening Perfume Body Lotion - 300ml","MCaf401","","Xpressbees","7_Jul'26","7_Jul Week 5","whatsapp"
"7/31/2026","8791332","Product","Fragrance not long-lasting","By the Blues Brightening Perfume Body Lotion - 80ml","MCFMUWB0401F0080","","Shadowfax","7_Jul'26","7_Jul Week 5","whatsapp"
"7/31/2026","8904092","Product","Reacted-Acne/Pimples","Guava Tini De-Tan Body Scrub 175g","MCFMUBX0418F0100","","DELHIVERY","7_Jul'26","7_Jul Week 5","whatsapp"
"7/31/2026","8929317","Product","Others","ADVANCED HAIR FALL CONTROL CAFFEXIL SHAMPOO","","PT6D002","","7_Jul'26","7_Jul Week 5","whatsapp"
"7/31/2026","8954172","Product","Reacted-Skin Irritation","Guava Tini De-Tan Body Wash","","","Shadowfax","7_Jul'26","7_Jul Week 5","whatsapp"
"7/26/2026","NA","Product","Others","","","","","7_Jul'26","7_Jul Week 4","whatsapp"
"7/31/2026","8904092","Product","Reacted-Acne/Pimples","Guava Tini De-Tan Body Scrub 175g","MCFMUBX0418F0100","","DELHIVERY","7_Jul'26","7_Jul Week 5","whatsapp"
"7/31/2026","8929317","Product","Others","ADVANCED HAIR FALL CONTROL CAFFEXIL SHAMPOO","","PT6D002","","7_Jul'26","7_Jul Week 5","whatsapp"
"7/31/2026","8954172","Product","Reacted-Skin Irritation","Guava Tini De-Tan Body Wash","","","Shadowfax","7_Jul'26","7_Jul Week 5","whatsapp"
"8/8/2026","MCaff9124783","Product","Burning Sensation","Sweet Escape Perfume Body Lotion - 300ml","MCaf370","","DELHIVERY","8_Aug'26","8_Aug Week 2","whatsapp"
"8/10/2026","MCaff9158939","Product","Burning Sensation","Super Glow Flash Facial 25% AHA+BHA+PHA Face Mask - 50gm","mcaf375","NAK6044F","DELHIVERY","8_Aug'26","8_Aug Week 2","whatsapp"
"8/10/2026","MCaff9124783","Product","Burning Sensation","Brightening Sunscreen for Dark Spots - SPF 50 PA ++++","MCaf302","","","8_Aug'26","8_Aug Week 2","whatsapp"
"8/14/2026","ECOMMERCE","Product","Burning Sensation","Take A Dip Triple-Action Deo Body Wash 250ml","Mcaf408_WB","AMTDW-125","","8_Aug'26","8_Aug Week 2","whatsapp"
"8/19/2026","8017250","Product","Burning Sensation","Super Glow Flash Facial 25% AHA+BHA+PHA Face Mask - 50gm","mcaf375","","Shadowfax","8_Aug'26","8_Aug Week 3","whatsapp"
"8/19/2026","MCaff9260142","Product","Burning Sensation","","","","","8_Aug'26","8_Aug Week 3","email"
"8/18/2026","MCaff9212444","Product","Change in color","Take A Dip Triple-Action Deo Body Wash 250ml","Mcaf408_WB","","DELHIVERY","8_Aug'26","8_Aug Week 3","whatsapp"
"8/2/2026","9012034","Product","Change in Smell","Choco Body Butter - 250g","MCaf48","CBB-182","Shadowfax","8_Aug'26","8_Aug Week 1","whatsapp"
"8/5/2026","MCaff9061698","Product","Change in Smell","Blueberry Blast Body Wash - 300 ml","MCaf280_WB","","Shadowfax","8_Aug'26","8_Aug Week 1","whatsapp"
"8/13/2026","MCaff9184233","Product","Change in Smell","Choco Body Butter - 250g","MCaf48","CBB-188","DELHIVERY","8_Aug'26","8_Aug Week 2","whatsapp"
"8/12/2026","MCaff9168709","Product","Change in Smell","Guava Tini De-Tan Body Wash - 300 ml","Mcaf396_WB","AMGTB-311","DELHIVERY","8_Aug'26","8_Aug Week 2","whatsapp"
"8/18/2026","8449330","Product","Change in Smell","11% AHA BHA Strawberry Body Lotion for Skin Smoothening","MCaf402","BNGH6004","DELHIVERY","8_Aug'26","8_Aug Week 3","whatsapp"
"8/19/2026","Fien2900740","Product","Change in Smell","Take A Dip Triple-Action Deo Body Wash 250ml","Mcaf408_WB","","DELHIVERY","8_Aug'26","8_Aug Week 3","whatsapp"
"8/17/2026","MCaff8973820","Product","Change in Smell","Coffee Face Wash - 100 ml","MCaf41","MCFW-648/05/26","DELHIVERY","8_Aug'26","8_Aug Week 3","whatsapp"
"8/19/2026","ECOMMERCE","Product","Change in Smell","","","","Shadowfax","8_Aug'26","8_Aug Week 3","whatsapp"
"8/21/2026","MCaff9045636","Product","Change in Smell","","","","DELHIVERY","8_Aug'26","8_Aug Week 3","whatsapp"
"8/2/2026","9057488","Product","Disatisfied-Smell","Slow Kiss Perfume for Men - Aromatic Fresh - 100ml","MCaf351","","DELHIVERY","8_Aug'26","8_Aug Week 1","email"
"8/3/2026","9069659","Product","Disatisfied-Smell","Take A Dip Triple-Action Deo Body Wash 250ml","Mcaf408_WB","AMTDW-194","DELHIVERY","8_Aug'26","8_Aug Week 1","whatsapp"
"8/3/2026","9043379","Product","Disatisfied-Smell","11% AHA BHA Strawberry Body Lotion for Skin Smoothening","MCaf402","BNGH6002","DELHIVERY","8_Aug'26","8_Aug Week 1","email"
"8/3/2026","Fien2758780","Product","Disatisfied-Smell","By the Blues Brightening Perfume Body Lotion - 300ml","MCaf401","ENGA6050","Xpressbees","8_Aug'26","8_Aug Week 1","email"
"8/4/2026","9034041","Product","Disatisfied-Smell","By the Blues Brightening Perfume Body Lotion - 300ml","MCaf401","ENGA6083","","8_Aug'26","8_Aug Week 1","whatsapp"
"8/4/2026","MCaff9104790","Product","Disatisfied-Smell","10% Magnesium Body Lotion - 300ml","Mcaf398","","Shadowfax","8_Aug'26","8_Aug Week 1","whatsapp"
"8/6/2026","MCaff9075321","Product","Disatisfied-Smell","Take A Dip Triple-Action Deo Body Wash 250ml","Mcaf408_WB","AMTDW-205","Blue Dart","8_Aug'26","8_Aug Week 1","whatsapp"
"8/7/2026","MCaff8992128","Product","Disatisfied-Smell","Exfoliating Caramel Crunch Body Wash - 300 ml","Mcaf397_WB","AMCCB-087","DELHIVERY","8_Aug'26","8_Aug Week 1","whatsapp"
"8/7/2026","MCaff9109429","Product","Disatisfied-Smell","Summer Breeze Perfume Body Lotion - 300ml","MCaf371","ENGF6050","Shadowfax","8_Aug'26","8_Aug Week 1","whatsapp"
"8/8/2026","MCaff9051194","Product","Disatisfied-Smell","Guava Tini De-Tan Body Wash - 300 ml","Mcaf396_WB","AMGTB-360","DELHIVERY","8_Aug'26","8_Aug Week 2","whatsapp"
"8/8/2026","MCaff8766372","Product","Disatisfied-Smell","High Shine Perfector Hair Spray","Mcaf406","ANAK6081","","8_Aug'26","8_Aug Week 2","whatsapp"
"8/8/2026","MCaff9046490","Product","Disatisfied-Smell","Sweet Escape Perfume Body Lotion - 300ml","MCaf370","AMSEL-361","Pikndel","8_Aug'26","8_Aug Week 2","whatsapp"
"8/10/2026","MCaff9044755","Product","Disatisfied-Smell","Anti-Ageing Night Cream with Black Tea Complex - 50 ml","MCaf259","","Shadowfax","8_Aug'26","8_Aug Week 2","whatsapp"
"8/11/2026","MCaff9141905","Product","Disatisfied-Smell","Sweet Escape Perfume Body Lotion - 300ml","MCaf370","","Pikndel","8_Aug'26","8_Aug Week 2","email"
"8/13/2026","MCaff9141959","Product","Disatisfied-Smell","By the Blues Brightening Perfume Body Lotion - 80ml","MCFMUWB0401F0080","CNGD6005","DELHIVERY","8_Aug'26","8_Aug Week 2","whatsapp"
"8/9/2026","MCaff9039629","Product","Disatisfied-Smell","Take A Dip Triple-Action Deo Body Wash 250ml","Mcaf408_WB","ST26003, AMIDW-029","DELHIVERY","8_Aug'26","8_Aug Week 2","whatsapp"
"8/14/2026","MCaff9131502","Product","Disatisfied-Smell","By the Blues Brightening Perfume Body Lotion - 80ml","MCFMUWB0401F0080","ENGA6037","DELHIVERY","8_Aug'26","8_Aug Week 2","whatsapp"
"8/16/2026","MCaff9024885","Product","Disatisfied-Smell","Brightening Raspberry SPF 50 PA+++ Body Sunscreen Lotion - 200 ml","MCaf385","NAK6032R","DELHIVERY","8_Aug'26","8_Aug Week 3","whatsapp"
"8/16/2026","MCaff9143260","Product","Disatisfied-Smell","By the Blues Brightening Perfume Body Lotion - 300ml","MCaf401","CB017; AMTDW-147","DELHIVERY","8_Aug'26","8_Aug Week 3","whatsapp"
"8/16/2026","MCaff9164828","Product","Disatisfied-Smell","High Shine Perfector Hair Spray","Mcaf406","ANAK6083","Shadowfax","8_Aug'26","8_Aug Week 3","whatsapp"
"8/17/2026","na","Product","Disatisfied-Smell","","","","","8_Aug'26","8_Aug Week 3","whatsapp"
"8/17/2026","MCaff9233942","Product","Disatisfied-Smell","Sweet Escape Perfume Body Lotion - 300ml","MCaf370","ENGE6042","DELHIVERY","8_Aug'26","8_Aug Week 3","whatsapp"
"8/17/2026","MCaff9146218","Product","Disatisfied-Smell","By the Blues Brightening Perfume Body Lotion - 300ml","MCaf401","AMBBL-016","DELHIVERY","8_Aug'26","8_Aug Week 3","whatsapp"
"8/18/2026","MCaff9234584","Product","Disatisfied-Smell","","","ENGE6020","DELHIVERY","8_Aug'26","8_Aug Week 3","whatsapp"
"8/18/2026","MCaff9224531","Product","Disatisfied-Smell","Coffee Body Scrub - 100 g","MCaf40","MCBS-1130","DELHIVERY","8_Aug'26","8_Aug Week 3","whatsapp"
"8/18/2026","MCaff9218033","Product","Disatisfied-Smell","Island Fresh Triple Action Deo Body Wash","Mcaf409_WB","","DELHIVERY","8_Aug'26","8_Aug Week 3","whatsapp"
"8/19/2026","Fien2875840","Product","Disatisfied-Smell","","","","","8_Aug'26","8_Aug Week 3","whatsapp"
"8/19/2026","MCaff9187435","Product","Disatisfied-Smell","Take A Dip Triple-Action Deo Body Wash 250ml","Mcaf408_WB","","Shadowfax","8_Aug'26","8_Aug Week 3","whatsapp"
"8/19/2026","MCaff9179899","Product","Disatisfied-Smell","High Shine Perfector Hair Spray","Mcaf406","ANAK6084","DELHIVERY","8_Aug'26","8_Aug Week 3","whatsapp"
"8/19/2026","MCaff9222507","Product","Disatisfied-Smell","10% Magnesium Body Lotion - 300ml","Mcaf398","CNGD6004","DELHIVERY","8_Aug'26","8_Aug Week 3","whatsapp"
"8/19/2026","MCaff9159395","Product","Disatisfied-Smell","Bite of Desire Perfume for Women- Vanilla & Lavender - 100ml","MCaf393","BMDT-003","DELHIVERY","8_Aug'26","8_Aug Week 3","whatsapp"
"8/19/2026","MCaff9221733","Product","Disatisfied-Smell","Sweet Escape Perfume Body Lotion - 300ml","MCaf370","MCaf370-C-006","DELHIVERY","8_Aug'26","8_Aug Week 3","whatsapp"
"8/21/2026","MCaff9058535","Product","Disatisfied-Smell","Sweet Escape Perfume Body Lotion - 300ml","MCaf370","AMSEL-426","DELHIVERY","8_Aug'26","8_Aug Week 3","whatsapp"
"8/20/2026","MCaff9068588","Product","Disatisfied-Smell","Sweet Escape Perfume Body Lotion - 300ml","MCaf370","","Xpressbees","8_Aug'26","8_Aug Week 3","whatsapp"
"8/19/2026","MCaff9230134","Product","Disatisfied-Smell","Choco Body Butter - 250g","MCaf48","COB-187","DELHIVERY","8_Aug'26","8_Aug Week 3","email"
"8/21/2026","MCaff9141905","Product","Disatisfied-Smell","","","","Pikndel","8_Aug'26","8_Aug Week 3","email"
"8/21/2026","MCaff9283306","Product","Disatisfied-Smell","Sweet Escape Perfume Body Lotion - 300ml","MCaf370","ENGE6028","Blitz","8_Aug'26","8_Aug Week 3","whatsapp"
"8/22/2026","MCaff9218031","Product","Disatisfied-Smell","Exfoliating Caramel Crunch Body Wash - 300 ml","Mcaf397_WB","Mcaf408-L-001","DELHIVERY","8_Aug'26","8_Aug Week 4","whatsapp"
"8/22/2026","MCaff9234439","Product","Disatisfied-Smell","Sweet Escape Perfume Body Lotion - 300ml","MCaf370","ENGE6021","DELHIVERY","8_Aug'26","8_Aug Week 4","whatsapp"
"8/23/2026","MCaff9099249","Product","Disatisfied-Smell","Coffee Face Wash 50 ml","50MCaf41_WB_F","","Xpressbees","8_Aug'26","8_Aug Week 4","whatsapp"
"8/1/2026","9070217","Product","Fragrance not long-lasting","By the Blues Brightening Perfume Body Lotion - 300ml","MCaf401","","DELHIVERY","8_Aug'26","8_Aug Week 1","whatsapp"
"8/1/2026","HYPD_7162478919906","Product","Fragrance not long-lasting","Sweet Escape Perfume Body Lotion - 300ml","MCaf370","","Shadowfax","8_Aug'26","8_Aug Week 1","whatsapp"
"8/1/2026","8904931","Product","Fragrance not long-lasting","Take A Dip Triple-Action Deo Body Wash 250ml","Mcaf408_WB","","DELHIVERY","8_Aug'26","8_Aug Week 1","whatsapp"
"8/1/2026","8900489","Product","Fragrance not long-lasting","Take A Dip Triple-Action Deo Body Wash 250ml","Mcaf408_WB","","DELHIVERY","8_Aug'26","8_Aug Week 1","whatsapp"
"8/1/2026","8997749","Product","Fragrance not long-lasting","By the Blues Brightening Perfume Body Lotion - 300ml","MCaf401","","DELHIVERY","8_Aug'26","8_Aug Week 1","whatsapp"
"8/1/2026","Fien2617820","Product","Fragrance not long-lasting","Unisex Perfume Gift Kit - 20ml x 4","MGKIT62_ACG","","Xpressbees","8_Aug'26","8_Aug Week 1","email"
"8/1/2026","9070217","Product","Fragrance not long-lasting","By the Blues Brightening Perfume Body Lotion - 300ml","MCaf401","","DELHIVERY","8_Aug'26","8_Aug Week 1","whatsapp"
"8/1/2026","HYPD_7162478919906","Product","Fragrance not long-lasting","Sweet Escape Perfume Body Lotion - 300ml","MCaf370","","Shadowfax","8_Aug'26","8_Aug Week 1","whatsapp"
"8/1/2026","8904931","Product","Fragrance not long-lasting","Take A Dip Triple-Action Deo Body Wash 250ml","Mcaf408_WB","","DELHIVERY","8_Aug'26","8_Aug Week 1","whatsapp"
"8/1/2026","8900489","Product","Fragrance not long-lasting","Take A Dip Triple-Action Deo Body Wash 250ml","Mcaf408_WB","","DELHIVERY","8_Aug'26","8_Aug Week 1","whatsapp"
"8/1/2026","8997749","Product","Fragrance not long-lasting","By the Blues Brightening Perfume Body Lotion - 300ml","MCaf401","","DELHIVERY","8_Aug'26","8_Aug Week 1","whatsapp"
"8/2/2026","9001602","Product","Fragrance not long-lasting","By the Blues Brightening Perfume Body Lotion - 300ml","MCaf401","","DELHIVERY","8_Aug'26","8_Aug Week 1","whatsapp"
"8/2/2026","8925592","Product","Fragrance not long-lasting","5% AHA Underarm Roll On with Coffee - 50ml","Mcaf278","B005","Xpressbees","8_Aug'26","8_Aug Week 1","whatsapp"
"8/2/2026","9001602","Product","Fragrance not long-lasting","By the Blues Brightening Perfume Body Lotion - 300ml","MCaf401","","DELHIVERY","8_Aug'26","8_Aug Week 1","whatsapp"
"8/2/2026","8925592","Product","Fragrance not long-lasting","5% AHA Underarm Roll On with Coffee - 50ml","Mcaf278","B005","Xpressbees","8_Aug'26","8_Aug Week 1","whatsapp"
"8/2/2026","9026004","Product","Fragrance not long-lasting","10% Magnesium Body Lotion - 300ml","Mcaf398","","DELHIVERY","8_Aug'26","8_Aug Week 1","whatsapp"
"8/3/2026","9016010","Product","Fragrance not long-lasting","Guava Tini De-Tan Body Wash - 300 ml","Mcaf396_WB","","ElasticRun","8_Aug'26","8_Aug Week 1","whatsapp"
"8/3/2026","8916171","Product","Fragrance not long-lasting","By the Blues Brightening Perfume Body Lotion - 300ml","MCaf401","","Shadowfax","8_Aug'26","8_Aug Week 1","whatsapp"
"8/3/2026","9026540","Product","Fragrance not long-lasting","By the Blues Brightening Perfume Body Lotion - 300ml","MCaf401","","DELHIVERY","8_Aug'26","8_Aug Week 1","instagram"
"8/3/2026","8921099","Product","Fragrance not long-lasting","Take A Dip Triple-Action Deo Body Wash 250ml","Mcaf408_WB","","Shadowfax","8_Aug'26","8_Aug Week 1","whatsapp"
"8/4/2026","8909310","Product","Fragrance not long-lasting","By the Blues Brightening Perfume Body Lotion - 300ml","MCaf401","BB020","Shadowfax","8_Aug'26","8_Aug Week 1","whatsapp"
"8/4/2026","8998981","Product","Fragrance not long-lasting","Take A Dip Triple-Action Deo Body Wash 250ml","Mcaf408_WB","","DELHIVERY","8_Aug'26","8_Aug Week 1","whatsapp"
"8/4/2026","Fien2692170","Product","Fragrance not long-lasting","Take A Dip Triple-Action Deo Body Wash 250ml","Mcaf408_WB","","Xpressbees","8_Aug'26","8_Aug Week 1","whatsapp"
"8/4/2026","9010263","Product","Fragrance not long-lasting","Midnight in Bombay Perfume for Men & Women - Woody Gourmand - 100ml","MCaf392","","DELHIVERY","8_Aug'26","8_Aug Week 1","whatsapp"
"8/5/2026","MCaff9018725","Product","Fragrance not long-lasting","Take A Dip Triple-Action Deo Body Wash 250ml","Mcaf408_WB","","DELHIVERY","8_Aug'26","8_Aug Week 1","whatsapp"
"8/5/2026","MCaff9093471","Product","Fragrance not long-lasting","Take A Dip Triple-Action Deo Body Wash 250ml","Mcaf408_WB","","DELHIVERY","8_Aug'26","8_Aug Week 1","email"
"8/6/2026","MCaff9050359","Product","Fragrance not long-lasting","10% Magnesium Body Lotion - 300ml","Mcaf398","","Shadowfax","8_Aug'26","8_Aug Week 1","whatsapp"
"8/6/2026","Fien2585240","Product","Fragrance not long-lasting","Take A Dip Triple-Action Deo Body Wash 250ml","Mcaf408_WB","","Xpressbees","8_Aug'26","8_Aug Week 1","instagram"
"8/7/2026","MCaff8953543","Product","Fragrance not long-lasting","Sweet Escape Perfume Body Lotion - 300ml","MCaf370","AMSEL-399","DELHIVERY","8_Aug'26","8_Aug Week 1","whatsapp"
"8/8/2026","MCaff9052943","Product","Fragrance not long-lasting","Summer Breeze Perfume Body Lotion - 300ml","MCaf371","BB017","DELHIVERY","8_Aug'26","8_Aug Week 2","whatsapp"
"8/8/2026","MCaff9036551","Product","Fragrance not long-lasting","Sweet Escape Perfume Body Lotion - 300ml","MCaf370","ENE6051","DELHIVERY","8_Aug'26","8_Aug Week 2","whatsapp"
"8/9/2026","MCaff9091066","Product","Fragrance not long-lasting","Sweet Escape Perfume Body Lotion - 300ml","MCaf370","","Shadowfax","8_Aug'26","8_Aug Week 2","whatsapp"
"8/9/2026","MCaff9048070","Product","Fragrance not long-lasting","Take A Dip Triple-Action Deo Body Wash 250ml","Mcaf408_WB","","DELHIVERY","8_Aug'26","8_Aug Week 2","whatsapp"
"8/10/2026","MCaff9055915","Product","Fragrance not long-lasting","Take A Dip Triple-Action Deo Body Wash 250ml","Mcaf408_WB","","DELHIVERY","8_Aug'26","8_Aug Week 2","whatsapp"
"8/10/2026","MCaff9136493","Product","Fragrance not long-lasting","Island Fresh Triple Action Deo Body Wash","Mcaf409_WB","","ElasticRun","8_Aug'26","8_Aug Week 2","whatsapp"
"8/10/2026","MCaff9058060","Product","Fragrance not long-lasting","007 Perfume for Men - Oriental Oud - 100ml","MCaf349","","DELHIVERY","8_Aug'26","8_Aug Week 2","whatsapp"
"8/10/2026","MCaff9100020","Product","Fragrance not long-lasting","Summer Breeze Perfume Body Lotion - 300ml","MCaf371","","ElasticRun","8_Aug'26","8_Aug Week 2","whatsapp"
"8/11/2026","MCaff9070538","Product","Fragrance not long-lasting","Sweet Escape Perfume Body Lotion - 300ml","MCaf370","","DELHIVERY","8_Aug'26","8_Aug Week 2","whatsapp"
"8/11/2026","MCaff9146258","Product","Fragrance not long-lasting","Take A Dip Triple-Action Deo Body Wash 250ml","Mcaf408_WB","","DELHIVERY","8_Aug'26","8_Aug Week 2","whatsapp"
"8/11/2026","MCaff9093471","Product","Fragrance not long-lasting","Take A Dip Triple-Action Deo Body Wash 250ml","Mcaf408_WB","","DELHIVERY","8_Aug'26","8_Aug Week 2","email"
"8/12/2026","MCaff9055224","Product","Fragrance not long-lasting","Summer Breeze Perfume Body Lotion - 300ml","MCaf371","","Blitz","8_Aug'26","8_Aug Week 2","whatsapp"
"8/11/2026","MCaff9025269","Product","Fragrance not long-lasting","By the Blues Brightening Perfume Body Lotion - 300ml","MCaf401","ENGA6048","Shadowfax","8_Aug'26","8_Aug Week 2","email"
"8/12/2026","MCaff9103211","Product","Fragrance not long-lasting","Summer Breeze Perfume Body Lotion - 300ml","MCaf371","","DELHIVERY","8_Aug'26","8_Aug Week 2","whatsapp"
"8/12/2026","MCaff9093471","Product","Fragrance not long-lasting","Take A Dip Triple-Action Deo Body Wash 250ml","Mcaf408_WB","","DELHIVERY","8_Aug'26","8_Aug Week 2","email"
"8/13/2026","MCaff9096499","Product","Fragrance not long-lasting","Fierce Perfume for Men - Citrusy Scent - 100ml","MCaf350","","DELHIVERY","8_Aug'26","8_Aug Week 2","whatsapp"
"8/14/2026","MCaff9131482","Product","Fragrance not long-lasting","By the Blues Brightening Perfume Body Lotion - 80ml","MCFMUWB0401F0080","","Shadowfax","8_Aug'26","8_Aug Week 2","whatsapp"
"8/14/2026","MCaff9129438","Product","Fragrance not long-lasting","By the Blues Brightening Perfume Body Lotion - 300ml","MCaf401","","DELHIVERY","8_Aug'26","8_Aug Week 2","whatsapp"
"8/14/2026","MCaff9139320","Product","Fragrance not long-lasting","","","","DELHIVERY","8_Aug'26","8_Aug Week 2","whatsapp"
"8/15/2026","Fien2794080","Product","Fragrance not long-lasting","Perfume Gift Set for Men Curated by Women - 20 ml x 4","MGKIT64_SWM","MM26002","DELHIVERY","8_Aug'26","8_Aug Week 3","whatsapp"
"8/15/2026","Fien2794080","Product","Fragrance not long-lasting","Perfume Gift Set for Men Curated by Women - 20 ml x 4","MGKIT64_SWM","MM26002","DELHIVERY","8_Aug'26","8_Aug Week 3","whatsapp"
"8/16/2026","MCaff9033398","Product","Fragrance not long-lasting","By the Blues Brightening Perfume Body Lotion - 200ml","200MCaf401_WB","","DELHIVERY","8_Aug'26","8_Aug Week 3","whatsapp"
"8/16/2026","MCaff9142252","Product","Fragrance not long-lasting","Sweet Escape Perfume Body Lotion - 300ml","MCaf370","","DELHIVERY","8_Aug'26","8_Aug Week 3","whatsapp"
"8/15/2026","MCaff9135704","Product","Fragrance not long-lasting","Take A Dip Triple-Action Deo Body Wash 250ml","Mcaf408_WB","AMTDW-224","DELHIVERY","8_Aug'26","8_Aug Week 3","whatsapp"
"8/17/2026","MCaff9028803","Product","Fragrance not long-lasting","Take A Dip Triple-Action Deo Body Wash 250ml","Mcaf408_WB","","Shadowfax","8_Aug'26","8_Aug Week 3","whatsapp"
"8/17/2026","MCaff9253064","Product","Fragrance not long-lasting","By the Blues Brightening Perfume Body Lotion - 300ml","MCaf401","","","8_Aug'26","8_Aug Week 3","whatsapp"
"8/17/2026","MCaff9148493","Product","Fragrance not long-lasting","Take A Dip Triple-Action Deo Body Wash 250ml","Mcaf408_WB","","DELHIVERY","8_Aug'26","8_Aug Week 3","whatsapp"
"8/17/2026","MCaff9047285","Product","Fragrance not long-lasting","By the Blues Brightening Perfume Body Lotion - 300ml","MCaf401","","Shadowfax","8_Aug'26","8_Aug Week 3","whatsapp"
"8/18/2026","MCaff9038208","Product","Fragrance not long-lasting","","","","DELHIVERY","8_Aug'26","8_Aug Week 3","whatsapp"
"8/18/2026","MCaff9252280","Product","Fragrance not long-lasting","Summer Breeze Perfume Body Lotion - 300ml","MCaf371","","ElasticRun","8_Aug'26","8_Aug Week 3","email"
"8/19/2026","MCaff9171203","Product","Fragrance not long-lasting","Guava Tini De-Tan Body Wash - 300 ml","Mcaf396_WB","","DELHIVERY","8_Aug'26","8_Aug Week 3","whatsapp"
"8/18/2026","MCaff9031450","Product","Fragrance not long-lasting","Sweet Escape Perfume Body Lotion - 300ml","MCaf370","","DELHIVERY","8_Aug'26","8_Aug Week 3","whatsapp"
"8/19/2026","MCaff9176414","Product","Fragrance not long-lasting","By the Blues Brightening Perfume Body Lotion - 300ml","MCaf401","CB031","DELHIVERY","8_Aug'26","8_Aug Week 3","email"
"8/19/2026","Fien2654810","Product","Fragrance not long-lasting","By the Blues Brightening Perfume Body Lotion - 300ml","MCaf401","","DELHIVERY","8_Aug'26","8_Aug Week 3","whatsapp"
"8/19/2026","MCaff9037079","Product","Fragrance not long-lasting","Cherry Wine Perfume for Women - Citrus Sweet - 100ml","MCaf354","","Blue Dart","8_Aug'26","8_Aug Week 3","whatsapp"
"8/19/2026","MCaff9037079","Product","Fragrance not long-lasting","Cherry Wine Perfume for Women - Citrus Sweet - 100ml","MCaf354","","Blue Dart","8_Aug'26","8_Aug Week 3","whatsapp"
"8/19/2026","MCaff9188910","Product","Fragrance not long-lasting","By the Blues Brightening Perfume Body Lotion - 300ml","MCaf401","","Shadowfax","8_Aug'26","8_Aug Week 3","whatsapp"
"8/19/2026","MCaff9052765","Product","Fragrance not long-lasting","Guava Tini De-Tan Body Wash - 300 ml","Mcaf396_WB","","Xpressbees","8_Aug'26","8_Aug Week 3","whatsapp"
"8/19/2026","MCaff9187435","Product","Fragrance not long-lasting","Take A Dip Triple-Action Deo Body Wash 250ml","Mcaf408_WB","","Shadowfax","8_Aug'26","8_Aug Week 3","whatsapp"
"8/19/2026","MCaff9182824","Product","Fragrance not long-lasting","Take A Dip Triple-Action Deo Body Wash 250ml","Mcaf408_WB","","Shadowfax","8_Aug'26","8_Aug Week 3","whatsapp"
"8/19/2026","MCaff9078080","Product","Fragrance not long-lasting","Exfoliating Caramel Crunch Body Wash - 300 ml","Mcaf397_WB","","DELHIVERY","8_Aug'26","8_Aug Week 3","whatsapp"
"8/20/2026","MCaff9088991","Product","Fragrance not long-lasting","Sweet Escape Perfume Body Lotion - 300ml","MCaf370","","Xpressbees","8_Aug'26","8_Aug Week 3","whatsapp"
"8/20/2026","MCaff9068588","Product","Fragrance not long-lasting","Sweet Escape Perfume Body Lotion - 300ml","MCaf370","","Xpressbees","8_Aug'26","8_Aug Week 3","whatsapp"
"8/21/2026","MCaff9045636","Product","Fragrance not long-lasting","","","","DELHIVERY","8_Aug'26","8_Aug Week 3","whatsapp"
"8/21/2026","MCaff9080119","Product","Fragrance not long-lasting","High Shine Perfector Hair Spray","Mcaf406","","DELHIVERY","8_Aug'26","8_Aug Week 3","whatsapp"
"8/21/2026","MCaff9066632","Product","Fragrance not long-lasting","By the Blues Brightening Perfume Body Lotion - 200ml","200MCaf401_WB","","Shadowfax","8_Aug'26","8_Aug Week 3","whatsapp"
"8/21/2026","MCaff9214928","Product","Fragrance not long-lasting","","","","Shadowfax","8_Aug'26","8_Aug Week 3","whatsapp"
"8/21/2026","MCaff9283306","Product","Fragrance not long-lasting","Sweet Escape Perfume Body Lotion - 300ml","MCaf370","ENGE6028","Blitz","8_Aug'26","8_Aug Week 3","whatsapp"
"8/21/2026","MCaff9258367","Product","Fragrance not long-lasting","Take A Dip Triple-Action Deo Body Wash 250ml","Mcaf408_WB","","DELHIVERY","8_Aug'26","8_Aug Week 3","whatsapp"
"8/21/2026","MCaff9045636","Product","Fragrance not long-lasting","By the Blues Brightening Perfume Body Lotion - 200ml","200MCaf401_WB","","DELHIVERY","8_Aug'26","8_Aug Week 3","whatsapp"
"8/21/2026","MCaff9013529","Product","Fragrance not long-lasting","Perfume Gift Set for Men Curated by Women - 20 ml x 4","MGKIT64_SWM","","DELHIVERY","8_Aug'26","8_Aug Week 3","whatsapp"
"8/22/2026","MCaff9057455","Product","Fragrance not long-lasting","Take A Dip Triple-Action Deo Body Wash 250ml","Mcaf408_WB","","DELHIVERY","8_Aug'26","8_Aug Week 4","whatsapp"
"8/22/2026","MCaff9287612","Product","Fragrance not long-lasting","Midnight in Bombay Perfume for Men & Women - Woody Gourmand - 100ml","MCaf392","Midnight in Bombay: CY26001; Rush: B.MRW-005","Shadowfax","8_Aug'26","8_Aug Week 4","whatsapp"
"8/22/2026","MCaff9188034","Product","Fragrance not long-lasting","Midnight in Bombay Perfume for Men & Women - Woody Gourmand - 100ml","MCaf392","BMBT-005","DELHIVERY","8_Aug'26","8_Aug Week 4","whatsapp"
"8/21/2026","MCaff8926160","Product","Fragrance not long-lasting","Guava Tini De-Tan Body Scrub 175g","MCFMUBX0418F0100","AMGBS-003","DELHIVERY","8_Aug'26","8_Aug Week 3","whatsapp"
"8/22/2026","MCaff9287612","Product","Fragrance not long-lasting","Midnight in Bombay Perfume for Men & Women - Woody Gourmand - 100ml","MCaf392","CY26001","Shadowfax","8_Aug'26","8_Aug Week 4","liveChat"
"8/22/2026","MCaff9199702","Product","Fragrance not long-lasting","Take A Dip Triple-Action Deo Body Wash 250ml","Mcaf408_WB","AMTDW-210","Blitz","8_Aug'26","8_Aug Week 4","whatsapp"
"8/22/2026","MCaff9196096","Product","Fragrance not long-lasting","Take A Dip Triple-Action Deo Body Wash 250ml","Mcaf408_WB","AMTDW-211","DELHIVERY","8_Aug'26","8_Aug Week 4","whatsapp"
"8/22/2026","MCaff9114652","Product","Fragrance not long-lasting","By the Blues Brightening Perfume Body Lotion - 200ml","200MCaf401_WB","NAK6031R","DELHIVERY","8_Aug'26","8_Aug Week 4","whatsapp"
"8/22/2026","MCaff9169391","Product","Fragrance not long-lasting","High Shine Glossing Shampoo","Mcaf404","3MCof394L001","DELHIVERY","8_Aug'26","8_Aug Week 4","whatsapp"
"8/23/2026","MCaff9109908","Product","Fragrance not long-lasting","Exfoliating Caramel Crunch Body Wash - 300 ml","Mcaf397_WB","","DELHIVERY","8_Aug'26","8_Aug Week 4","whatsapp"
"8/5/2026","MCaff9055306","Product","Others","Brightening Face Scrub 100g","MCFMUBX0416F0100","","DELHIVERY","8_Aug'26","8_Aug Week 1","instagram"
"8/6/2026","MCaff8691418","Product","Others","Advanced Hair Fall Control CaffexilÂ® Shampoo with Rosemary-250 ML","MCaf272_WB","","","8_Aug'26","8_Aug Week 1","instagram"
"8/12/2026","MCaff9006343","Product","Others","","","","","8_Aug'26","8_Aug Week 2","whatsapp"
"8/12/2026","MCaff9176116","Product","Others","Sweet Escape Perfume Body Lotion - 300ml","MCaf370","MCa370-C-006","ElasticRun","8_Aug'26","8_Aug Week 2","whatsapp"
"8/8/2026","MCaff9111831","Product","Others","Blueberry Blast Body Wash - 300 ml","MCaf280_WB","","Shadowfax","8_Aug'26","8_Aug Week 2","email"
"8/17/2026","NA","Product","Others","","","","","8_Aug'26","8_Aug Week 3","whatsapp"
"8/18/2026","9154309_1","Product","Others","","","","","8_Aug'26","8_Aug Week 3","whatsapp"
"8/18/2026","MCaff9121807","Product","Others","","","","","8_Aug'26","8_Aug Week 3","whatsapp"
"8/19/2026","6a82f35e7c76d1c2748508f0","Product","Others","","","","","8_Aug'26","8_Aug Week 3","whatsapp"
"8/19/2026","Na","Product","Others","","","","","8_Aug'26","8_Aug Week 3","whatsapp"
"8/19/2026","MCaff9251817","Product","Others","Take A Dip Triple-Action Deo Body Wash 250ml","Mcaf408_WB","ST26004","Blitz","8_Aug'26","8_Aug Week 3","email"
"8/19/2026","MCaff9283087","Product","Others","","","","","8_Aug'26","8_Aug Week 3","whatsapp"
"8/19/2026","MCaff9254487","Product","Others","","","","Shadowfax","8_Aug'26","8_Aug Week 3","whatsapp"
"8/19/2026","MCaff9078613","Product","Others","","","","DELHIVERY","8_Aug'26","8_Aug Week 3","whatsapp"
"8/20/2026","MCaff9279866","Product","Others","Coffee Hydrogel Under Eye Patches with Caffeine & HA - 15 Pairs","15MCaf177","UE260030","Shadowfax","8_Aug'26","8_Aug Week 3","whatsapp"
"8/21/2026","6a8193a4c8cb83df174fb4fd","Product","Others","","","","","8_Aug'26","8_Aug Week 3","whatsapp"
"8/22/2026","MCaff9092987","Product","Others","","","","Xpressbees","8_Aug'26","8_Aug Week 4","whatsapp"
"8/22/2026","MCaff9092987","Product","Others","","","","Xpressbees","8_Aug'26","8_Aug Week 4","whatsapp"
"8/22/2026","MCaff9065634","Product","Others","","","","DELHIVERY","8_Aug'26","8_Aug Week 4","whatsapp"
"8/23/2026","MCaff9119010","Product","Others","High Shine Perfector Hair Spray","Mcaf406","","Shadowfax","8_Aug'26","8_Aug Week 4","whatsapp"
"8/23/2026","MCaff9077140","Product","Others","Sweet Escape Perfume Body Lotion - 300ml","MCaf370","MCF W-66","DELHIVERY","8_Aug'26","8_Aug Week 4","instagram"
"8/10/2026","Fien2809940","Product","Presence of foreign particles(Hair/glass/pins)","Sweet Escape Perfume Body Lotion - 300ml","MCaf370","ENGE6051","Shadowfax","8_Aug'26","8_Aug Week 2","whatsapp"
"8/13/2026","MCaff9095582","Product","Presence of foreign particles(Hair/glass/pins)","Choco Body Butter - 250g","MCaf48","","Shadowfax","8_Aug'26","8_Aug Week 2","whatsapp"
"8/19/2026","Fien2755200","Product","Presence of foreign particles(Hair/glass/pins)","High Shine Perfector Hair Spray","Mcaf406","ANAK6061","DELHIVERY","8_Aug'26","8_Aug Week 3","whatsapp"
"8/8/2026","MCaff9072045","Product","Product Not Effective","2% Salicylic Acid Niacinamide & Matcha Tea Face Wash - 100 ml","MCaf270","","Xpressbees","8_Aug'26","8_Aug Week 2","whatsapp"
"8/8/2026","MCaff9037520","Product","Product Not Effective","5% AHA Underarm Roll On with Coffee - 50ml","Mcaf278","B003","Xpressbees","8_Aug'26","8_Aug Week 2","whatsapp"
"8/10/2026","MCaff9153152","Product","Product Not Effective","High Shine Perfector Hair Spray","Mcaf406","","Shadowfax","8_Aug'26","8_Aug Week 2","whatsapp"
"8/9/2026","MCaff8711355","Product","Product Not Effective","Guava Tini De-Tan Body Wash - 300 ml","Mcaf396_WB","","","8_Aug'26","8_Aug Week 2","whatsapp"
"8/12/2026","MCaff9098667","Product","Product Not Effective","High Shine Perfector Hair Spray","Mcaf406","ANAK6092","Shadowfax","8_Aug'26","8_Aug Week 2","whatsapp"
"8/12/2026","MCaff9171904","Product","Product Not Effective","Brightening Face Wash - 1% Kojic Acid & Glutathione","MCaf299","SMC250147","DELHIVERY","8_Aug'26","8_Aug Week 2","email"
"8/13/2026","MCaff9129499","Product","Product Not Effective","High Shine Perfector Hair Spray","Mcaf406","ANAK6091","DELHIVERY","8_Aug'26","8_Aug Week 2","whatsapp"
"8/13/2026","MCaff9092939","Product","Product Not Effective","Brightening Raspberry SPF 50 PA+++ Body Sunscreen Lotion - 200 ml","MCaf385","B0198, AMTDW-205, MCBS-1149","DELHIVERY","8_Aug'26","8_Aug Week 2","whatsapp"
"8/13/2026","MCaff9140292","Product","Product Not Effective","","","","","8_Aug'26","8_Aug Week 2","whatsapp"
"8/17/2026","na","Product","Product Not Effective","","","","","8_Aug'26","8_Aug Week 3","instagram"
"8/15/2026","MCaff9092939","Product","Product Not Effective","","","AMTDW-205, B0198, MCBS-1149","DELHIVERY","8_Aug'26","8_Aug Week 3","whatsapp"
"8/15/2026","MCaff9165017","Product","Product Not Effective","10% Magnesium Body Lotion - 300ml","Mcaf398","CNGD6002","DELHIVERY","8_Aug'26","8_Aug Week 3","whatsapp"
"8/17/2026","Fien2927440","Product","Product Not Effective","High Shine Perfector Hair Spray","Mcaf406","","DELHIVERY","8_Aug'26","8_Aug Week 3","whatsapp"
"8/16/2026","MCaff9196885","Product","Product Not Effective","Summer Breeze Perfume Body Lotion - 300ml","MCaf371","","Shadowfax","8_Aug'26","8_Aug Week 3","whatsapp"
"8/17/2026","MCaff9167301","Product","Product Not Effective","Guava Tini De-Tan Body Wash - 300 ml","Mcaf396_WB","","Shadowfax","8_Aug'26","8_Aug Week 3","whatsapp"
"8/18/2026","MCaff9169391","Product","Product Not Effective","Brightening Raspberry SPF 50 PA+++ Body Sunscreen Lotion - 200 ml","MCaf385","NAK6049R","DELHIVERY","8_Aug'26","8_Aug Week 3","whatsapp"
"8/7/2026","MCaff8691418","Product","Product Not Effective","","","","DELHIVERY","8_Aug'26","8_Aug Week 1","instagram"
"8/18/2026","MCaff9249534","Product","Product Not Effective","High Shine Perfector Hair Spray","Mcaf406","ANAK6093","DELHIVERY","8_Aug'26","8_Aug Week 3","whatsapp"
"8/18/2026","MCaff9073835","Product","Product Not Effective","Advanced Hair Fall Control CaffexilÂ® Shampoo with Rosemary-250 ML","MCaf272_WB","","Shadowfax","8_Aug'26","8_Aug Week 3","whatsapp"
"8/19/2026","MCaff9050380","Product","Product Not Effective","Guava Tini De-Tan Body Wash - 300 ml","Mcaf396_WB","","Shadowfax","8_Aug'26","8_Aug Week 3","whatsapp"
"8/18/2026","MCaff9130814","Product","Product Not Effective","Take A Dip Triple-Action Deo Body Wash 250ml","Mcaf408_WB","","DELHIVERY","8_Aug'26","8_Aug Week 3","instagram"
"8/18/2026","MCaff9252280","Product","Product Not Effective","Summer Breeze Perfume Body Lotion - 300ml","MCaf371","","ElasticRun","8_Aug'26","8_Aug Week 3","email"
"8/19/2026","MCaff9183463","Product","Product Not Effective","Guava Tini De-Tan Body Wash - 300 ml","Mcaf396_WB","","Shadowfax","8_Aug'26","8_Aug Week 3","whatsapp"
"8/19/2026","MCaff9063676","Product","Product Not Effective","Brightening Raspberry Rush Body Wash","25SmCaf383_WB","","Xpressbees","8_Aug'26","8_Aug Week 3","whatsapp"
"8/19/2026","MCaff9030085","Product","Product Not Effective","Guava Tini De-Tan Body Scrub 175g","MCFMUBX0418F0100","AMGBS-006","DELHIVERY","8_Aug'26","8_Aug Week 3","whatsapp"
"8/19/2026","MCaff9050931","Product","Product Not Effective","Guava Tini De-Tan Body Wash - 300 ml","Mcaf396_WB","","DELHIVERY","8_Aug'26","8_Aug Week 3","whatsapp"
"8/19/2026","MCaff9186847","Product","Product Not Effective","Guava Tini De-Tan Body Wash - 300 ml","Mcaf396_WB","","DELHIVERY","8_Aug'26","8_Aug Week 3","whatsapp"
"8/20/2026","MCaff9084865","Product","Product Not Effective","","","","Blitz","8_Aug'26","8_Aug Week 3","whatsapp"
"8/20/2026","MCaff9056863","Product","Product Not Effective","Island Fresh Triple Action Deo Body Wash","Mcaf409_WB","","Xpressbees","8_Aug'26","8_Aug Week 3","whatsapp"
"8/21/2026","MCaff9029710","Product","Product Not Effective","Guava Tini De-Tan Body Wash - 300 ml","Mcaf396_WB","","Shadowfax","8_Aug'26","8_Aug Week 3","whatsapp"
"8/21/2026","MCaff9054259","Product","Product Not Effective","Guava Tini De-Tan Body Wash - 300 ml","Mcaf396_WB","","Shadowfax","8_Aug'26","8_Aug Week 3","whatsapp"
"8/21/2026","MCaff8814289","Product","Product Not Effective","High Shine Perfector Hair Spray","Mcaf406","ANAK6081","Xpressbees","8_Aug'26","8_Aug Week 3","whatsapp"
"8/21/2026","MCaff8814289","Product","Product Not Effective","High Shine Perfector Hair Spray","Mcaf406","ANAK6081","Xpressbees","8_Aug'26","8_Aug Week 3","whatsapp"
"8/21/2026","MCaff9290539","Product","Product Not Effective","High Shine Perfector Hair Spray","Mcaf406","ANAK6083","ElasticRun","8_Aug'26","8_Aug Week 3","whatsapp"
"8/21/2026","MCaff9104364","Product","Product Not Effective","Guava Tini De-Tan Body Wash - 300 ml","Mcaf396_WB","","Shadowfax","8_Aug'26","8_Aug Week 3","whatsapp"
"8/21/2026","MCaff9199661","Product","Product Not Effective","Guava Tini De-Tan Body Wash - 300 ml","Mcaf396_WB","","Shadowfax","8_Aug'26","8_Aug Week 3","whatsapp"
"8/22/2026","MCaff9101858","Product","Product Not Effective","Guava Tini De-Tan Body Wash - 300 ml","Mcaf396_WB","","DELHIVERY","8_Aug'26","8_Aug Week 4","whatsapp"
"8/22/2026","MCaff9101858","Product","Product Not Effective","Guava Tini De-Tan Body Wash - 300 ml","Mcaf396_WB","","DELHIVERY","8_Aug'26","8_Aug Week 4","whatsapp"
"8/22/2026","MCaff9144477","Product","Product Not Effective","Guava Tini De-Tan Body Wash - 300 ml","Mcaf396_WB","","DELHIVERY","8_Aug'26","8_Aug Week 4","whatsapp"
"8/22/2026","MCaff9200826","Product","Product Not Effective","Guava Tini De-Tan Body Wash - 300 ml","Mcaf396_WB","","DELHIVERY","8_Aug'26","8_Aug Week 4","whatsapp"
"8/22/2026","MCaff9219513","Product","Product Not Effective","Guava Tini De-Tan Body Wash - 300 ml","Mcaf396_WB","","Shadowfax","8_Aug'26","8_Aug Week 4","whatsapp"
"8/22/2026","MCaff9269261","Product","Product Not Effective","High Shine Perfector Hair Spray","Mcaf406","","DELHIVERY","8_Aug'26","8_Aug Week 4","whatsapp"
"8/22/2026","MCaff9054976","Product","Product Not Effective","Guava Tini De-Tan Body Wash - 300 ml","Mcaf396_WB","","Shadowfax","8_Aug'26","8_Aug Week 4","whatsapp"
"8/23/2026","MCaff9103818","Product","Product Not Effective","Guava Tini De-Tan Body Wash - 300 ml","Mcaf396_WB","","DELHIVERY","8_Aug'26","8_Aug Week 4","whatsapp"
"8/23/2026","MCaff9210862","Product","Product Not Effective","Guava Tini De-Tan Body Wash - 300 ml","Mcaf396_WB","","DELHIVERY","8_Aug'26","8_Aug Week 4","whatsapp"
"8/11/2026","MCaff9122900","Product","Reacted-Acne/Pimples","Guava Tini De-Tan Body Wash - 300 ml","Mcaf396_WB","AMGTB-443","","8_Aug'26","8_Aug Week 2","whatsapp"
"8/12/2026","MCaff9114525","Product","Reacted-Acne/Pimples","","","","","8_Aug'26","8_Aug Week 2","whatsapp"
"8/12/2026","MCaff8977648","Product","Reacted-Acne/Pimples","Pore Cleanse Coffee Cookie Detan Face Mask - 100gm","MCaf388","NAK6043F, BD198","Shadowfax","8_Aug'26","8_Aug Week 2","whatsapp"
"8/3/2026","MCaff9037353","Product","Reacted-Acne/Pimples","2% Salicylic Acid Niacinamide & Matcha Tea Face Wash - 100 ml","MCaf270","MMFW-027","DELHIVERY","8_Aug'26","8_Aug Week 1","email"
"8/18/2026","MCaff9051194","Product","Reacted-Acne/Pimples","","","","","8_Aug'26","8_Aug Week 3","whatsapp"
"8/20/2026","MCaff9224425","Product","Reacted-Acne/Pimples","Coffee Face Mask - 100 gm","MCaf46","CCM-068","DELHIVERY","8_Aug'26","8_Aug Week 3","whatsapp"
"8/1/2026","5775242","Product","Reacted-Skin Irritation","Glow Boost Grapefruit Body Scrub | Vit C Rich - 175g","MCaf381_WB","B016","DELHIVERY","8_Aug'26","8_Aug Week 1","whatsapp"
"8/1/2026","9024942","Product","Reacted-Skin Irritation","Caramel Eclairs Coffee Body Scrub","Mcaf407","AMCES-008","Blitz","8_Aug'26","8_Aug Week 1","email"
"8/2/2026","8928381","Product","Reacted-Skin Irritation","Exfoliating Caramel Crunch Body Wash - 300 ml","Mcaf397_WB","","Shadowfax","8_Aug'26","8_Aug Week 1","whatsapp"
"8/2/2026","8824339","Product","Reacted-Skin Irritation","Coffee Under Eye Cream - 15 ml","15MCaf62","B6011","DELHIVERY","8_Aug'26","8_Aug Week 1","whatsapp"
"8/2/2026","9019059","Product","Reacted-Skin Irritation","Island Fresh Triple Action Deo Body Wash","Mcaf409_WB","AMIDW-014","DELHIVERY","8_Aug'26","8_Aug Week 1","whatsapp"
"8/3/2026","MCaff9071169","Product","Reacted-Skin Irritation","Summer Breeze Perfume Body Lotion - 300ml","MCaf371","","DELHIVERY","8_Aug'26","8_Aug Week 1","whatsapp"
"8/4/2026","MCaff8717441","Product","Reacted-Skin Irritation","By the Blues Brightening Perfume Body Lotion - 300ml","MCaf401","ENGA6040","Shadowfax","8_Aug'26","8_Aug Week 1","instagram"
"8/5/2026","MCaff9015190","Product","Reacted-Skin Irritation","Take A Dip Triple-Action Deo Body Wash 250ml","Mcaf408_WB","AMTDW-182","DELHIVERY","8_Aug'26","8_Aug Week 1","whatsapp"
"8/5/2026","Fien2775120","Product","Reacted-Skin Irritation","Exfoliating Caramel Crunch Body Wash - 300 ml","Mcaf397_WB","","","8_Aug'26","8_Aug Week 1","whatsapp"
"8/6/2026","ECOMMERCE","Product","Reacted-Skin Irritation","Exfoliating Caramel Crunch Body Wash - 300 ml","Mcaf397_WB","DNGC6034","","8_Aug'26","8_Aug Week 1","whatsapp"
"8/7/2026","MCaff9113060","Product","Reacted-Skin Irritation","Summer Breeze Perfume Body Lotion - 300ml","MCaf371","BB016","DELHIVERY","8_Aug'26","8_Aug Week 1","whatsapp"
"8/7/2026","Fien2762200","Product","Reacted-Skin Irritation","Take A Dip Triple-Action Deo Body Wash 250ml","Mcaf408_WB","AMT0W-305","Shadowfax","8_Aug'26","8_Aug Week 1","email"
"8/7/2026","MCaff9117061","Product","Reacted-Skin Irritation","Sweet Escape Perfume Body Lotion - 300ml","MCaf370","","DELHIVERY","8_Aug'26","8_Aug Week 1","whatsapp"
"8/8/2026","MCaff9085667","Product","Reacted-Skin Irritation","5% AHA Underarm Roll On with Coffee - 50ml","Mcaf278","B006","DELHIVERY","8_Aug'26","8_Aug Week 2","whatsapp"
"8/8/2026","MCaff9105810","Product","Reacted-Skin Irritation","Brightening Body Wash | 5% Niacinamide & Raspberry Extracts (300ml)","MCaf383_WB","ENGG6035","DELHIVERY","8_Aug'26","8_Aug Week 2","whatsapp"
"8/10/2026","MCaff7800090_1","Product","Reacted-Skin Irritation","Super Glow Flash Facial 25% AHA+BHA+PHA Face Mask - 50gm","mcaf375","","","8_Aug'26","8_Aug Week 2","email"
"8/12/2026","Fien2862660","Product","Reacted-Skin Irritation","Take A Dip Triple-Action Deo Body Wash 250ml","Mcaf408_WB","AMTDW-203","DELHIVERY","8_Aug'26","8_Aug Week 2","whatsapp"
"8/12/2026","MCaff9092745","Product","Reacted-Skin Irritation","5% AHA Underarm Roll On with Coffee - 50ml","Mcaf278","B006","DELHIVERY","8_Aug'26","8_Aug Week 2","whatsapp"
"8/12/2026","MCaff9084637","Product","Reacted-Skin Irritation","Super Glow Flash Facial 25% AHA+BHA+PHA Face Mask - 50gm","mcaf375","","Shadowfax","8_Aug'26","8_Aug Week 2","whatsapp"
"8/13/2026","MCaff9125078","Product","Reacted-Skin Irritation","Berries Brightening Coffee Face Scrub - 75 gm","MCaf369","","","8_Aug'26","8_Aug Week 2","whatsapp"
"8/14/2026","MCaff8904163","Product","Reacted-Skin Irritation","Caramel Eclairs Coffee Body Scrub","Mcaf407","BB020","Blue Dart","8_Aug'26","8_Aug Week 2","whatsapp"
"8/13/2026","MCaff9174478","Product","Reacted-Skin Irritation","Take A Dip Triple-Action Deo Body Wash 250ml","Mcaf408_WB","AMTDW-178","DELHIVERY","8_Aug'26","8_Aug Week 2","whatsapp"
"8/14/2026","MCaff9189359","Product","Reacted-Skin Irritation","Coffee Face Mask - 100 gm","MCaf46","CCM-068","DELHIVERY","8_Aug'26","8_Aug Week 2","whatsapp"
"8/16/2026","MCaff9037079","Product","Reacted-Skin Irritation","Cherry Wine Perfume for Women - Citrus Sweet - 100ml","MCaf354","MCAF354-C-002","Blue Dart","8_Aug'26","8_Aug Week 3","whatsapp"
"8/18/2026","MCaff9068971","Product","Reacted-Skin Irritation","Brightening Face Wash - 1% Kojic Acid & Glutathione","MCaf299","not available","Shadowfax","8_Aug'26","8_Aug Week 3","whatsapp"
"8/20/2026","MCaff9056261","Product","Reacted-Skin Irritation","10% Magnesium Body Lotion - 300ml","Mcaf398","CNGD6007","Blue Dart","8_Aug'26","8_Aug Week 3","whatsapp"
"8/20/2026","MCaff9282516","Product","Reacted-Skin Irritation","Detan & Oil Control Coffee Sunscreen SPF 50 PA++++ 50 ml","mcaf145_N","NK760529","Pikndel","8_Aug'26","8_Aug Week 3","email"
"8/20/2026","MCaff8962987","Product","Reacted-Skin Irritation","","","","DELHIVERY","8_Aug'26","8_Aug Week 3","whatsapp"
"8/20/2026","MCaff9194281","Product","Reacted-Skin Irritation","Brightening Raspberry Body Scrub | Vit C Rich - 175g","MCaf382_WB","","DELHIVERY","8_Aug'26","8_Aug Week 3","whatsapp"
"8/20/2026","MCaff9194281","Product","Reacted-Skin Irritation","Brightening Raspberry Body Scrub | Vit C Rich - 175g","MCaf382_WB","","DELHIVERY","8_Aug'26","8_Aug Week 3","whatsapp"
"8/20/2026","MCaff9185860","Product","Reacted-Skin Irritation","Brightening Face Wash - 1% Kojic Acid & Glutathione","MCaf299","SMC250028","DELHIVERY","8_Aug'26","8_Aug Week 3","whatsapp"
"8/20/2026","MCaff9241442","Product","Reacted-Skin Irritation","Brightening Sunscreen for Dark Spots - SPF 50 PA ++++","MCaf302","57C2607A8","DELHIVERY","8_Aug'26","8_Aug Week 3","email"
"8/20/2026","MCaff9037079","Product","Reacted-Skin Irritation","","","","Blue Dart","8_Aug'26","8_Aug Week 3","whatsapp"
"8/21/2026","MCaff9156579","Product","Reacted-Skin Irritation","Anti-Ageing Night Cream with Black Tea Complex - 50 ml","MCaf259","AMBNC-003","DELHIVERY","8_Aug'26","8_Aug Week 3","whatsapp"
"8/4/2026","9036490","Product","Texture Issue","Exfoliating Caramel Crunch Body Wash - 300 ml","Mcaf397_WB","","Xpressbees","8_Aug'26","8_Aug Week 1","whatsapp"
"8/5/2026","9036490","Product","Texture Issue","Exfoliating Caramel Crunch Body Wash - 300 ml","Mcaf397_WB","DNGC6004","","8_Aug'26","8_Aug Week 1","whatsapp"
"8/19/2026","MCaff9049714","Product","Texture Issue","Coffee Body Scrub - 100 g","MCaf40","MCBS-1155","DELHIVERY","8_Aug'26","8_Aug Week 3","whatsapp"
"8/10/2026","MCaff9162319","Product","Texture issue","Guava Tini De-Tan Body Wash - 300 ml","Mcaf396_WB","","Shadowfax","8_Aug'26","8_Aug Week 2","whatsapp"
"8/23/2026","MCaff9215299","Product","Texture Issue","Coffee Hydrogel Under Eye Patches with Caffeine & HA - 15 Pairs","15MCaf177","","ElasticRun","8_Aug'26","8_Aug Week 4","whatsapp"
"8/24/2026","MCaff9222186","Product","Fragrance not long-lasting","Take A Dip Triple-Action Deo Body Wash 250ml","Mcaf408_WB","","Shadowfax","8_Aug'26","8_Aug Week 4","whatsapp"
"8/23/2026","MCaff9197983","Product","Fragrance not long-lasting","Take A Dip Triple-Action Deo Body Wash 250ml","Mcaf408_WB","","Shadowfax","8_Aug'26","8_Aug Week 4","whatsapp"
"8/19/2026","MCaff9246853","Product","Reacted-Skin Irritation","Summer Breeze Perfume Body Lotion - 300ml","MCaf371","BBL-31","DELHIVERY","8_Aug'26","8_Aug Week 3","email"
"8/24/2026","MCaff9141850","Product","Fragrance not long-lasting","Sweet Escape Perfume Body Lotion - 300ml","MCaf370","","Shadowfax","8_Aug'26","8_Aug Week 4","whatsapp"
"8/23/2026","MCaff9077140","Product","Disatisfied-Smell","Sweet Escape Perfume Body Lotion - 300ml","MCaf370","MCF W-66","DELHIVERY","8_Aug'26","8_Aug Week 4","instagram"
"8/22/2026","MCaff9241442","Product","Reacted-Skin Irritation","Brightening Face Wash - 1% Kojic Acid & Glutathione","MCaf299","57C2607A8","DELHIVERY","8_Aug'26","8_Aug Week 4","email"
"8/22/2026","MCaff9169391","Product","Fragrance not long-lasting","1% Kojic Acid & Glutathione Guava Fizz Soap - 300g (3x100g)","3MCaf394","NAK6049R","DELHIVERY","8_Aug'26","8_Aug Week 4","whatsapp"
"8/22/2026","MCaff9256720","Product","Reacted-Skin Irritation","Guava Tini De-Tan Body Scrub 175g","MCFMUBX0418F0100","","DELHIVERY","8_Aug'26","8_Aug Week 4","whatsapp"
"8/22/2026","FIEN2927440","Product","Product Not Effective","","","","","8_Aug'26","8_Aug Week 4","whatsapp"
"8/24/2026","MCaff9084960","Product","Fragrance not long-lasting","Sweet Escape Perfume Body Lotion - 300ml","MCaf370","","Shadowfax","8_Aug'26","8_Aug Week 4","whatsapp"
"8/23/2026","ECOMMERCE","Product","Disatisfied-Smell","Exfoliating Coffee Bathing Soap for Tan Removal - 75g - Natural & 100% Vegan","MCaf165","A/EC2605","","8_Aug'26","8_Aug Week 4","whatsapp"
"8/23/2026","MCaff9282805","Product","Change in Smell","Sweet Escape Perfume Body Lotion - 300ml","MCaf370","AMSEL-349","DELHIVERY","8_Aug'26","8_Aug Week 4","whatsapp"
"8/21/2026","MCaff9092989","Product","Others","","","","Shadowfax","8_Aug'26","8_Aug Week 3","whatsapp"
"8/20/2026","MCaff8898149","Product","Others","Coffee Face Wash - 100 ml","MCaf41","","DELHIVERY","8_Aug'26","8_Aug Week 3","whatsapp"
"8/20/2026","MCaff9247613","Product","Others","","","","DTDC","8_Aug'26","8_Aug Week 3","whatsapp"
"8/20/2026","Fien2858550","Product","Others","","","","Xpressbees","8_Aug'26","8_Aug Week 3","whatsapp"
"8/20/2026","MCaff9274843","Product","Others","","","","Xpressbees","8_Aug'26","8_Aug Week 3","whatsapp"
"8/20/2026","N/A","Product","Others","","","","DELHIVERY","8_Aug'26","8_Aug Week 3","whatsapp"
"8/19/2026","MCaff9239996","Product","Others","","","","DELHIVERY","8_Aug'26","8_Aug Week 3","whatsapp"
"8/19/2026","MCaff9285163","Product","Others","","","","Shadowfax","8_Aug'26","8_Aug Week 3","whatsapp"
"8/19/2026","N/A","Product","Others","","","","Shadowfax","8_Aug'26","8_Aug Week 3","whatsapp"
"8/21/2026","MCaff9191128","Product","Disatisfied-Smell","","","","","8_Aug'26","8_Aug Week 3","whatsapp"
"8/20/2026","MCaff9056863","Product","Product Not Effective","","","","","8_Aug'26","8_Aug Week 3","whatsapp"
"8/20/2026","MCaff9261718","Product","Change in color","","","","","8_Aug'26","8_Aug Week 3","whatsapp"
"8/20/2026","N/A","Product","Change in Smell","","","","","8_Aug'26","8_Aug Week 3","whatsapp"
"8/20/2026","MCaff8872606","Product","Fragrance not long-lasting","","","","","8_Aug'26","8_Aug Week 3","whatsapp"
"8/20/2026","N/A","Product","Fragrance not long-lasting","","","","","8_Aug'26","8_Aug Week 3","whatsapp"
"8/20/2026","MCaff9234299","Product","Product Not Effective","","","","","8_Aug'26","8_Aug Week 3","whatsapp"
"8/19/2026","MCaff9021477","Product","Change in Smell","","","","","8_Aug'26","8_Aug Week 3","whatsapp"
"8/19/2026","MCaff9042802","Product","Change in Smell","","","","","8_Aug'26","8_Aug Week 3","whatsapp"
"8/24/2026","MCaff9217144","Product","Fragrance not long-lasting","Take A Dip Triple-Action Deo Body Wash 250ml","Mcaf408_WB","","Shadowfax","8_Aug'26","8_Aug Week 4","whatsapp"
"8/23/2026","MCaff9210776","Product","Others","Coconut Water Coffee Sheet Mask - 20g each","Mcaf171","","Shadowfax","8_Aug'26","8_Aug Week 4","whatsapp"
"8/24/2026","MCaff9089049","Product","Reacted-Acne/Pimples","Guava Tini De-Tan Body Wash - 300 ml","Mcaf396_WB","","DELHIVERY","8_Aug'26","8_Aug Week 4","whatsapp"
"8/24/2026","MCaff9103685","Product","Fragrance not long-lasting","Sweet Escape Perfume Body Lotion - 300ml","MCaf370","","DELHIVERY","8_Aug'26","8_Aug Week 4","whatsapp"
"8/24/2026","MCaff9250515","Product","Product Not Effective","High Shine Perfector Hair Spray","Mcaf406","ANAK?E062","DELHIVERY","8_Aug'26","8_Aug Week 4","email"
"8/24/2026","MCaff9136890","Product","Fragrance not long-lasting","1% Salicylic & Lactic Acid Caramel Crunch Soap - 300g (3x100g)","3MCaf395","AMSEL-426","DELHIVERY","8_Aug'26","8_Aug Week 4","whatsapp"
"8/25/2026","MCaff9124778","Product","Fragrance not long-lasting","Sweet Escape Perfume Body Lotion - 300ml","MCaf370","","DELHIVERY","8_Aug'26","8_Aug Week 4","whatsapp"
"8/25/2026","MCaff9073139","Product","Others","High Shine Glossing Shampoo","Mcaf404","ANAK6087","Shadowfax","8_Aug'26","8_Aug Week 4","whatsapp"
"8/25/2026","MCaff9228974","Product","Texture Issue","Coffee Body Scrub - 100 g","MCaf40","MCBS-1012","DELHIVERY","8_Aug'26","8_Aug Week 4","whatsapp"
"8/25/2026","MCaff9203898","Product","Disatisfied-Smell","","","MCB2-1100","DELHIVERY","8_Aug'26","8_Aug Week 4","whatsapp"
"8/24/2026","MCaff9118656","Product","Reacted-Acne/Pimples","Take A Dip Triple-Action Deo Body Wash 250ml","Mcaf408_WB","","DELHIVERY","8_Aug'26","8_Aug Week 4","whatsapp"
"8/27/2026","MCaff9099926","Product","Reacted-Acne/Pimples","Take A Dip Triple-Action Deo Body Wash 250ml","Mcaf408_WB","AMTDW-151","Shadowfax","8_Aug'26","8_Aug Week 4","whatsapp"
"8/26/2026","MCaff9171242","Product","Others","Fierce Perfume for Men - Citrusy Scent - 100ml","MCaf350","","","8_Aug'26","8_Aug Week 4","whatsapp"
"8/26/2026","MCaff9247965","Product","Product Not Effective","Guava Tini De-Tan Body Wash - 300 ml","Mcaf396_WB","AMGTB-267","ElasticRun","8_Aug'26","8_Aug Week 4","whatsapp"
"8/26/2026","MCaff9261284","Product","Fragrance not long-lasting","Guava Tini De-Tan Body Wash - 300 ml","Mcaf396_WB","","DELHIVERY","8_Aug'26","8_Aug Week 4","whatsapp"
"8/26/2026","ECOMMERCE","Product","Fragrance not long-lasting","Green Tea & 1% BHA-Salicylic Acid Body Wash- 200 ml","MCaf211_WB","","","8_Aug'26","8_Aug Week 4","instagram"
"8/26/2026","MCaff9252280","Product","Disatisfied-Smell","Summer Breeze Perfume Body Lotion - 300ml","MCaf371","","ElasticRun","8_Aug'26","8_Aug Week 4","whatsapp"
"8/26/2026","MCaff9278038","Product","Others","Glow Smoothie Forest Dew Perfume Body Lotion 275ml","","ENGL6009","DELHIVERY","8_Aug'26","8_Aug Week 4","whatsapp"
"8/24/2026","MCaff9244360","Product","Disatisfied-Smell","Cherry Wine,Bite Of Desire","","MCaf354-C002, MCaf393-C001","DELHIVERY","8_Aug'26","8_Aug Week 4","email"
"8/26/2026","MCaff9145262","Product","Fragrance not long-lasting","Caramel Crunch Exfoliating Body Wash","","","DELHIVERY","8_Aug'26","8_Aug Week 4","whatsapp"
"8/26/2026","MCaff9234062","Product","Others","","","","DELHIVERY","8_Aug'26","8_Aug Week 4","whatsapp"
"8/26/2026","MCaff9099174","Product","Fragrance not long-lasting","Guava Fizz De-Tan Soap","","A/GF2601","DELHIVERY","8_Aug'26","8_Aug Week 4","whatsapp"
"8/26/2026","MCaff9295013","Product","Product Not Effective","High Shine Perfector Hair Spray","Mcaf406","Dry070_N","DELHIVERY","8_Aug'26","8_Aug Week 4","whatsapp"
"8/26/2026","MCaff9256323","Product","Product Not Effective","","","ANAK6091","Shadowfax","8_Aug'26","8_Aug Week 4","instagram"
"8/24/2026","MCaff9213485","Product","Fragrance not long-lasting","","","","DELHIVERY","8_Aug'26","8_Aug Week 4","email"
"8/25/2026","MCaff9097766","Product","Disatisfied-Smell","Take A Dip Triple-Action Deo Body Wash 250ml","Mcaf408_WB","","Shadowfax","8_Aug'26","8_Aug Week 4","whatsapp"
"8/25/2026","MCaff9156556","Product","Fragrance not long-lasting","By The Blues Perfume Body Lotion","","","Blue Dart","8_Aug'26","8_Aug Week 4","whatsapp"
"8/25/2026","MCaff9110530","Product","Reacted-Skin Irritation","Brightening Raspberry Rush Body Wash","25SmCaf383_WB","AMTDW-194, ENGG6031","DELHIVERY","8_Aug'26","8_Aug Week 4","whatsapp"
"8/25/2026","MCaff8819812","Product","Reacted-Skin Irritation","Naked & Raw Coffee Face Scrub(100g),CLEAR GLOW 1% Kojic Acid & Alpha Arbutin Daily Brightening Sunscreen","","","DELHIVERY","8_Aug'26","8_Aug Week 4","email"
"8/25/2026","Fien2730310","Product","Fragrance not long-lasting","Take A Dip Triple-Action Deo Body Wash 250ml","Mcaf408_WB","","DELHIVERY","8_Aug'26","8_Aug Week 4","whatsapp"
"8/25/2026","ECOMMERCE","Product","Fragrance not long-lasting","body wash","","","","8_Aug'26","8_Aug Week 4","whatsapp"
"8/25/2026","MCaff9220331","Product","Fragrance not long-lasting","Island Fresh Triple-Action Deo Body Wash 250ml","","","DELHIVERY","8_Aug'26","8_Aug Week 4","whatsapp"
"8/25/2026","MCaff9256255","Product","Fragrance not long-lasting","Blueberry Breeze Body Scrub,Sweet Escape Perfume Body Lotion","","","Shadowfax","8_Aug'26","8_Aug Week 4","whatsapp"
"8/25/2026","MCaff9295902","Product","Product Not Effective","Super Glow Flash Facial Mask","","NAK6043F","Blitz","8_Aug'26","8_Aug Week 4","whatsapp"
"8/24/2026","MCaff9278084","Product","Reacted-Acne/Pimples","By the Blues Brightening Perfume Body Lotion - 300ml","MCaf401","","Shadowfax","8_Aug'26","8_Aug Week 4","whatsapp"
"8/25/2026","MCaff9294707","Product","Disatisfied-Smell","Rush","","B MRW 005","Pikndel","8_Aug'26","8_Aug Week 4","whatsapp"
"8/25/2026","MCaff9066082","Product","Fragrance not long-lasting","Cherry Wine","","","DELHIVERY","8_Aug'26","8_Aug Week 4","whatsapp"
"8/27/2026","MCaff9254873","Product","Reacted-Skin Irritation","Naked and Raw Coffee Body Scrub 100g,Take A Dip Triple-Action Deo Body Wash 250ml","","MCBS-1079","DELHIVERY","8_Aug'26","8_Aug Week 4","whatsapp"
"8/27/2026","MCaff9157932","Product","Fragrance not long-lasting","Summer Breeze Perfume Body Lotion,By The Blues Perfume Body Lotion","","","Shadowfax","8_Aug'26","8_Aug Week 4","whatsapp"
"8/27/2026","MCaff9209496","Product","Reacted-Skin Irritation","","","AMTDW-224","DELHIVERY","8_Aug'26","8_Aug Week 4","whatsapp"
"8/27/2026","MCaff9138582","Product","Product Not Effective","ADVANCED HAIR FALL CONTROL CAFFEXIL CONDITIONER","","PT6D004","DELHIVERY","8_Aug'26","8_Aug Week 4","whatsapp"
"8/26/2026","MCaff9006885","Product","Product Not Effective","","","ANAK6080","Xpressbees","8_Aug'26","8_Aug Week 4","instagram"
"8/27/2026","MCaff9241954","Product","Fragrance not long-lasting","Take A Dip Triple-Action Deo Body Wash 250ml","Mcaf408_WB","AMTDW-218","DELHIVERY","8_Aug'26","8_Aug Week 4","liveChat"
"8/27/2026","MCaff9281339","Product","Fragrance not long-lasting","Guava Tini De-Tan Body Wash","","AMGTB-465","DELHIVERY","8_Aug'26","8_Aug Week 4","whatsapp"
"8/27/2026","MCaff9238490","Product","Product Not Effective","","","","Shadowfax","8_Aug'26","8_Aug Week 4","whatsapp"
"8/27/2026","MCaff9261190","Product","Reacted-Skin Irritation","Take A Dip Triple-Action Deo Body Wash 250ml,By The Blues Perfume Body Lotion","","AMBBL-001","DELHIVERY","8_Aug'26","8_Aug Week 4","whatsapp"
"8/27/2026","ECOMMERCE","Product","Fragrance not long-lasting","Bite of Desire Perfume for Women Vanilla Lavender","","","","8_Aug'26","8_Aug Week 4","liveChat"
"8/27/2026","MCaff9261828","Product","Presence of foreign particles(Hair/glass/pins)","Take A Dip Triple-Action Deo Body Wash 250ml","Mcaf408_WB","AMTDW-222","DELHIVERY","8_Aug'26","8_Aug Week 4","whatsapp"
"8/27/2026","MCaff9272181","Product","Fragrance not long-lasting","By The Blues Perfume Body Lotion","","","DELHIVERY","8_Aug'26","8_Aug Week 4","whatsapp"
"8/27/2026","MCaff9258367","Product","Fragrance not long-lasting","Take A Dip Triple-Action Deo Body Wash 250ml","Mcaf408_WB","","DELHIVERY","8_Aug'26","8_Aug Week 4","whatsapp"
"8/27/2026","MCaff9281329","Product","Reacted-Skin Irritation","CLEAR GLOW 1% Kojic Acid & Alpha Arbutin Daily Brightening Sunscreen","","","Blitz","8_Aug'26","8_Aug Week 4","whatsapp"
"8/27/2026","MCaff9257506","Product","Fragrance not long-lasting","By The Blues Perfume Body Lotion","","","DELHIVERY","8_Aug'26","8_Aug Week 4","whatsapp"
"8/27/2026","MCaff9254873","Product","Reacted-Skin Irritation","Blueberry blast body wash Without Box 300ml","","","","8_Aug'26","8_Aug Week 4","whatsapp"
"8/28/2026","MCaff9156688","Product","Product Not Effective","Guava Tini De-Tan Body Wash","","AMGTB-405","DELHIVERY","8_Aug'26","8_Aug Week 4","whatsapp"
"8/27/2026","ECOMMERCE","Product","Disatisfied-Smell","mCaffeine Coffee Body Scrub with Coconut (100 g / 3.5 oz)","","MCB5-1161","","8_Aug'26","8_Aug Week 4","email"
"8/28/2026","MCaff9176862","Product","Fragrance not long-lasting","Sweet Escape Perfume Body Lotion,Guava Tini De-Tan Body Wash,By The Blues Perfume Body Lotion,Take A Dip Triple-Action Deo Body Wash 250ml","","","DELHIVERY","8_Aug'26","8_Aug Week 4","whatsapp"
"8/28/2026","ECOMMERCE","Product","Reacted-Skin Irritation","Guava De-Tan Body Wash 300 ml","","","","8_Aug'26","8_Aug Week 4","whatsapp"
"8/28/2026","MCaff9156029","Product","Fragrance not long-lasting","Blueberry Swirl Serum Body Lotion","","","Shadowfax","8_Aug'26","8_Aug Week 4","whatsapp"
"8/28/2026","MCaff9288599","Product","Fragrance not long-lasting","Take A Dip Triple-Action Deo Body Wash 250ml","Mcaf408_WB","AMTDW-210","DELHIVERY","8_Aug'26","8_Aug Week 4","whatsapp"
"8/28/2026","MCaff9293598","Product","Product Not Effective","","","","DELHIVERY","8_Aug'26","8_Aug Week 4","whatsapp"
"8/28/2026","MCaff9292569","Product","Fragrance not long-lasting","Sweet Escape Perfume Body Lotion","","","DELHIVERY","8_Aug'26","8_Aug Week 4","whatsapp"
"8/28/2026","MCaff9136762","Product","Product Not Effective","Guava Tini De-Tan Body Wash","","AMGTB-443","DELHIVERY","8_Aug'26","8_Aug Week 4","whatsapp"
"8/28/2026","MCaff9216095","Product","Reacted-Skin Irritation","Black Tea Complex Night Cream - 50ml","","","DELHIVERY","8_Aug'26","8_Aug Week 4","liveChat"
"8/28/2026","MCaff9282324","Product","Fragrance not long-lasting","By The Blues Perfume Body Lotion","","","DELHIVERY","8_Aug'26","8_Aug Week 4","whatsapp"
"8/28/2026","MCaff9189992","Product","Product Not Effective","High Shine Perfector Hair Spray,ADVANCED HAIR FALL CONTROL CAFFEXIL CONDITIONER","","PT6D004","","8_Aug'26","8_Aug Week 4","whatsapp"
"8/18/2026","MCaff9234584","Product","Disatisfied-Smell","Summer Breeze Perfume Body Lotion","","ENGE6020","Blue Dart","8_Aug'26","8_Aug Week 3","instagram"
"8/28/2026","ECOMMERCE","Product","Change in Smell","Coffee Body Scrub with Coconut (100 g / 3.5 oz)","","MCB5-1161","","8_Aug'26","8_Aug Week 4","email"
"8/28/2026","MCaff9282969","Product","Fragrance not long-lasting","Take A Dip Triple-Action Deo Body Wash 250ml","Mcaf408_WB","","Shadowfax","8_Aug'26","8_Aug Week 4","whatsapp"
"8/13/2026","MCaff9014768","Product","Others","","","","","8_Aug'26","8_Aug Week 2","whatsapp"
"8/29/2026","MCaff9073446","Product","Reacted-Skin Irritation","Guava Tini De-Tan Body Wash","","","Shadowfax","8_Aug'26","8_Aug Week 5","whatsapp"
"8/29/2026","MCaff8798455","Product","Others","","","","","8_Aug'26","8_Aug Week 5","whatsapp"
"8/28/2026","MCaff9250515","Product","Product Not Effective","High Shine Perfector Hair Spray","Mcaf406","ANAK?E062","DELHIVERY","8_Aug'26","8_Aug Week 4","email"
"8/27/2026","MCaff9275708","Product","Reacted-Skin Irritation","Guava Tini De-Tan Body Wash,By The Blues Brightening Body Scrub 175g","","AUG18-372; AHB32-005","DELHIVERY","8_Aug'26","8_Aug Week 4","email"
"8/28/2026","MCaff9308621","Product","Product Not Effective","High Shine Glossing Shampoo,High Shine Intensifier Conditioner","","32","Pikndel","8_Aug'26","8_Aug Week 4","email"
"8/29/2026","MCaff9165732","Product","Fragrance not long-lasting","Midnight in Bombay,Bite Of Desire","","","DELHIVERY","8_Aug'26","8_Aug Week 5","whatsapp"
"8/29/2026","MCaff9185536","Product","Product Not Effective","High Shine Perfector Hair Spray","Mcaf406","ANAK6081","Pikndel","8_Aug'26","8_Aug Week 5","whatsapp"
